{
  "id": "66210e0e8095cc3f7f894846",
  "datasetId": "66210e0c0b653c71684ff7a3",
  "url": "https://gate.dataloop.ai/api/v1/items/66210e0e8095cc3f7f894846",
  "dataset": "https://gate.dataloop.ai/api/v1/datasets/66210e0c0b653c71684ff7a3",
  "createdAt": "2024-04-18T12:11:56.514Z",
  "dir": "/part0",
  "filename": "/part0/ezgif-frame-176.jpg",
  "type": "file",
  "hidden": false,
  "metadata": {
    "system": {
      "channels": 3,
      "encoding": "7bit",
      "height": 1080,
      "isBinary": true,
      "mimetype": "image/jpeg",
      "modalities": [],
      "originalname": "ezgif-frame-176.jpg",
      "refs": [],
      "size": 53911,
      "taskStatusLog": [],
      "thumbnailId": "66210e108095cc73df8949e0",
      "width": 1920
    }
  },
  "name": "ezgif-frame-176.jpg",
  "creator": "kim.lichtenberg@wearetriple.com",
  "updatedAt": "2024-04-18T12:12:30.170Z",
  "updatedBy": "rubiks@dataloop.ai",
  "stream": "https://gate.dataloop.ai/api/v1/items/66210e0e8095cc3f7f894846/stream",
  "thumbnail": "https://gate.dataloop.ai/api/v1/items/66210e0e8095cc3f7f894846/thumbnail",
  "annotations": [
    {
      "id": "66210e218095cc0008895461",
      "datasetId": "66210e0c0b653c71684ff7a3",
      "itemId": "66210e0e8095cc3f7f894846",
      "url": "https://gate.dataloop.ai/api/v1/annotations/66210e218095cc0008895461",
      "item": "https://gate.dataloop.ai/api/v1/items/66210e0e8095cc3f7f894846",
      "dataset": "https://gate.dataloop.ai/api/v1/datasets/66210e0c0b653c71684ff7a3",
      "srcAnnotation": "6620fda9088a99f0f4d3b3eb",
      "type": "box",
      "label": "goal-bottom-left",
      "attributes": [],
      "coordinates": [
        {
          "x": 509.6575499411782,
          "y": 381.4565014530996,
          "z": 0
        },
        {
          "x": 809.6985093834538,
          "y": 529.2578851140381,
          "z": 0
        }
      ],
      "metadata": {
        "system": {
          "attributes": {},
          "automated": false,
          "clientId": "7645fc7f-0586-41a2-80d4-50e341909a8c",
          "coordinateVersion": "v2",
          "endFrame": 0,
          "endTime": 0,
          "frame": 0,
          "itemLinks": [],
          "objectId": "4",
          "openAnnotationVersion": "1.75.0-prod.1",
          "plottingParams": {},
          "recipeId": "6620cb3bf7dd129c3fb8e289",
          "snapshots_": [],
          "startTime": 0,
          "system": false
        },
        "user": {}
      },
      "creator": "kim.lichtenberg@wearetriple.com",
      "createdAt": "2024-04-18T12:12:17.507Z",
      "updatedBy": "kim.lichtenberg@wearetriple.com",
      "updatedAt": "2024-04-18T12:12:17.507Z",
      "hash": "f97a1be482bf6fd4ddec3570736370656dc94566",
      "source": "ui"
    },
    {
      "id": "66210e218095cc0aba89546a",
      "datasetId": "66210e0c0b653c71684ff7a3",
      "itemId": "66210e0e8095cc3f7f894846",
      "url": "https://gate.dataloop.ai/api/v1/annotations/66210e218095cc0aba89546a",
      "item": "https://gate.dataloop.ai/api/v1/items/66210e0e8095cc3f7f894846",
      "dataset": "https://gate.dataloop.ai/api/v1/datasets/66210e0c0b653c71684ff7a3",
      "srcAnnotation": "6620fdfbc7f0344e901a97b5",
      "type": "box",
      "label": "goalkeeper",
      "attributes": [],
      "coordinates": [
        {
          "x": 903.77,
          "y": 294.81,
          "z": 0
        },
        {
          "x": 1029.24,
          "y": 534.4300000000001,
          "z": 0
        }
      ],
      "metadata": {
        "system": {
          "attributes": {},
          "automated": false,
          "clientId": "954880c4-cacf-4aa5-b253-e4b6a873d676",
          "coordinateVersion": "v2",
          "endFrame": 0,
          "endTime": 0,
          "frame": 0,
          "itemLinks": [],
          "objectId": "8",
          "openAnnotationVersion": "1.75.0-prod.1",
          "recipeId": "6620cb3bf7dd129c3fb8e289",
          "snapshots_": [],
          "startTime": 0,
          "system": false
        },
        "user": {}
      },
      "creator": "kim.lichtenberg@wearetriple.com",
      "createdAt": "2024-04-18T12:12:17.637Z",
      "updatedBy": "kim.lichtenberg@wearetriple.com",
      "updatedAt": "2024-04-18T12:12:17.637Z",
      "hash": "e96b3c231b584e5e2a847ee0909553cab4f43296",
      "source": "ui"
    },
    {
      "id": "66210e218095cc2729895459",
      "datasetId": "66210e0c0b653c71684ff7a3",
      "itemId": "66210e0e8095cc3f7f894846",
      "url": "https://gate.dataloop.ai/api/v1/annotations/66210e218095cc2729895459",
      "item": "https://gate.dataloop.ai/api/v1/items/66210e0e8095cc3f7f894846",
      "dataset": "https://gate.dataloop.ai/api/v1/datasets/66210e0c0b653c71684ff7a3",
      "srcAnnotation": "6620fd96088a991083d3b3e0",
      "type": "box",
      "label": "goal-middle-up",
      "attributes": [],
      "coordinates": [
        {
          "x": 810.1311204331535,
          "y": 233.400564430087,
          "z": 0
        },
        {
          "x": 1109.6152633201598,
          "y": 381.20194809102566,
          "z": 0
        }
      ],
      "metadata": {
        "system": {
          "attributes": {},
          "automated": false,
          "clientId": "811652ea-a1a2-4cca-a18c-f0c42961b2b7",
          "coordinateVersion": "v2",
          "endFrame": 0,
          "endTime": 0,
          "frame": 0,
          "isOnlyLocal": false,
          "isOpen": false,
          "itemLinks": [],
          "objectId": "2",
          "openAnnotationVersion": "1.75.0-prod.1",
          "plottingParams": {},
          "recipeId": "6620cb3bf7dd129c3fb8e289",
          "snapshots_": [],
          "startTime": 0,
          "system": false
        },
        "user": {}
      },
      "creator": "kim.lichtenberg@wearetriple.com",
      "createdAt": "2024-04-18T12:12:17.387Z",
      "updatedBy": "kim.lichtenberg@wearetriple.com",
      "updatedAt": "2024-04-18T12:12:17.387Z",
      "hash": "6d79d8a7ffa56a10b29fd26381ebaa76b9f22e50",
      "source": "ui"
    },
    {
      "id": "66210e218095cc2e7989547a",
      "datasetId": "66210e0c0b653c71684ff7a3",
      "itemId": "66210e0e8095cc3f7f894846",
      "url": "https://gate.dataloop.ai/api/v1/annotations/66210e218095cc2e7989547a",
      "item": "https://gate.dataloop.ai/api/v1/items/66210e0e8095cc3f7f894846",
      "dataset": "https://gate.dataloop.ai/api/v1/datasets/66210e0c0b653c71684ff7a3",
      "srcAnnotation": "6620fdfbc7f034e3151a97b7",
      "type": "box",
      "label": "football",
      "attributes": [],
      "coordinates": [
        {
          "x": 932.08,
          "y": 725,
          "z": 0
        },
        {
          "x": 992.46,
          "y": 771.23,
          "z": 0
        }
      ],
      "metadata": {
        "system": {
          "attributes": {},
          "automated": false,
          "clientId": "35a6342f-c448-4307-a6b6-8ee24d18d494",
          "coordinateVersion": "v2",
          "endFrame": 0,
          "endTime": 0,
          "frame": 0,
          "itemLinks": [],
          "objectId": "11",
          "openAnnotationVersion": "1.75.0-prod.1",
          "recipeId": "6620cb3bf7dd129c3fb8e289",
          "snapshots_": [],
          "startTime": 0,
          "system": false
        },
        "user": {}
      },
      "creator": "kim.lichtenberg@wearetriple.com",
      "createdAt": "2024-04-18T12:12:17.886Z",
      "updatedBy": "kim.lichtenberg@wearetriple.com",
      "updatedAt": "2024-04-18T12:12:17.886Z",
      "hash": "494046a294c626a87fc9be7624705530e709365f",
      "source": "ui"
    },
    {
      "id": "66210e218095cc3db4895466",
      "datasetId": "66210e0c0b653c71684ff7a3",
      "itemId": "66210e0e8095cc3f7f894846",
      "url": "https://gate.dataloop.ai/api/v1/annotations/66210e218095cc3db4895466",
      "item": "https://gate.dataloop.ai/api/v1/items/66210e0e8095cc3f7f894846",
      "dataset": "https://gate.dataloop.ai/api/v1/datasets/66210e0c0b653c71684ff7a3",
      "srcAnnotation": "6620fdb5a237986e8c116238",
      "type": "box",
      "label": "goal-middle-down",
      "attributes": [],
      "coordinates": [
        {
          "x": 810.062128965418,
          "y": 381.52566120113283,
          "z": 0
        },
        {
          "x": 1110.1030884076936,
          "y": 529.3270448620716,
          "z": 0
        }
      ],
      "metadata": {
        "system": {
          "attributes": {},
          "automated": false,
          "clientId": "362ca31b-4bcc-4753-a39c-1af50096f41d",
          "coordinateVersion": "v2",
          "endFrame": 0,
          "endTime": 0,
          "frame": 0,
          "itemLinks": [],
          "objectId": "5",
          "openAnnotationVersion": "1.75.0-prod.1",
          "plottingParams": {},
          "recipeId": "6620cb3bf7dd129c3fb8e289",
          "snapshots_": [],
          "startTime": 0,
          "system": false
        },
        "user": {}
      },
      "creator": "kim.lichtenberg@wearetriple.com",
      "createdAt": "2024-04-18T12:12:17.576Z",
      "updatedBy": "kim.lichtenberg@wearetriple.com",
      "updatedAt": "2024-04-18T12:12:17.576Z",
      "hash": "b5cd6b3effb19307f588fbe6a930d9e04343aff1",
      "source": "ui"
    },
    {
      "id": "66210e218095cc481189546e",
      "datasetId": "66210e0c0b653c71684ff7a3",
      "itemId": "66210e0e8095cc3f7f894846",
      "url": "https://gate.dataloop.ai/api/v1/annotations/66210e218095cc481189546e",
      "item": "https://gate.dataloop.ai/api/v1/items/66210e0e8095cc3f7f894846",
      "dataset": "https://gate.dataloop.ai/api/v1/datasets/66210e0c0b653c71684ff7a3",
      "srcAnnotation": "6620fdfbc7f034bd0c1a97b8",
      "type": "box",
      "label": "circle",
      "attributes": [],
      "coordinates": [
        {
          "x": 820.75,
          "y": 723.11,
          "z": 0
        },
        {
          "x": 1097.17,
          "y": 788.2,
          "z": 0
        }
      ],
      "metadata": {
        "system": {
          "attributes": {},
          "automated": false,
          "clientId": "2b6c5cba-d5a6-406c-a2b3-e8862682b48d",
          "coordinateVersion": "v2",
          "endFrame": 0,
          "endTime": 0,
          "frame": 0,
          "itemLinks": [],
          "objectId": "12",
          "openAnnotationVersion": "1.75.0-prod.1",
          "recipeId": "6620cb3bf7dd129c3fb8e289",
          "snapshots_": [],
          "startTime": 0,
          "system": false
        },
        "user": {}
      },
      "creator": "kim.lichtenberg@wearetriple.com",
      "createdAt": "2024-04-18T12:12:17.702Z",
      "updatedBy": "kim.lichtenberg@wearetriple.com",
      "updatedAt": "2024-04-18T12:12:17.702Z",
      "hash": "4c6fa691d81537d1bb3a69bd6a8e965113a29798",
      "source": "ui"
    },
    {
      "id": "66210e218095cc71c5895455",
      "datasetId": "66210e0c0b653c71684ff7a3",
      "itemId": "66210e0e8095cc3f7f894846",
      "url": "https://gate.dataloop.ai/api/v1/annotations/66210e218095cc71c5895455",
      "item": "https://gate.dataloop.ai/api/v1/items/66210e0e8095cc3f7f894846",
      "dataset": "https://gate.dataloop.ai/api/v1/datasets/66210e0c0b653c71684ff7a3",
      "srcAnnotation": "6620fd8272b11a9a57e0fd8f",
      "type": "box",
      "label": "goal-top-left",
      "attributes": [],
      "coordinates": [
        {
          "x": 509.7484670736494,
          "y": 233.36789275458096,
          "z": 0
        },
        {
          "x": 809.7894265159249,
          "y": 381.16927641551956,
          "z": 0
        }
      ],
      "metadata": {
        "system": {
          "attributes": {},
          "automated": false,
          "clientId": "76a2da13-6d8e-4ccb-bac7-4ba4417f2dba",
          "coordinateVersion": "v2",
          "endFrame": 0,
          "endTime": 0,
          "frame": 0,
          "itemLinks": [],
          "objectId": "1",
          "openAnnotationVersion": "1.75.0-prod.1",
          "plottingParams": {},
          "recipeId": "6620cb3bf7dd129c3fb8e289",
          "snapshots_": [],
          "startTime": 0,
          "system": false
        },
        "user": {}
      },
      "creator": "kim.lichtenberg@wearetriple.com",
      "createdAt": "2024-04-18T12:12:17.315Z",
      "updatedBy": "kim.lichtenberg@wearetriple.com",
      "updatedAt": "2024-04-18T12:12:17.315Z",
      "hash": "75e11e50769cd28eab79dd706dfaaf12a95a2b4c",
      "source": "ui"
    },
    {
      "id": "66210e218095cc9ae3895476",
      "datasetId": "66210e0c0b653c71684ff7a3",
      "itemId": "66210e0e8095cc3f7f894846",
      "url": "https://gate.dataloop.ai/api/v1/annotations/66210e218095cc9ae3895476",
      "item": "https://gate.dataloop.ai/api/v1/items/66210e0e8095cc3f7f894846",
      "dataset": "https://gate.dataloop.ai/api/v1/datasets/66210e0c0b653c71684ff7a3",
      "srcAnnotation": "6620fdfbc7f034e0a21a97b4",
      "type": "box",
      "label": "goal-bottom-right",
      "attributes": [],
      "coordinates": [
        {
          "x": 1110.1232125446336,
          "y": 381.7760335497094,
          "z": 0
        },
        {
          "x": 1410.1641719869094,
          "y": 529.577417210648,
          "z": 0
        }
      ],
      "metadata": {
        "system": {
          "attributes": {},
          "automated": false,
          "clientId": "6403d511-e8c9-4908-90eb-64ab8c67f42c",
          "coordinateVersion": "v2",
          "endFrame": 0,
          "endTime": 0,
          "frame": 0,
          "itemLinks": [],
          "objectId": "6",
          "openAnnotationVersion": "1.75.0-prod.1",
          "plottingParams": {},
          "recipeId": "6620cb3bf7dd129c3fb8e289",
          "snapshots_": [],
          "startTime": 0,
          "system": false
        },
        "user": {}
      },
      "creator": "kim.lichtenberg@wearetriple.com",
      "createdAt": "2024-04-18T12:12:17.827Z",
      "updatedBy": "kim.lichtenberg@wearetriple.com",
      "updatedAt": "2024-04-18T12:12:17.827Z",
      "hash": "c3b00f586fca7ce4ea8ba6bfdbf6e5c10af1bcdc",
      "source": "ui"
    },
    {
      "id": "66210e218095cca3fe89545d",
      "datasetId": "66210e0c0b653c71684ff7a3",
      "itemId": "66210e0e8095cc3f7f894846",
      "url": "https://gate.dataloop.ai/api/v1/annotations/66210e218095cca3fe89545d",
      "item": "https://gate.dataloop.ai/api/v1/items/66210e0e8095cc3f7f894846",
      "dataset": "https://gate.dataloop.ai/api/v1/datasets/66210e0c0b653c71684ff7a3",
      "srcAnnotation": "6620fd9fc7f03421311a9627",
      "type": "box",
      "label": "goal-top-right",
      "attributes": [],
      "coordinates": [
        {
          "x": 1109.9232072237482,
          "y": 233.5121050067239,
          "z": 0
        },
        {
          "x": 1410.2287249676674,
          "y": 381.3134886676626,
          "z": 0
        }
      ],
      "metadata": {
        "system": {
          "attributes": {},
          "automated": false,
          "clientId": "1624bdff-a293-43a0-b472-fc32fa4b31d0",
          "coordinateVersion": "v2",
          "endFrame": 0,
          "endTime": 0,
          "frame": 0,
          "itemLinks": [],
          "objectId": "3",
          "openAnnotationVersion": "1.75.0-prod.1",
          "plottingParams": {},
          "recipeId": "6620cb3bf7dd129c3fb8e289",
          "snapshots_": [],
          "startTime": 0,
          "system": false
        },
        "user": {}
      },
      "creator": "kim.lichtenberg@wearetriple.com",
      "createdAt": "2024-04-18T12:12:17.442Z",
      "updatedBy": "kim.lichtenberg@wearetriple.com",
      "updatedAt": "2024-04-18T12:12:17.442Z",
      "hash": "c6f136ccec116ad561cb92a5cbd84da0bd3dd85a",
      "source": "ui"
    },
    {
      "id": "66210e218095ccb82e895472",
      "datasetId": "66210e0c0b653c71684ff7a3",
      "itemId": "66210e0e8095cc3f7f894846",
      "url": "https://gate.dataloop.ai/api/v1/annotations/66210e218095ccb82e895472",
      "item": "https://gate.dataloop.ai/api/v1/items/66210e0e8095cc3f7f894846",
      "dataset": "https://gate.dataloop.ai/api/v1/datasets/66210e0c0b653c71684ff7a3",
      "srcAnnotation": "6620fdfbc7f034c4cc1a97b6",
      "type": "box",
      "label": "player",
      "attributes": [],
      "coordinates": [
        {
          "x": 512.26,
          "y": 555.19,
          "z": 0
        },
        {
          "x": 639.62,
          "y": 944.8100000000001,
          "z": 0
        }
      ],
      "metadata": {
        "system": {
          "attributes": {},
          "automated": false,
          "clientId": "7618772f-928a-4c1f-a609-02d2b5cb326c",
          "coordinateVersion": "v2",
          "endFrame": 0,
          "endTime": 0,
          "frame": 0,
          "itemLinks": [],
          "objectId": "9",
          "openAnnotationVersion": "1.75.0-prod.1",
          "recipeId": "6620cb3bf7dd129c3fb8e289",
          "snapshots_": [],
          "startTime": 0,
          "system": false
        },
        "user": {}
      },
      "creator": "kim.lichtenberg@wearetriple.com",
      "createdAt": "2024-04-18T12:12:17.763Z",
      "updatedBy": "kim.lichtenberg@wearetriple.com",
      "updatedAt": "2024-04-18T12:12:17.763Z",
      "hash": "95af5830c90c0f50df1080eda299cce55671c6fb",
      "source": "ui"
    }
  ],
  "annotationsCount": 10,
  "annotated": true,
  "srcItem": "6620cb896cc9740d95572857",
  "srcDataset": "6620cb3b6abc12d47dfc6ce9"
}