{
  "id": "66210e0e8095cc4d428947d1",
  "datasetId": "66210e0c0b653c71684ff7a3",
  "url": "https://gate.dataloop.ai/api/v1/items/66210e0e8095cc4d428947d1",
  "dataset": "https://gate.dataloop.ai/api/v1/datasets/66210e0c0b653c71684ff7a3",
  "createdAt": "2024-04-18T12:11:56.519Z",
  "dir": "/part0",
  "filename": "/part0/ezgif-frame-197.jpg",
  "type": "file",
  "hidden": false,
  "metadata": {
    "system": {
      "channels": 3,
      "encoding": "7bit",
      "height": 1080,
      "isBinary": true,
      "mimetype": "image/jpeg",
      "modalities": [],
      "originalname": "ezgif-frame-197.jpg",
      "refs": [],
      "size": 55254,
      "taskStatusLog": [],
      "thumbnailId": "66210e108095cc35db8949de",
      "width": 1920
    }
  },
  "name": "ezgif-frame-197.jpg",
  "creator": "kim.lichtenberg@wearetriple.com",
  "updatedAt": "2024-04-18T12:12:36.298Z",
  "updatedBy": "rubiks@dataloop.ai",
  "stream": "https://gate.dataloop.ai/api/v1/items/66210e0e8095cc4d428947d1/stream",
  "thumbnail": "https://gate.dataloop.ai/api/v1/items/66210e0e8095cc4d428947d1/thumbnail",
  "annotations": [
    {
      "id": "66210e218095cc1990895474",
      "datasetId": "66210e0c0b653c71684ff7a3",
      "itemId": "66210e0e8095cc4d428947d1",
      "url": "https://gate.dataloop.ai/api/v1/annotations/66210e218095cc1990895474",
      "item": "https://gate.dataloop.ai/api/v1/items/66210e0e8095cc4d428947d1",
      "dataset": "https://gate.dataloop.ai/api/v1/datasets/66210e0c0b653c71684ff7a3",
      "srcAnnotation": "6620ef8ba237983e79113ba0",
      "type": "box",
      "label": "goal-bottom-left",
      "attributes": [],
      "coordinates": [
        {
          "x": 509.6575499411782,
          "y": 381.4565014530996,
          "z": 0
        },
        {
          "x": 809.6985093834538,
          "y": 529.2578851140381,
          "z": 0
        }
      ],
      "metadata": {
        "system": {
          "attributes": {},
          "automated": false,
          "clientId": "ace2e93c-1c08-4275-b761-5391706d5aec",
          "coordinateVersion": "v2",
          "endFrame": 0,
          "endTime": 0,
          "frame": 0,
          "itemLinks": [],
          "objectId": "44",
          "openAnnotationVersion": "1.75.0-prod.1",
          "plottingParams": {},
          "recipeId": "6620cb3bf7dd129c3fb8e289",
          "snapshots_": [],
          "startTime": 0,
          "system": false
        },
        "user": {}
      },
      "creator": "kim.lichtenberg@wearetriple.com",
      "createdAt": "2024-04-18T12:12:17.795Z",
      "updatedBy": "kim.lichtenberg@wearetriple.com",
      "updatedAt": "2024-04-18T12:12:17.795Z",
      "hash": "4150b213f934075012908aca48f2b4c70f06d1d3",
      "source": "ui"
    },
    {
      "id": "66210e218095cc2b41895464",
      "datasetId": "66210e0c0b653c71684ff7a3",
      "itemId": "66210e0e8095cc4d428947d1",
      "url": "https://gate.dataloop.ai/api/v1/annotations/66210e218095cc2b41895464",
      "item": "https://gate.dataloop.ai/api/v1/items/66210e0e8095cc4d428947d1",
      "dataset": "https://gate.dataloop.ai/api/v1/datasets/66210e0c0b653c71684ff7a3",
      "srcAnnotation": "6620ef8ba2379814a3113b9e",
      "type": "box",
      "label": "goal-middle-up",
      "attributes": [],
      "coordinates": [
        {
          "x": 810.1311204331535,
          "y": 233.400564430087,
          "z": 0
        },
        {
          "x": 1109.6152633201598,
          "y": 381.20194809102566,
          "z": 0
        }
      ],
      "metadata": {
        "system": {
          "attributes": {},
          "automated": false,
          "clientId": "a9002046-1c23-4b8a-a7cb-c53eee3829d6",
          "coordinateVersion": "v2",
          "endFrame": 0,
          "endTime": 0,
          "frame": 0,
          "itemLinks": [],
          "objectId": "42",
          "openAnnotationVersion": "1.75.0-prod.1",
          "plottingParams": {},
          "recipeId": "6620cb3bf7dd129c3fb8e289",
          "snapshots_": [],
          "startTime": 0,
          "system": false
        },
        "user": {}
      },
      "creator": "kim.lichtenberg@wearetriple.com",
      "createdAt": "2024-04-18T12:12:17.538Z",
      "updatedBy": "kim.lichtenberg@wearetriple.com",
      "updatedAt": "2024-04-18T12:12:17.538Z",
      "hash": "555d2bbb80831d5f6fd25c0ecd368aaccaace876",
      "source": "ui"
    },
    {
      "id": "66210e218095cc4a5589547c",
      "datasetId": "66210e0c0b653c71684ff7a3",
      "itemId": "66210e0e8095cc4d428947d1",
      "url": "https://gate.dataloop.ai/api/v1/annotations/66210e218095cc4a5589547c",
      "item": "https://gate.dataloop.ai/api/v1/items/66210e0e8095cc4d428947d1",
      "dataset": "https://gate.dataloop.ai/api/v1/datasets/66210e0c0b653c71684ff7a3",
      "srcAnnotation": "6620ef8ba23798887b113b9b",
      "type": "box",
      "label": "goal-middle-down",
      "attributes": [],
      "coordinates": [
        {
          "x": 810.062128965418,
          "y": 381.52566120113283,
          "z": 0
        },
        {
          "x": 1110.1030884076936,
          "y": 529.3270448620716,
          "z": 0
        }
      ],
      "metadata": {
        "system": {
          "attributes": {},
          "automated": false,
          "clientId": "e2b96026-658f-4f2c-a11d-a15e7d05361e",
          "coordinateVersion": "v2",
          "endFrame": 0,
          "endTime": 0,
          "frame": 0,
          "itemLinks": [],
          "objectId": "45",
          "openAnnotationVersion": "1.75.0-prod.1",
          "plottingParams": {},
          "recipeId": "6620cb3bf7dd129c3fb8e289",
          "snapshots_": [],
          "startTime": 0,
          "system": false
        },
        "user": {}
      },
      "creator": "kim.lichtenberg@wearetriple.com",
      "createdAt": "2024-04-18T12:12:17.923Z",
      "updatedBy": "kim.lichtenberg@wearetriple.com",
      "updatedAt": "2024-04-18T12:12:17.923Z",
      "hash": "4eab3a18dc73cecd36fb32e5aae1db7e9b678577",
      "source": "ui"
    },
    {
      "id": "66210e218095cc579c895468",
      "datasetId": "66210e0c0b653c71684ff7a3",
      "itemId": "66210e0e8095cc4d428947d1",
      "url": "https://gate.dataloop.ai/api/v1/annotations/66210e218095cc579c895468",
      "item": "https://gate.dataloop.ai/api/v1/items/66210e0e8095cc4d428947d1",
      "dataset": "https://gate.dataloop.ai/api/v1/datasets/66210e0c0b653c71684ff7a3",
      "srcAnnotation": "6620ef8ba237982066113ba2",
      "type": "box",
      "label": "goal-top-left",
      "attributes": [],
      "coordinates": [
        {
          "x": 509.7484670736494,
          "y": 233.36789275458096,
          "z": 0
        },
        {
          "x": 809.7894265159249,
          "y": 381.16927641551956,
          "z": 0
        }
      ],
      "metadata": {
        "system": {
          "attributes": {},
          "automated": false,
          "clientId": "e9c95a7f-fca2-4339-87a8-f17f64bb1438",
          "coordinateVersion": "v2",
          "endFrame": 0,
          "endTime": 0,
          "frame": 0,
          "itemLinks": [],
          "objectId": "9",
          "openAnnotationVersion": "1.75.0-prod.1",
          "plottingParams": {},
          "recipeId": "6620cb3bf7dd129c3fb8e289",
          "snapshots_": [],
          "startTime": 0,
          "system": false
        },
        "user": {}
      },
      "creator": "kim.lichtenberg@wearetriple.com",
      "createdAt": "2024-04-18T12:12:17.606Z",
      "updatedBy": "kim.lichtenberg@wearetriple.com",
      "updatedAt": "2024-04-18T12:12:17.606Z",
      "hash": "eb19409a68a2cb7890f3aece5dda697f5ce6934b",
      "source": "ui"
    },
    {
      "id": "66210e218095cc733389546c",
      "datasetId": "66210e0c0b653c71684ff7a3",
      "itemId": "66210e0e8095cc4d428947d1",
      "url": "https://gate.dataloop.ai/api/v1/annotations/66210e218095cc733389546c",
      "item": "https://gate.dataloop.ai/api/v1/items/66210e0e8095cc4d428947d1",
      "dataset": "https://gate.dataloop.ai/api/v1/datasets/66210e0c0b653c71684ff7a3",
      "srcAnnotation": "6620ef8ba2379825aa113b9c",
      "type": "box",
      "label": "goalkeeper",
      "attributes": [],
      "coordinates": [
        {
          "x": 940.7497025427218,
          "y": 275.97803918643126,
          "z": 0
        },
        {
          "x": 1071.8319415521382,
          "y": 534.1973635517734,
          "z": 0
        }
      ],
      "metadata": {
        "system": {
          "attributes": {},
          "automated": false,
          "clientId": "bd07937f-6a10-4a14-be54-907275c76991",
          "coordinateVersion": "v2",
          "endFrame": 0,
          "endTime": 0,
          "frame": 0,
          "itemLinks": [],
          "objectId": "5",
          "openAnnotationVersion": "1.75.0-prod.1",
          "plottingParams": {},
          "recipeId": "6620cb3bf7dd129c3fb8e289",
          "snapshots_": [],
          "startTime": 0,
          "system": false
        },
        "user": {}
      },
      "creator": "kim.lichtenberg@wearetriple.com",
      "createdAt": "2024-04-18T12:12:17.671Z",
      "updatedBy": "kim.lichtenberg@wearetriple.com",
      "updatedAt": "2024-04-18T12:12:17.671Z",
      "hash": "aa238f4d8b759b66d784102470fbd1e445c7aab4",
      "source": "ui"
    },
    {
      "id": "66210e218095ccd1cf895470",
      "datasetId": "66210e0c0b653c71684ff7a3",
      "itemId": "66210e0e8095cc4d428947d1",
      "url": "https://gate.dataloop.ai/api/v1/annotations/66210e218095ccd1cf895470",
      "item": "https://gate.dataloop.ai/api/v1/items/66210e0e8095cc4d428947d1",
      "dataset": "https://gate.dataloop.ai/api/v1/datasets/66210e0c0b653c71684ff7a3",
      "srcAnnotation": "6620ef8ba237983c8d113ba1",
      "type": "box",
      "label": "player",
      "attributes": [],
      "coordinates": [
        {
          "x": 513.2096226415092,
          "y": 544.8132075471699,
          "z": 0
        },
        {
          "x": 660.3409394383168,
          "y": 945.75320754717,
          "z": 0
        }
      ],
      "metadata": {
        "system": {
          "attributes": {},
          "automated": false,
          "clientId": "8467fc82-572c-496c-bebd-3ed64bfe0776",
          "coordinateVersion": "v2",
          "endFrame": 0,
          "endTime": 0,
          "frame": 0,
          "itemLinks": [],
          "objectId": "3",
          "openAnnotationVersion": "1.75.0-prod.1",
          "plottingParams": {},
          "recipeId": "6620cb3bf7dd129c3fb8e289",
          "snapshots_": [],
          "startTime": 0,
          "system": false
        },
        "user": {}
      },
      "creator": "kim.lichtenberg@wearetriple.com",
      "createdAt": "2024-04-18T12:12:17.738Z",
      "updatedBy": "kim.lichtenberg@wearetriple.com",
      "updatedAt": "2024-04-18T12:12:17.738Z",
      "hash": "428cb78407d1ef6c6dee004ab228a5a444ac7444",
      "source": "ui"
    },
    {
      "id": "66210e218095ccff35895478",
      "datasetId": "66210e0c0b653c71684ff7a3",
      "itemId": "66210e0e8095cc4d428947d1",
      "url": "https://gate.dataloop.ai/api/v1/annotations/66210e218095ccff35895478",
      "item": "https://gate.dataloop.ai/api/v1/items/66210e0e8095cc4d428947d1",
      "dataset": "https://gate.dataloop.ai/api/v1/datasets/66210e0c0b653c71684ff7a3",
      "srcAnnotation": "6620ef8ba2379866e4113ba3",
      "type": "box",
      "label": "football",
      "attributes": [],
      "coordinates": [
        {
          "x": 930.5881562793409,
          "y": 728.1761170638089,
          "z": 0
        },
        {
          "x": 986.2481562793407,
          "y": 770.6261170638087,
          "z": 0
        }
      ],
      "metadata": {
        "system": {
          "attributes": {},
          "automated": false,
          "clientId": "49c7c298-7368-4892-bff3-e0467065ed89",
          "coordinateVersion": "v2",
          "endFrame": 0,
          "endTime": 0,
          "frame": 0,
          "isOnlyLocal": false,
          "isOpen": false,
          "itemLinks": [],
          "objectId": "1",
          "openAnnotationVersion": "1.75.0-prod.1",
          "plottingParams": {},
          "recipeId": "6620cb3bf7dd129c3fb8e289",
          "snapshots_": [],
          "startTime": 0,
          "system": false
        },
        "user": {}
      },
      "creator": "kim.lichtenberg@wearetriple.com",
      "createdAt": "2024-04-18T12:12:17.866Z",
      "updatedBy": "kim.lichtenberg@wearetriple.com",
      "updatedAt": "2024-04-18T12:12:17.866Z",
      "hash": "f031e3371d6ac4a921185603cf24c0abe08b33b3",
      "source": "ui"
    },
    {
      "id": "66210e228095cc1f35895480",
      "datasetId": "66210e0c0b653c71684ff7a3",
      "itemId": "66210e0e8095cc4d428947d1",
      "url": "https://gate.dataloop.ai/api/v1/annotations/66210e228095cc1f35895480",
      "item": "https://gate.dataloop.ai/api/v1/items/66210e0e8095cc4d428947d1",
      "dataset": "https://gate.dataloop.ai/api/v1/datasets/66210e0c0b653c71684ff7a3",
      "srcAnnotation": "6620ef8ba2379892e9113b9d",
      "type": "box",
      "label": "goal-bottom-right",
      "attributes": [],
      "coordinates": [
        {
          "x": 1110.1232125446336,
          "y": 381.7760335497094,
          "z": 0
        },
        {
          "x": 1410.1641719869094,
          "y": 529.577417210648,
          "z": 0
        }
      ],
      "metadata": {
        "system": {
          "attributes": {},
          "automated": false,
          "clientId": "fff8f6d5-08cc-412d-8cdc-a90a993faee5",
          "coordinateVersion": "v2",
          "endFrame": 0,
          "endTime": 0,
          "frame": 0,
          "itemLinks": [],
          "objectId": "51",
          "openAnnotationVersion": "1.75.0-prod.1",
          "plottingParams": {},
          "recipeId": "6620cb3bf7dd129c3fb8e289",
          "snapshots_": [],
          "startTime": 0,
          "system": false
        },
        "user": {}
      },
      "creator": "kim.lichtenberg@wearetriple.com",
      "createdAt": "2024-04-18T12:12:18.012Z",
      "updatedBy": "kim.lichtenberg@wearetriple.com",
      "updatedAt": "2024-04-18T12:12:18.012Z",
      "hash": "f7b5c338288d6766fa138f4ac048b9bf678cebf0",
      "source": "ui"
    },
    {
      "id": "66210e228095cc6e96895485",
      "datasetId": "66210e0c0b653c71684ff7a3",
      "itemId": "66210e0e8095cc4d428947d1",
      "url": "https://gate.dataloop.ai/api/v1/annotations/66210e228095cc6e96895485",
      "item": "https://gate.dataloop.ai/api/v1/items/66210e0e8095cc4d428947d1",
      "dataset": "https://gate.dataloop.ai/api/v1/datasets/66210e0c0b653c71684ff7a3",
      "srcAnnotation": "6620ef8ba23798e75b113b9f",
      "type": "box",
      "label": "goal-top-right",
      "attributes": [],
      "coordinates": [
        {
          "x": 1109.9232072237482,
          "y": 233.5121050067239,
          "z": 0
        },
        {
          "x": 1410.2287249676674,
          "y": 381.3134886676626,
          "z": 0
        }
      ],
      "metadata": {
        "system": {
          "attributes": {},
          "automated": false,
          "clientId": "f933db2b-4d74-41f5-a674-6f0b48a5ebdc",
          "coordinateVersion": "v2",
          "endFrame": 0,
          "endTime": 0,
          "frame": 0,
          "itemLinks": [],
          "objectId": "43",
          "openAnnotationVersion": "1.75.0-prod.1",
          "plottingParams": {},
          "recipeId": "6620cb3bf7dd129c3fb8e289",
          "snapshots_": [],
          "startTime": 0,
          "system": false
        },
        "user": {}
      },
      "creator": "kim.lichtenberg@wearetriple.com",
      "createdAt": "2024-04-18T12:12:18.068Z",
      "updatedBy": "kim.lichtenberg@wearetriple.com",
      "updatedAt": "2024-04-18T12:12:18.068Z",
      "hash": "02b7e43c4a83968a1b2c58b2719caed2b7837f10",
      "source": "ui"
    },
    {
      "id": "66210e228095cc7aca895489",
      "datasetId": "66210e0c0b653c71684ff7a3",
      "itemId": "66210e0e8095cc4d428947d1",
      "url": "https://gate.dataloop.ai/api/v1/annotations/66210e228095cc7aca895489",
      "item": "https://gate.dataloop.ai/api/v1/items/66210e0e8095cc4d428947d1",
      "dataset": "https://gate.dataloop.ai/api/v1/datasets/66210e0c0b653c71684ff7a3",
      "srcAnnotation": "66210440a237985003117243",
      "type": "box",
      "label": "circle",
      "attributes": [],
      "coordinates": [
        {
          "x": 926.04,
          "y": 756.33,
          "z": 0
        },
        {
          "x": 990.2099999999999,
          "y": 766.94,
          "z": 0
        }
      ],
      "metadata": {
        "system": {
          "attributes": {},
          "automated": false,
          "clientId": "a4a1a63d-4e0d-4ef3-8e07-60d0eb955d4a",
          "coordinateVersion": "v2",
          "endFrame": 0,
          "endTime": 0,
          "frame": 0,
          "itemLinks": [],
          "objectId": "53",
          "openAnnotationVersion": "1.75.0-prod.1",
          "recipeId": "6620cb3bf7dd129c3fb8e289",
          "snapshots_": [],
          "startTime": 0,
          "system": false
        },
        "user": {}
      },
      "creator": "kim.lichtenberg@wearetriple.com",
      "createdAt": "2024-04-18T12:12:18.129Z",
      "updatedBy": "kim.lichtenberg@wearetriple.com",
      "updatedAt": "2024-04-18T12:12:18.129Z",
      "hash": "1a6ad5fe91efa6aef504e366dba9191810eb97b8",
      "source": "ui"
    }
  ],
  "annotationsCount": 10,
  "annotated": true,
  "srcItem": "6620cb8da561057caa0e79bb",
  "srcDataset": "6620cb3b6abc12d47dfc6ce9"
}