{
  "id": "66210e0e8095cc30ec8947fa",
  "datasetId": "66210e0c0b653c71684ff7a3",
  "url": "https://gate.dataloop.ai/api/v1/items/66210e0e8095cc30ec8947fa",
  "dataset": "https://gate.dataloop.ai/api/v1/datasets/66210e0c0b653c71684ff7a3",
  "createdAt": "2024-04-18T12:11:56.524Z",
  "dir": "/part0",
  "filename": "/part0/ezgif-frame-200.jpg",
  "type": "file",
  "hidden": false,
  "metadata": {
    "system": {
      "channels": 3,
      "encoding": "7bit",
      "height": 1080,
      "isBinary": true,
      "mimetype": "image/jpeg",
      "modalities": [],
      "originalname": "ezgif-frame-200.jpg",
      "refs": [],
      "size": 55102,
      "taskStatusLog": [],
      "thumbnailId": "66210e118095cc2a27894a16",
      "width": 1920
    }
  },
  "name": "ezgif-frame-200.jpg",
  "creator": "kim.lichtenberg@wearetriple.com",
  "updatedAt": "2024-04-18T12:12:36.597Z",
  "updatedBy": "rubiks@dataloop.ai",
  "stream": "https://gate.dataloop.ai/api/v1/items/66210e0e8095cc30ec8947fa/stream",
  "thumbnail": "https://gate.dataloop.ai/api/v1/items/66210e0e8095cc30ec8947fa/thumbnail",
  "annotations": [
    {
      "id": "66210e278095cc034f895677",
      "datasetId": "66210e0c0b653c71684ff7a3",
      "itemId": "66210e0e8095cc30ec8947fa",
      "url": "https://gate.dataloop.ai/api/v1/annotations/66210e278095cc034f895677",
      "item": "https://gate.dataloop.ai/api/v1/items/66210e0e8095cc30ec8947fa",
      "dataset": "https://gate.dataloop.ai/api/v1/datasets/66210e0c0b653c71684ff7a3",
      "srcAnnotation": "6620db55c7f03476f81a066c",
      "type": "box",
      "label": "goal-top-right",
      "attributes": [],
      "coordinates": [
        {
          "x": 1109.9232072237482,
          "y": 233.5121050067239,
          "z": 0
        },
        {
          "x": 1410.2287249676674,
          "y": 381.3134886676626,
          "z": 0
        }
      ],
      "metadata": {
        "system": {
          "attributes": {},
          "automated": false,
          "clientId": "d21f7e43-fe8c-4e41-96d4-2e3251a0fb61",
          "coordinateVersion": "v2",
          "endFrame": 0,
          "endTime": 0,
          "frame": 0,
          "itemLinks": [],
          "objectId": "43",
          "openAnnotationVersion": "1.75.0-prod.1",
          "plottingParams": {},
          "recipeId": "6620cb3bf7dd129c3fb8e289",
          "snapshots_": [],
          "startTime": 0,
          "system": false
        },
        "user": {}
      },
      "creator": "kim.lichtenberg@wearetriple.com",
      "createdAt": "2024-04-18T12:12:23.505Z",
      "updatedBy": "kim.lichtenberg@wearetriple.com",
      "updatedAt": "2024-04-18T12:12:23.505Z",
      "hash": "8173aa0df06df0e48440e7f3d5cdbd4440474300",
      "source": "ui"
    },
    {
      "id": "66210e278095cc09f589564c",
      "datasetId": "66210e0c0b653c71684ff7a3",
      "itemId": "66210e0e8095cc30ec8947fa",
      "url": "https://gate.dataloop.ai/api/v1/annotations/66210e278095cc09f589564c",
      "item": "https://gate.dataloop.ai/api/v1/items/66210e0e8095cc30ec8947fa",
      "dataset": "https://gate.dataloop.ai/api/v1/datasets/66210e0c0b653c71684ff7a3",
      "srcAnnotation": "6620db55c7f0344bbd1a066b",
      "type": "box",
      "label": "goal-top-left",
      "attributes": [],
      "coordinates": [
        {
          "x": 509.7484670736494,
          "y": 233.36789275458096,
          "z": 0
        },
        {
          "x": 809.7894265159249,
          "y": 381.16927641551956,
          "z": 0
        }
      ],
      "metadata": {
        "system": {
          "attributes": {},
          "automated": false,
          "clientId": "7a49aeba-52dd-4754-9ca7-f990b74b4469",
          "coordinateVersion": "v2",
          "endFrame": 0,
          "endTime": 0,
          "frame": 0,
          "itemLinks": [],
          "objectId": "9",
          "openAnnotationVersion": "1.75.0-prod.1",
          "plottingParams": {},
          "recipeId": "6620cb3bf7dd129c3fb8e289",
          "snapshots_": [],
          "startTime": 0,
          "system": false
        },
        "user": {}
      },
      "creator": "kim.lichtenberg@wearetriple.com",
      "createdAt": "2024-04-18T12:12:23.242Z",
      "updatedBy": "kim.lichtenberg@wearetriple.com",
      "updatedAt": "2024-04-18T12:12:23.242Z",
      "hash": "ed9ffcd7714fae7255e1e9697ed424870e564845",
      "source": "ui"
    },
    {
      "id": "66210e278095cc1824895697",
      "datasetId": "66210e0c0b653c71684ff7a3",
      "itemId": "66210e0e8095cc30ec8947fa",
      "url": "https://gate.dataloop.ai/api/v1/annotations/66210e278095cc1824895697",
      "item": "https://gate.dataloop.ai/api/v1/items/66210e0e8095cc30ec8947fa",
      "dataset": "https://gate.dataloop.ai/api/v1/datasets/66210e0c0b653c71684ff7a3",
      "srcAnnotation": "6620db55c7f034f0261a066a",
      "type": "box",
      "label": "goal-bottom-left",
      "attributes": [],
      "coordinates": [
        {
          "x": 509.6575499411782,
          "y": 381.4565014530996,
          "z": 0
        },
        {
          "x": 809.6985093834538,
          "y": 529.2578851140381,
          "z": 0
        }
      ],
      "metadata": {
        "system": {
          "attributes": {},
          "automated": false,
          "clientId": "6c4ba5ee-6122-4352-8414-6b777e3aaaa3",
          "coordinateVersion": "v2",
          "endFrame": 0,
          "endTime": 0,
          "frame": 0,
          "itemLinks": [],
          "objectId": "44",
          "openAnnotationVersion": "1.75.0-prod.1",
          "plottingParams": {},
          "recipeId": "6620cb3bf7dd129c3fb8e289",
          "snapshots_": [],
          "startTime": 0,
          "system": false
        },
        "user": {}
      },
      "creator": "kim.lichtenberg@wearetriple.com",
      "createdAt": "2024-04-18T12:12:23.696Z",
      "updatedBy": "kim.lichtenberg@wearetriple.com",
      "updatedAt": "2024-04-18T12:12:23.696Z",
      "hash": "e6dd42c6520f6110ad0142eacf7013e7e64e598b",
      "source": "ui"
    },
    {
      "id": "66210e278095cc2595895656",
      "datasetId": "66210e0c0b653c71684ff7a3",
      "itemId": "66210e0e8095cc30ec8947fa",
      "url": "https://gate.dataloop.ai/api/v1/annotations/66210e278095cc2595895656",
      "item": "https://gate.dataloop.ai/api/v1/items/66210e0e8095cc30ec8947fa",
      "dataset": "https://gate.dataloop.ai/api/v1/datasets/66210e0c0b653c71684ff7a3",
      "srcAnnotation": "6620db55c7f0344ef61a0669",
      "type": "box",
      "label": "goal-bottom-right",
      "attributes": [],
      "coordinates": [
        {
          "x": 1110.1232125446336,
          "y": 381.7760335497094,
          "z": 0
        },
        {
          "x": 1410.1641719869094,
          "y": 529.577417210648,
          "z": 0
        }
      ],
      "metadata": {
        "system": {
          "attributes": {},
          "automated": false,
          "clientId": "4108d195-6f04-4dd0-8b81-90426fcd91e0",
          "coordinateVersion": "v2",
          "endFrame": 0,
          "endTime": 0,
          "frame": 0,
          "itemLinks": [],
          "objectId": "51",
          "openAnnotationVersion": "1.75.0-prod.1",
          "plottingParams": {},
          "recipeId": "6620cb3bf7dd129c3fb8e289",
          "snapshots_": [],
          "startTime": 0,
          "system": false
        },
        "user": {}
      },
      "creator": "kim.lichtenberg@wearetriple.com",
      "createdAt": "2024-04-18T12:12:23.308Z",
      "updatedBy": "kim.lichtenberg@wearetriple.com",
      "updatedAt": "2024-04-18T12:12:23.308Z",
      "hash": "e865e1cdd90b9f4d344ddca276518cc4baa04343",
      "source": "ui"
    },
    {
      "id": "66210e278095cc3cb789566c",
      "datasetId": "66210e0c0b653c71684ff7a3",
      "itemId": "66210e0e8095cc30ec8947fa",
      "url": "https://gate.dataloop.ai/api/v1/annotations/66210e278095cc3cb789566c",
      "item": "https://gate.dataloop.ai/api/v1/items/66210e0e8095cc30ec8947fa",
      "dataset": "https://gate.dataloop.ai/api/v1/datasets/66210e0c0b653c71684ff7a3",
      "srcAnnotation": "6620db55c7f0346e3d1a0666",
      "type": "box",
      "label": "goal-middle-down",
      "attributes": [],
      "coordinates": [
        {
          "x": 810.0577063884007,
          "y": 381.32435540826503,
          "z": 0
        },
        {
          "x": 1110.0986658306765,
          "y": 529.1257390692036,
          "z": 0
        }
      ],
      "metadata": {
        "system": {
          "attributes": {},
          "automated": false,
          "clientId": "81e7a9b4-9286-4b71-a58b-38e9ccdbaa58",
          "coordinateVersion": "v2",
          "endFrame": 0,
          "endTime": 0,
          "frame": 0,
          "itemLinks": [],
          "objectId": "45",
          "openAnnotationVersion": "1.75.0-prod.1",
          "plottingParams": {},
          "recipeId": "6620cb3bf7dd129c3fb8e289",
          "snapshots_": [],
          "startTime": 0,
          "system": false
        },
        "user": {}
      },
      "creator": "kim.lichtenberg@wearetriple.com",
      "createdAt": "2024-04-18T12:12:23.435Z",
      "updatedBy": "kim.lichtenberg@wearetriple.com",
      "updatedAt": "2024-04-18T12:12:23.435Z",
      "hash": "c79af9433338699745a195a8e55badffdcbe05d7",
      "source": "ui"
    },
    {
      "id": "66210e278095cc6cf3895661",
      "datasetId": "66210e0c0b653c71684ff7a3",
      "itemId": "66210e0e8095cc30ec8947fa",
      "url": "https://gate.dataloop.ai/api/v1/annotations/66210e278095cc6cf3895661",
      "item": "https://gate.dataloop.ai/api/v1/items/66210e0e8095cc30ec8947fa",
      "dataset": "https://gate.dataloop.ai/api/v1/datasets/66210e0c0b653c71684ff7a3",
      "srcAnnotation": "6620db55c7f034659b1a066d",
      "type": "box",
      "label": "football",
      "attributes": [],
      "coordinates": [
        {
          "x": 933.1661051944053,
          "y": 727.9851578849152,
          "z": 0
        },
        {
          "x": 988.8261051944053,
          "y": 770.4351578849152,
          "z": 0
        }
      ],
      "metadata": {
        "system": {
          "attributes": {},
          "automated": false,
          "clientId": "f6a2a057-f6b6-46bb-8a6e-98baee4c94c4",
          "coordinateVersion": "v2",
          "endFrame": 0,
          "endTime": 0,
          "frame": 0,
          "itemLinks": [],
          "objectId": "1",
          "openAnnotationVersion": "1.75.0-prod.1",
          "plottingParams": {},
          "recipeId": "6620cb3bf7dd129c3fb8e289",
          "snapshots_": [],
          "startTime": 0,
          "system": false
        },
        "user": {}
      },
      "creator": "kim.lichtenberg@wearetriple.com",
      "createdAt": "2024-04-18T12:12:23.374Z",
      "updatedBy": "kim.lichtenberg@wearetriple.com",
      "updatedAt": "2024-04-18T12:12:23.374Z",
      "hash": "55adf0dd885a104fbd33e4596bb961c8a660cf4c",
      "source": "ui"
    },
    {
      "id": "66210e278095cc7fac895641",
      "datasetId": "66210e0c0b653c71684ff7a3",
      "itemId": "66210e0e8095cc30ec8947fa",
      "url": "https://gate.dataloop.ai/api/v1/annotations/66210e278095cc7fac895641",
      "item": "https://gate.dataloop.ai/api/v1/items/66210e0e8095cc30ec8947fa",
      "dataset": "https://gate.dataloop.ai/api/v1/datasets/66210e0c0b653c71684ff7a3",
      "srcAnnotation": "6620db55c7f03413701a0667",
      "type": "box",
      "label": "goalkeeper",
      "attributes": [],
      "coordinates": [
        {
          "x": 919.6503581030165,
          "y": 292.3190673559088,
          "z": 0
        },
        {
          "x": 1038.0946603627353,
          "y": 534.9472356995153,
          "z": 0
        }
      ],
      "metadata": {
        "system": {
          "attributes": {},
          "automated": false,
          "clientId": "29458892-9d14-4c7f-9493-d73e74858480",
          "coordinateVersion": "v2",
          "endFrame": 0,
          "endTime": 0,
          "frame": 0,
          "isOnlyLocal": false,
          "isOpen": false,
          "itemLinks": [],
          "objectId": "5",
          "openAnnotationVersion": "1.75.0-prod.1",
          "plottingParams": {},
          "recipeId": "6620cb3bf7dd129c3fb8e289",
          "snapshots_": [],
          "startTime": 0,
          "system": false
        },
        "user": {}
      },
      "creator": "kim.lichtenberg@wearetriple.com",
      "createdAt": "2024-04-18T12:12:23.167Z",
      "updatedBy": "kim.lichtenberg@wearetriple.com",
      "updatedAt": "2024-04-18T12:12:23.167Z",
      "hash": "5834e85d4160edd4bab1d5cbadf3d3c91f41a209",
      "source": "ui"
    },
    {
      "id": "66210e278095cca254895681",
      "datasetId": "66210e0c0b653c71684ff7a3",
      "itemId": "66210e0e8095cc30ec8947fa",
      "url": "https://gate.dataloop.ai/api/v1/annotations/66210e278095cca254895681",
      "item": "https://gate.dataloop.ai/api/v1/items/66210e0e8095cc30ec8947fa",
      "dataset": "https://gate.dataloop.ai/api/v1/datasets/66210e0c0b653c71684ff7a3",
      "srcAnnotation": "6620db55c7f034c7ca1a066e",
      "type": "box",
      "label": "player",
      "attributes": [],
      "coordinates": [
        {
          "x": 542.4549056603771,
          "y": 545.756603773585,
          "z": 0
        },
        {
          "x": 689.5862224571847,
          "y": 946.696603773585,
          "z": 0
        }
      ],
      "metadata": {
        "system": {
          "attributes": {},
          "automated": false,
          "clientId": "63878183-99cc-4ee5-b307-0ad20c758049",
          "coordinateVersion": "v2",
          "endFrame": 0,
          "endTime": 0,
          "frame": 0,
          "isOnlyLocal": false,
          "isOpen": false,
          "itemLinks": [],
          "objectId": "3",
          "openAnnotationVersion": "1.75.0-prod.1",
          "plottingParams": {},
          "recipeId": "6620cb3bf7dd129c3fb8e289",
          "snapshots_": [],
          "startTime": 0,
          "system": false
        },
        "user": {}
      },
      "creator": "kim.lichtenberg@wearetriple.com",
      "createdAt": "2024-04-18T12:12:23.571Z",
      "updatedBy": "kim.lichtenberg@wearetriple.com",
      "updatedAt": "2024-04-18T12:12:23.571Z",
      "hash": "2b49599861d09eb6a7cc703d9a0f3f7cea3dd79e",
      "source": "ui"
    },
    {
      "id": "66210e278095ccb00d89568b",
      "datasetId": "66210e0c0b653c71684ff7a3",
      "itemId": "66210e0e8095cc30ec8947fa",
      "url": "https://gate.dataloop.ai/api/v1/annotations/66210e278095ccb00d89568b",
      "item": "https://gate.dataloop.ai/api/v1/items/66210e0e8095cc30ec8947fa",
      "dataset": "https://gate.dataloop.ai/api/v1/datasets/66210e0c0b653c71684ff7a3",
      "srcAnnotation": "6620db55c7f034dbdd1a0668",
      "type": "box",
      "label": "goal-middle-up",
      "attributes": [],
      "coordinates": [
        {
          "x": 810.1311204331535,
          "y": 233.400564430087,
          "z": 0
        },
        {
          "x": 1109.6152633201598,
          "y": 381.20194809102566,
          "z": 0
        }
      ],
      "metadata": {
        "system": {
          "attributes": {},
          "automated": false,
          "clientId": "60aeee78-4c10-4b13-9512-6e6dcfb5dfbf",
          "coordinateVersion": "v2",
          "endFrame": 0,
          "endTime": 0,
          "frame": 0,
          "itemLinks": [],
          "objectId": "42",
          "openAnnotationVersion": "1.75.0-prod.1",
          "plottingParams": {},
          "recipeId": "6620cb3bf7dd129c3fb8e289",
          "snapshots_": [],
          "startTime": 0,
          "system": false
        },
        "user": {}
      },
      "creator": "kim.lichtenberg@wearetriple.com",
      "createdAt": "2024-04-18T12:12:23.632Z",
      "updatedBy": "kim.lichtenberg@wearetriple.com",
      "updatedAt": "2024-04-18T12:12:23.632Z",
      "hash": "c3341202179b6097b03f1d3bc6ba172043561ae9",
      "source": "ui"
    }
  ],
  "annotationsCount": 9,
  "annotated": true,
  "srcItem": "6620cb8ea9bd20f13817e1df",
  "srcDataset": "6620cb3b6abc12d47dfc6ce9"
}