{
  "id": "66210e0e8095ccf940894830",
  "datasetId": "66210e0c0b653c71684ff7a3",
  "url": "https://gate.dataloop.ai/api/v1/items/66210e0e8095ccf940894830",
  "dataset": "https://gate.dataloop.ai/api/v1/datasets/66210e0c0b653c71684ff7a3",
  "createdAt": "2024-04-18T12:11:56.512Z",
  "dir": "/part0",
  "filename": "/part0/ezgif-frame-139.jpg",
  "type": "file",
  "hidden": false,
  "metadata": {
    "system": {
      "channels": 3,
      "encoding": "7bit",
      "height": 1080,
      "isBinary": true,
      "mimetype": "image/jpeg",
      "modalities": [],
      "originalname": "ezgif-frame-139.jpg",
      "refs": [],
      "size": 54829,
      "taskStatusLog": [],
      "thumbnailId": "66210e118095cca37e894a14",
      "width": 1920
    }
  },
  "name": "ezgif-frame-139.jpg",
  "creator": "kim.lichtenberg@wearetriple.com",
  "updatedAt": "2024-04-18T12:12:29.734Z",
  "updatedBy": "rubiks@dataloop.ai",
  "stream": "https://gate.dataloop.ai/api/v1/items/66210e0e8095ccf940894830/stream",
  "thumbnail": "https://gate.dataloop.ai/api/v1/items/66210e0e8095ccf940894830/thumbnail",
  "annotations": [
    {
      "id": "66210e178095cc2f99894f7a",
      "datasetId": "66210e0c0b653c71684ff7a3",
      "itemId": "66210e0e8095ccf940894830",
      "url": "https://gate.dataloop.ai/api/v1/annotations/66210e178095cc2f99894f7a",
      "item": "https://gate.dataloop.ai/api/v1/items/66210e0e8095ccf940894830",
      "dataset": "https://gate.dataloop.ai/api/v1/datasets/66210e0c0b653c71684ff7a3",
      "srcAnnotation": "66210a17a237984b86118421",
      "type": "box",
      "label": "player",
      "attributes": [],
      "coordinates": [
        {
          "x": 676.3685543282763,
          "y": 504.4036740526775,
          "z": 0
        },
        {
          "x": 843.7971207860057,
          "y": 877.8011233174772,
          "z": 0
        }
      ],
      "metadata": {
        "system": {
          "attributes": {},
          "automated": false,
          "clientId": "7e55f7da-2e5f-42e9-aaf8-7c5a00c79455",
          "coordinateVersion": "v2",
          "endFrame": 0,
          "endTime": 0,
          "frame": 0,
          "itemLinks": [],
          "objectId": "9",
          "openAnnotationVersion": "1.75.0-prod.1",
          "plottingParams": {},
          "recipeId": "6620cb3bf7dd129c3fb8e289",
          "snapshots_": [],
          "startTime": 0,
          "system": false
        },
        "user": {}
      },
      "creator": "kim.lichtenberg@wearetriple.com",
      "createdAt": "2024-04-18T12:12:07.677Z",
      "updatedBy": "kim.lichtenberg@wearetriple.com",
      "updatedAt": "2024-04-18T12:12:07.677Z",
      "hash": "23f741aa483588a18f7169d7269660f2b01b2da3",
      "source": "ui"
    },
    {
      "id": "66210e178095cc3183894f3e",
      "datasetId": "66210e0c0b653c71684ff7a3",
      "itemId": "66210e0e8095ccf940894830",
      "url": "https://gate.dataloop.ai/api/v1/annotations/66210e178095cc3183894f3e",
      "item": "https://gate.dataloop.ai/api/v1/items/66210e0e8095ccf940894830",
      "dataset": "https://gate.dataloop.ai/api/v1/datasets/66210e0c0b653c71684ff7a3",
      "srcAnnotation": "66210a17a23798129c118422",
      "type": "box",
      "label": "goalkeeper",
      "attributes": [],
      "coordinates": [
        {
          "x": 897.266017236471,
          "y": 266.396500570778,
          "z": 0
        },
        {
          "x": 1059.4339669976926,
          "y": 527.8199380082345,
          "z": 0
        }
      ],
      "metadata": {
        "system": {
          "attributes": {},
          "automated": false,
          "clientId": "5fff74d7-844e-4604-936a-43239e4f17fe",
          "coordinateVersion": "v2",
          "endFrame": 0,
          "endTime": 0,
          "frame": 0,
          "itemLinks": [],
          "objectId": "8",
          "openAnnotationVersion": "1.75.0-prod.1",
          "plottingParams": {},
          "recipeId": "6620cb3bf7dd129c3fb8e289",
          "snapshots_": [],
          "startTime": 0,
          "system": false
        },
        "user": {}
      },
      "creator": "kim.lichtenberg@wearetriple.com",
      "createdAt": "2024-04-18T12:12:07.416Z",
      "updatedBy": "kim.lichtenberg@wearetriple.com",
      "updatedAt": "2024-04-18T12:12:07.416Z",
      "hash": "1d23ab521340b411e8c9756d41b696b94e6d7d67",
      "source": "ui"
    },
    {
      "id": "66210e178095cc54f7894f5e",
      "datasetId": "66210e0c0b653c71684ff7a3",
      "itemId": "66210e0e8095ccf940894830",
      "url": "https://gate.dataloop.ai/api/v1/annotations/66210e178095cc54f7894f5e",
      "item": "https://gate.dataloop.ai/api/v1/items/66210e0e8095ccf940894830",
      "dataset": "https://gate.dataloop.ai/api/v1/datasets/66210e0c0b653c71684ff7a3",
      "srcAnnotation": "66210a17a237984b7b118420",
      "type": "box",
      "label": "football",
      "attributes": [],
      "coordinates": [
        {
          "x": 926.9906631108026,
          "y": 748.3941653955554,
          "z": 0
        },
        {
          "x": 990.1868945110353,
          "y": 799.7657264638165,
          "z": 0
        }
      ],
      "metadata": {
        "system": {
          "attributes": {},
          "automated": false,
          "clientId": "e955b086-ffa4-4527-8c75-99c5857dd4bb",
          "coordinateVersion": "v2",
          "endFrame": 0,
          "endTime": 0,
          "frame": 0,
          "itemLinks": [],
          "objectId": "11",
          "openAnnotationVersion": "1.75.0-prod.1",
          "plottingParams": {},
          "recipeId": "6620cb3bf7dd129c3fb8e289",
          "snapshots_": [],
          "startTime": 0,
          "system": false
        },
        "user": {}
      },
      "creator": "kim.lichtenberg@wearetriple.com",
      "createdAt": "2024-04-18T12:12:07.551Z",
      "updatedBy": "kim.lichtenberg@wearetriple.com",
      "updatedAt": "2024-04-18T12:12:07.551Z",
      "hash": "80e60932f1f9eecae6bca1b3e509c8adbfc9bcc5",
      "source": "ui"
    },
    {
      "id": "66210e178095cc6177894fb3",
      "datasetId": "66210e0c0b653c71684ff7a3",
      "itemId": "66210e0e8095ccf940894830",
      "url": "https://gate.dataloop.ai/api/v1/annotations/66210e178095cc6177894fb3",
      "item": "https://gate.dataloop.ai/api/v1/items/66210e0e8095ccf940894830",
      "dataset": "https://gate.dataloop.ai/api/v1/datasets/66210e0c0b653c71684ff7a3",
      "srcAnnotation": "66210a4cc7f0346fbc1abbc1",
      "type": "box",
      "label": "goal-middle-up",
      "attributes": [],
      "coordinates": [
        {
          "x": 781.5137018345774,
          "y": 184.50420963650305,
          "z": 0
        },
        {
          "x": 1122.5139893720848,
          "y": 355.65001278090523,
          "z": 0
        }
      ],
      "metadata": {
        "system": {
          "attributes": {},
          "automated": false,
          "clientId": "bb177a2d-40db-44bf-9b32-a2fc748a930e",
          "coordinateVersion": "v2",
          "endFrame": 0,
          "endTime": 0,
          "frame": 0,
          "isOnlyLocal": false,
          "isOpen": false,
          "itemLinks": [],
          "objectId": "13",
          "openAnnotationVersion": "1.75.0-prod.1",
          "plottingParams": {},
          "recipeId": "6620cb3bf7dd129c3fb8e289",
          "snapshots_": [],
          "startTime": 0,
          "system": false
        },
        "user": {}
      },
      "creator": "kim.lichtenberg@wearetriple.com",
      "createdAt": "2024-04-18T12:12:07.908Z",
      "updatedBy": "kim.lichtenberg@wearetriple.com",
      "updatedAt": "2024-04-18T12:12:07.908Z",
      "hash": "1064032a8d2fee0742a76ae5ffcada3e918240f1",
      "source": "ui"
    },
    {
      "id": "66210e178095ccf48d894f96",
      "datasetId": "66210e0c0b653c71684ff7a3",
      "itemId": "66210e0e8095ccf940894830",
      "url": "https://gate.dataloop.ai/api/v1/annotations/66210e178095ccf48d894f96",
      "item": "https://gate.dataloop.ai/api/v1/items/66210e0e8095ccf940894830",
      "dataset": "https://gate.dataloop.ai/api/v1/datasets/66210e0c0b653c71684ff7a3",
      "srcAnnotation": "66210a3ec819dbc9bb98388f",
      "type": "box",
      "label": "goal-top-left",
      "attributes": [],
      "coordinates": [
        {
          "x": 439.9736108431633,
          "y": 185.4959832765519,
          "z": 0
        },
        {
          "x": 781.3253282655502,
          "y": 356.4766165036492,
          "z": 0
        }
      ],
      "metadata": {
        "system": {
          "attributes": {},
          "automated": false,
          "clientId": "2f968463-ba8e-48de-b567-146d2adf7d24",
          "coordinateVersion": "v2",
          "endFrame": 0,
          "endTime": 0,
          "frame": 0,
          "isOnlyLocal": false,
          "isOpen": false,
          "itemLinks": [],
          "objectId": "12",
          "openAnnotationVersion": "1.75.0-prod.1",
          "plottingParams": {},
          "recipeId": "6620cb3bf7dd129c3fb8e289",
          "snapshots_": [],
          "startTime": 0,
          "system": false
        },
        "user": {}
      },
      "creator": "kim.lichtenberg@wearetriple.com",
      "createdAt": "2024-04-18T12:12:07.792Z",
      "updatedBy": "kim.lichtenberg@wearetriple.com",
      "updatedAt": "2024-04-18T12:12:07.792Z",
      "hash": "09b270ccd2879074b2e7e383c9256ed405ed3b96",
      "source": "ui"
    },
    {
      "id": "66210e188095cc2e1f894fe3",
      "datasetId": "66210e0c0b653c71684ff7a3",
      "itemId": "66210e0e8095ccf940894830",
      "url": "https://gate.dataloop.ai/api/v1/annotations/66210e188095cc2e1f894fe3",
      "item": "https://gate.dataloop.ai/api/v1/items/66210e0e8095ccf940894830",
      "dataset": "https://gate.dataloop.ai/api/v1/datasets/66210e0c0b653c71684ff7a3",
      "srcAnnotation": "66210a8f72b11a59bfe12406",
      "type": "box",
      "label": "goal-bottom-left",
      "attributes": [],
      "coordinates": [
        {
          "x": 440.8307800336099,
          "y": 356.6575895759225,
          "z": 0
        },
        {
          "x": 781.4492794145477,
          "y": 527.3986758364473,
          "z": 0
        }
      ],
      "metadata": {
        "system": {
          "attributes": {},
          "automated": false,
          "clientId": "02835552-4fe1-4631-b310-d79d2e9ad4bb",
          "coordinateVersion": "v2",
          "endFrame": 0,
          "endTime": 0,
          "frame": 0,
          "isOnlyLocal": false,
          "isOpen": false,
          "itemLinks": [],
          "objectId": "15",
          "openAnnotationVersion": "1.75.0-prod.1",
          "plottingParams": {},
          "recipeId": "6620cb3bf7dd129c3fb8e289",
          "snapshots_": [],
          "startTime": 0,
          "system": false
        },
        "user": {}
      },
      "creator": "kim.lichtenberg@wearetriple.com",
      "createdAt": "2024-04-18T12:12:08.100Z",
      "updatedBy": "kim.lichtenberg@wearetriple.com",
      "updatedAt": "2024-04-18T12:12:08.100Z",
      "hash": "032d739826ecb3eabab07ee56cd88f3bb17bf5bd",
      "source": "ui"
    },
    {
      "id": "66210e188095cc4000895015",
      "datasetId": "66210e0c0b653c71684ff7a3",
      "itemId": "66210e0e8095ccf940894830",
      "url": "https://gate.dataloop.ai/api/v1/annotations/66210e188095cc4000895015",
      "item": "https://gate.dataloop.ai/api/v1/items/66210e0e8095ccf940894830",
      "dataset": "https://gate.dataloop.ai/api/v1/datasets/66210e0c0b653c71684ff7a3",
      "srcAnnotation": "66210b02c819db7300983a92",
      "type": "box",
      "label": "goal-bottom-right",
      "attributes": [],
      "coordinates": [
        {
          "x": 1122.7534324702533,
          "y": 355.9630621337077,
          "z": 0
        },
        {
          "x": 1464.6128025575194,
          "y": 526.6472046358448,
          "z": 0
        }
      ],
      "metadata": {
        "system": {
          "attributes": {},
          "automated": false,
          "clientId": "1449031b-3b59-4da4-8cb5-aa50feaa2bc0",
          "coordinateVersion": "v2",
          "endFrame": 0,
          "endTime": 0,
          "frame": 0,
          "itemLinks": [],
          "objectId": "17",
          "openAnnotationVersion": "1.75.0-prod.1",
          "plottingParams": {},
          "recipeId": "6620cb3bf7dd129c3fb8e289",
          "snapshots_": [],
          "startTime": 0,
          "system": false
        },
        "user": {}
      },
      "creator": "kim.lichtenberg@wearetriple.com",
      "createdAt": "2024-04-18T12:12:08.312Z",
      "updatedBy": "kim.lichtenberg@wearetriple.com",
      "updatedAt": "2024-04-18T12:12:08.312Z",
      "hash": "86609ddea8bb413e8a593569863a2d94351a6fc2",
      "source": "ui"
    },
    {
      "id": "66210e188095cc5943894ffc",
      "datasetId": "66210e0c0b653c71684ff7a3",
      "itemId": "66210e0e8095ccf940894830",
      "url": "https://gate.dataloop.ai/api/v1/annotations/66210e188095cc5943894ffc",
      "item": "https://gate.dataloop.ai/api/v1/items/66210e0e8095ccf940894830",
      "dataset": "https://gate.dataloop.ai/api/v1/datasets/66210e0c0b653c71684ff7a3",
      "srcAnnotation": "66210a9da237980583118682",
      "type": "box",
      "label": "goal-middle-down",
      "attributes": [],
      "coordinates": [
        {
          "x": 781.7387919418622,
          "y": 355.8963254878306,
          "z": 0
        },
        {
          "x": 1121.7925299714063,
          "y": 527.0536019385462,
          "z": 0
        }
      ],
      "metadata": {
        "system": {
          "attributes": {},
          "automated": false,
          "clientId": "03b2ff4c-0ffc-404d-ae21-4c88a64d0124",
          "coordinateVersion": "v2",
          "endFrame": 0,
          "endTime": 0,
          "frame": 0,
          "isOnlyLocal": false,
          "isOpen": false,
          "itemLinks": [],
          "objectId": "16",
          "openAnnotationVersion": "1.75.0-prod.1",
          "plottingParams": {},
          "recipeId": "6620cb3bf7dd129c3fb8e289",
          "snapshots_": [],
          "startTime": 0,
          "system": false
        },
        "user": {}
      },
      "creator": "kim.lichtenberg@wearetriple.com",
      "createdAt": "2024-04-18T12:12:08.201Z",
      "updatedBy": "kim.lichtenberg@wearetriple.com",
      "updatedAt": "2024-04-18T12:12:08.201Z",
      "hash": "bc75bb07be90d66d9f37e943421ebfdd6c9320c2",
      "source": "ui"
    },
    {
      "id": "66210e188095cc9c5d894fcb",
      "datasetId": "66210e0c0b653c71684ff7a3",
      "itemId": "66210e0e8095ccf940894830",
      "url": "https://gate.dataloop.ai/api/v1/annotations/66210e188095cc9c5d894fcb",
      "item": "https://gate.dataloop.ai/api/v1/items/66210e0e8095ccf940894830",
      "dataset": "https://gate.dataloop.ai/api/v1/datasets/66210e0c0b653c71684ff7a3",
      "srcAnnotation": "66210a8317cb4685e23045ce",
      "type": "box",
      "label": "goal-top-right",
      "attributes": [],
      "coordinates": [
        {
          "x": 1122.8772162808646,
          "y": 184.92413847064014,
          "z": 0
        },
        {
          "x": 1464.4500429182292,
          "y": 355.9358959209328,
          "z": 0
        }
      ],
      "metadata": {
        "system": {
          "attributes": {},
          "automated": false,
          "clientId": "9ea5467f-cb34-41d9-bda0-da03113c13a2",
          "coordinateVersion": "v2",
          "endFrame": 0,
          "endTime": 0,
          "frame": 0,
          "itemLinks": [],
          "objectId": "14",
          "openAnnotationVersion": "1.75.0-prod.1",
          "plottingParams": {},
          "recipeId": "6620cb3bf7dd129c3fb8e289",
          "snapshots_": [],
          "startTime": 0,
          "system": false
        },
        "user": {}
      },
      "creator": "kim.lichtenberg@wearetriple.com",
      "createdAt": "2024-04-18T12:12:08.012Z",
      "updatedBy": "kim.lichtenberg@wearetriple.com",
      "updatedAt": "2024-04-18T12:12:08.012Z",
      "hash": "fc6c77c5cb1a005853168fd04b282bf413fe33dd",
      "source": "ui"
    }
  ],
  "annotationsCount": 9,
  "annotated": true,
  "srcItem": "6620cb87a623004b56c92e4b",
  "srcDataset": "6620cb3b6abc12d47dfc6ce9"
}