{
  "id": "66210e0e8095cc9edc8947cb",
  "datasetId": "66210e0c0b653c71684ff7a3",
  "url": "https://gate.dataloop.ai/api/v1/items/66210e0e8095cc9edc8947cb",
  "dataset": "https://gate.dataloop.ai/api/v1/datasets/66210e0c0b653c71684ff7a3",
  "createdAt": "2024-04-18T12:11:56.518Z",
  "dir": "/part0",
  "filename": "/part0/ezgif-frame-196.jpg",
  "type": "file",
  "hidden": false,
  "metadata": {
    "system": {
      "channels": 3,
      "encoding": "7bit",
      "height": 1080,
      "isBinary": true,
      "mimetype": "image/jpeg",
      "modalities": [],
      "originalname": "ezgif-frame-196.jpg",
      "refs": [],
      "size": 55026,
      "taskStatusLog": [],
      "thumbnailId": "66210e108095cc83218949e2",
      "width": 1920
    }
  },
  "name": "ezgif-frame-196.jpg",
  "creator": "kim.lichtenberg@wearetriple.com",
  "updatedAt": "2024-04-18T12:12:36.260Z",
  "updatedBy": "rubiks@dataloop.ai",
  "stream": "https://gate.dataloop.ai/api/v1/items/66210e0e8095cc9edc8947cb/stream",
  "thumbnail": "https://gate.dataloop.ai/api/v1/items/66210e0e8095cc9edc8947cb/thumbnail",
  "annotations": [
    {
      "id": "66210e208095cc2b7789543a",
      "datasetId": "66210e0c0b653c71684ff7a3",
      "itemId": "66210e0e8095cc9edc8947cb",
      "url": "https://gate.dataloop.ai/api/v1/annotations/66210e208095cc2b7789543a",
      "item": "https://gate.dataloop.ai/api/v1/items/66210e0e8095cc9edc8947cb",
      "dataset": "https://gate.dataloop.ai/api/v1/datasets/66210e0c0b653c71684ff7a3",
      "srcAnnotation": "6620ef9e088a99098bd38baa",
      "type": "box",
      "label": "player",
      "attributes": [],
      "coordinates": [
        {
          "x": 513.2096226415092,
          "y": 544.8132075471699,
          "z": 0
        },
        {
          "x": 660.3409394383168,
          "y": 945.75320754717,
          "z": 0
        }
      ],
      "metadata": {
        "system": {
          "attributes": {},
          "automated": false,
          "clientId": "3ba778f6-15f8-46ca-973d-8bf841ec050c",
          "coordinateVersion": "v2",
          "endFrame": 0,
          "endTime": 0,
          "frame": 0,
          "itemLinks": [],
          "objectId": "3",
          "openAnnotationVersion": "1.75.0-prod.1",
          "plottingParams": {},
          "recipeId": "6620cb3bf7dd129c3fb8e289",
          "snapshots_": [],
          "startTime": 0,
          "system": false
        },
        "user": {}
      },
      "creator": "kim.lichtenberg@wearetriple.com",
      "createdAt": "2024-04-18T12:12:16.896Z",
      "updatedBy": "kim.lichtenberg@wearetriple.com",
      "updatedAt": "2024-04-18T12:12:16.896Z",
      "hash": "3573721f028905409490612ff146af4968389f7a",
      "source": "ui"
    },
    {
      "id": "66210e208095cc3b2289543e",
      "datasetId": "66210e0c0b653c71684ff7a3",
      "itemId": "66210e0e8095cc9edc8947cb",
      "url": "https://gate.dataloop.ai/api/v1/annotations/66210e208095cc3b2289543e",
      "item": "https://gate.dataloop.ai/api/v1/items/66210e0e8095cc9edc8947cb",
      "dataset": "https://gate.dataloop.ai/api/v1/datasets/66210e0c0b653c71684ff7a3",
      "srcAnnotation": "6620ef9e088a99251fd38ba8",
      "type": "box",
      "label": "goal-top-left",
      "attributes": [],
      "coordinates": [
        {
          "x": 509.7484670736494,
          "y": 233.36789275458096,
          "z": 0
        },
        {
          "x": 809.7894265159249,
          "y": 381.16927641551956,
          "z": 0
        }
      ],
      "metadata": {
        "system": {
          "attributes": {},
          "automated": false,
          "clientId": "2131349a-86f9-476e-a156-cdbe7d7e31d2",
          "coordinateVersion": "v2",
          "endFrame": 0,
          "endTime": 0,
          "frame": 0,
          "itemLinks": [],
          "objectId": "9",
          "openAnnotationVersion": "1.75.0-prod.1",
          "plottingParams": {},
          "recipeId": "6620cb3bf7dd129c3fb8e289",
          "snapshots_": [],
          "startTime": 0,
          "system": false
        },
        "user": {}
      },
      "creator": "kim.lichtenberg@wearetriple.com",
      "createdAt": "2024-04-18T12:12:16.960Z",
      "updatedBy": "kim.lichtenberg@wearetriple.com",
      "updatedAt": "2024-04-18T12:12:16.960Z",
      "hash": "5b83c307d5fa1c24cdfbafd2990b52e633bf3cbd",
      "source": "ui"
    },
    {
      "id": "66210e218095cc09b589545b",
      "datasetId": "66210e0c0b653c71684ff7a3",
      "itemId": "66210e0e8095cc9edc8947cb",
      "url": "https://gate.dataloop.ai/api/v1/annotations/66210e218095cc09b589545b",
      "item": "https://gate.dataloop.ai/api/v1/items/66210e0e8095cc9edc8947cb",
      "dataset": "https://gate.dataloop.ai/api/v1/datasets/66210e0c0b653c71684ff7a3",
      "srcAnnotation": "6620ef9e088a99eb93d38bab",
      "type": "box",
      "label": "goal-bottom-left",
      "attributes": [],
      "coordinates": [
        {
          "x": 509.6575499411782,
          "y": 381.4565014530996,
          "z": 0
        },
        {
          "x": 809.6985093834538,
          "y": 529.2578851140381,
          "z": 0
        }
      ],
      "metadata": {
        "system": {
          "attributes": {},
          "automated": false,
          "clientId": "62a0dfda-9192-4daf-a40b-4512256a3058",
          "coordinateVersion": "v2",
          "endFrame": 0,
          "endTime": 0,
          "frame": 0,
          "itemLinks": [],
          "objectId": "44",
          "openAnnotationVersion": "1.75.0-prod.1",
          "plottingParams": {},
          "recipeId": "6620cb3bf7dd129c3fb8e289",
          "snapshots_": [],
          "startTime": 0,
          "system": false
        },
        "user": {}
      },
      "creator": "kim.lichtenberg@wearetriple.com",
      "createdAt": "2024-04-18T12:12:17.397Z",
      "updatedBy": "kim.lichtenberg@wearetriple.com",
      "updatedAt": "2024-04-18T12:12:17.397Z",
      "hash": "4a827fa2e4c7167d15432e19c054801d77cad729",
      "source": "ui"
    },
    {
      "id": "66210e218095cc1dff895446",
      "datasetId": "66210e0c0b653c71684ff7a3",
      "itemId": "66210e0e8095cc9edc8947cb",
      "url": "https://gate.dataloop.ai/api/v1/annotations/66210e218095cc1dff895446",
      "item": "https://gate.dataloop.ai/api/v1/items/66210e0e8095cc9edc8947cb",
      "dataset": "https://gate.dataloop.ai/api/v1/datasets/66210e0c0b653c71684ff7a3",
      "srcAnnotation": "6620ef9e088a994c50d38bac",
      "type": "box",
      "label": "football",
      "attributes": [],
      "coordinates": [
        {
          "x": 933.1661051944053,
          "y": 727.9851578849152,
          "z": 0
        },
        {
          "x": 988.8261051944053,
          "y": 770.4351578849152,
          "z": 0
        }
      ],
      "metadata": {
        "system": {
          "attributes": {},
          "automated": false,
          "clientId": "4f6034f4-6cb5-4a38-816d-a84a23dcb070",
          "coordinateVersion": "v2",
          "endFrame": 0,
          "endTime": 0,
          "frame": 0,
          "itemLinks": [],
          "objectId": "1",
          "openAnnotationVersion": "1.75.0-prod.1",
          "plottingParams": {},
          "recipeId": "6620cb3bf7dd129c3fb8e289",
          "snapshots_": [],
          "startTime": 0,
          "system": false
        },
        "user": {}
      },
      "creator": "kim.lichtenberg@wearetriple.com",
      "createdAt": "2024-04-18T12:12:17.093Z",
      "updatedBy": "kim.lichtenberg@wearetriple.com",
      "updatedAt": "2024-04-18T12:12:17.093Z",
      "hash": "0fc2097a969cf940d09d6cb49e3467d893cf9097",
      "source": "ui"
    },
    {
      "id": "66210e218095cc698889544e",
      "datasetId": "66210e0c0b653c71684ff7a3",
      "itemId": "66210e0e8095cc9edc8947cb",
      "url": "https://gate.dataloop.ai/api/v1/annotations/66210e218095cc698889544e",
      "item": "https://gate.dataloop.ai/api/v1/items/66210e0e8095cc9edc8947cb",
      "dataset": "https://gate.dataloop.ai/api/v1/datasets/66210e0c0b653c71684ff7a3",
      "srcAnnotation": "6620ef9e088a997dd5d38baf",
      "type": "box",
      "label": "goal-top-right",
      "attributes": [],
      "coordinates": [
        {
          "x": 1109.9232072237482,
          "y": 233.5121050067239,
          "z": 0
        },
        {
          "x": 1410.2287249676674,
          "y": 381.3134886676626,
          "z": 0
        }
      ],
      "metadata": {
        "system": {
          "attributes": {},
          "automated": false,
          "clientId": "0e9f0bb1-1b1a-4b63-983e-b94e69affb47",
          "coordinateVersion": "v2",
          "endFrame": 0,
          "endTime": 0,
          "frame": 0,
          "itemLinks": [],
          "objectId": "43",
          "openAnnotationVersion": "1.75.0-prod.1",
          "plottingParams": {},
          "recipeId": "6620cb3bf7dd129c3fb8e289",
          "snapshots_": [],
          "startTime": 0,
          "system": false
        },
        "user": {}
      },
      "creator": "kim.lichtenberg@wearetriple.com",
      "createdAt": "2024-04-18T12:12:17.214Z",
      "updatedBy": "kim.lichtenberg@wearetriple.com",
      "updatedAt": "2024-04-18T12:12:17.214Z",
      "hash": "2566f8bb7a68305573b22f585ea4d646acc44009",
      "source": "ui"
    },
    {
      "id": "66210e218095cc6e0d895442",
      "datasetId": "66210e0c0b653c71684ff7a3",
      "itemId": "66210e0e8095cc9edc8947cb",
      "url": "https://gate.dataloop.ai/api/v1/annotations/66210e218095cc6e0d895442",
      "item": "https://gate.dataloop.ai/api/v1/items/66210e0e8095cc9edc8947cb",
      "dataset": "https://gate.dataloop.ai/api/v1/datasets/66210e0c0b653c71684ff7a3",
      "srcAnnotation": "6620ef9e088a994a84d38bad",
      "type": "box",
      "label": "goal-middle-down",
      "attributes": [],
      "coordinates": [
        {
          "x": 810.062128965418,
          "y": 381.52566120113283,
          "z": 0
        },
        {
          "x": 1110.1030884076936,
          "y": 529.3270448620716,
          "z": 0
        }
      ],
      "metadata": {
        "system": {
          "attributes": {},
          "automated": false,
          "clientId": "27dfcc2b-cda5-43ef-9df8-377c075fff04",
          "coordinateVersion": "v2",
          "endFrame": 0,
          "endTime": 0,
          "frame": 0,
          "itemLinks": [],
          "objectId": "45",
          "openAnnotationVersion": "1.75.0-prod.1",
          "plottingParams": {},
          "recipeId": "6620cb3bf7dd129c3fb8e289",
          "snapshots_": [],
          "startTime": 0,
          "system": false
        },
        "user": {}
      },
      "creator": "kim.lichtenberg@wearetriple.com",
      "createdAt": "2024-04-18T12:12:17.027Z",
      "updatedBy": "kim.lichtenberg@wearetriple.com",
      "updatedAt": "2024-04-18T12:12:17.027Z",
      "hash": "198527b64dd0c829f79ffb79e88d00127b979064",
      "source": "ui"
    },
    {
      "id": "66210e218095ccc0cf89544a",
      "datasetId": "66210e0c0b653c71684ff7a3",
      "itemId": "66210e0e8095cc9edc8947cb",
      "url": "https://gate.dataloop.ai/api/v1/annotations/66210e218095ccc0cf89544a",
      "item": "https://gate.dataloop.ai/api/v1/items/66210e0e8095cc9edc8947cb",
      "dataset": "https://gate.dataloop.ai/api/v1/datasets/66210e0c0b653c71684ff7a3",
      "srcAnnotation": "6620ef9e088a997636d38ba7",
      "type": "box",
      "label": "goal-middle-up",
      "attributes": [],
      "coordinates": [
        {
          "x": 810.1311204331535,
          "y": 233.400564430087,
          "z": 0
        },
        {
          "x": 1109.6152633201598,
          "y": 381.20194809102566,
          "z": 0
        }
      ],
      "metadata": {
        "system": {
          "attributes": {},
          "automated": false,
          "clientId": "deadb8fc-c75f-4da2-9fa0-9fd6a298f1ae",
          "coordinateVersion": "v2",
          "endFrame": 0,
          "endTime": 0,
          "frame": 0,
          "itemLinks": [],
          "objectId": "42",
          "openAnnotationVersion": "1.75.0-prod.1",
          "plottingParams": {},
          "recipeId": "6620cb3bf7dd129c3fb8e289",
          "snapshots_": [],
          "startTime": 0,
          "system": false
        },
        "user": {}
      },
      "creator": "kim.lichtenberg@wearetriple.com",
      "createdAt": "2024-04-18T12:12:17.149Z",
      "updatedBy": "kim.lichtenberg@wearetriple.com",
      "updatedAt": "2024-04-18T12:12:17.149Z",
      "hash": "b8fb25169019aa6f0e9696b4e19a69ab77f929f1",
      "source": "ui"
    },
    {
      "id": "66210e218095ccd505895457",
      "datasetId": "66210e0c0b653c71684ff7a3",
      "itemId": "66210e0e8095cc9edc8947cb",
      "url": "https://gate.dataloop.ai/api/v1/annotations/66210e218095ccd505895457",
      "item": "https://gate.dataloop.ai/api/v1/items/66210e0e8095cc9edc8947cb",
      "dataset": "https://gate.dataloop.ai/api/v1/datasets/66210e0c0b653c71684ff7a3",
      "srcAnnotation": "6620ef9e088a99d96bd38ba9",
      "type": "box",
      "label": "goalkeeper",
      "attributes": [],
      "coordinates": [
        {
          "x": 940.7497025427219,
          "y": 275.97803918643126,
          "z": 0
        },
        {
          "x": 1049.8604729319075,
          "y": 534.1973635517734,
          "z": 0
        }
      ],
      "metadata": {
        "system": {
          "attributes": {},
          "automated": false,
          "clientId": "a65d9fe2-79d3-4b4d-a6c6-98e0748cb0f1",
          "coordinateVersion": "v2",
          "endFrame": 0,
          "endTime": 0,
          "frame": 0,
          "itemLinks": [],
          "objectId": "5",
          "openAnnotationVersion": "1.75.0-prod.1",
          "plottingParams": {},
          "recipeId": "6620cb3bf7dd129c3fb8e289",
          "snapshots_": [],
          "startTime": 0,
          "system": false
        },
        "user": {}
      },
      "creator": "kim.lichtenberg@wearetriple.com",
      "createdAt": "2024-04-18T12:12:17.345Z",
      "updatedBy": "kim.lichtenberg@wearetriple.com",
      "updatedAt": "2024-04-18T12:12:17.345Z",
      "hash": "01c6cb8fc650bea665ab2ac039a5d4859d347934",
      "source": "ui"
    },
    {
      "id": "66210e218095ccfb5d895452",
      "datasetId": "66210e0c0b653c71684ff7a3",
      "itemId": "66210e0e8095cc9edc8947cb",
      "url": "https://gate.dataloop.ai/api/v1/annotations/66210e218095ccfb5d895452",
      "item": "https://gate.dataloop.ai/api/v1/items/66210e0e8095cc9edc8947cb",
      "dataset": "https://gate.dataloop.ai/api/v1/datasets/66210e0c0b653c71684ff7a3",
      "srcAnnotation": "6620ef9e088a99d35ed38bae",
      "type": "box",
      "label": "goal-bottom-right",
      "attributes": [],
      "coordinates": [
        {
          "x": 1110.1232125446336,
          "y": 381.7760335497094,
          "z": 0
        },
        {
          "x": 1410.1641719869094,
          "y": 529.577417210648,
          "z": 0
        }
      ],
      "metadata": {
        "system": {
          "attributes": {},
          "automated": false,
          "clientId": "18a88be6-5a87-4807-819e-bf01fd46e4c8",
          "coordinateVersion": "v2",
          "endFrame": 0,
          "endTime": 0,
          "frame": 0,
          "itemLinks": [],
          "objectId": "51",
          "openAnnotationVersion": "1.75.0-prod.1",
          "plottingParams": {},
          "recipeId": "6620cb3bf7dd129c3fb8e289",
          "snapshots_": [],
          "startTime": 0,
          "system": false
        },
        "user": {}
      },
      "creator": "kim.lichtenberg@wearetriple.com",
      "createdAt": "2024-04-18T12:12:17.275Z",
      "updatedBy": "kim.lichtenberg@wearetriple.com",
      "updatedAt": "2024-04-18T12:12:17.275Z",
      "hash": "4d43e751c79ca8256c5bafec06ca0946cde0e44e",
      "source": "ui"
    }
  ],
  "annotationsCount": 9,
  "annotated": true,
  "srcItem": "6620cb8d6cc9746d90572881",
  "srcDataset": "6620cb3b6abc12d47dfc6ce9"
}