{
  "id": "66210e0e8095cc89b08947ca",
  "datasetId": "66210e0c0b653c71684ff7a3",
  "url": "https://gate.dataloop.ai/api/v1/items/66210e0e8095cc89b08947ca",
  "dataset": "https://gate.dataloop.ai/api/v1/datasets/66210e0c0b653c71684ff7a3",
  "createdAt": "2024-04-18T12:11:56.517Z",
  "dir": "/part0",
  "filename": "/part0/ezgif-frame-185.jpg",
  "type": "file",
  "hidden": false,
  "metadata": {
    "system": {
      "channels": 3,
      "encoding": "7bit",
      "height": 1080,
      "isBinary": true,
      "mimetype": "image/jpeg",
      "modalities": [],
      "originalname": "ezgif-frame-185.jpg",
      "refs": [],
      "size": 56098,
      "taskStatusLog": [],
      "thumbnailId": "66210e118095cc373f894a2c",
      "width": 1920
    }
  },
  "name": "ezgif-frame-185.jpg",
  "creator": "kim.lichtenberg@wearetriple.com",
  "updatedAt": "2024-04-18T12:12:36.029Z",
  "updatedBy": "rubiks@dataloop.ai",
  "stream": "https://gate.dataloop.ai/api/v1/items/66210e0e8095cc89b08947ca/stream",
  "thumbnail": "https://gate.dataloop.ai/api/v1/items/66210e0e8095cc89b08947ca/thumbnail",
  "annotations": [
    {
      "id": "66210e1b8095cc1b97895251",
      "datasetId": "66210e0c0b653c71684ff7a3",
      "itemId": "66210e0e8095cc89b08947ca",
      "url": "https://gate.dataloop.ai/api/v1/annotations/66210e1b8095cc1b97895251",
      "item": "https://gate.dataloop.ai/api/v1/items/66210e0e8095cc89b08947ca",
      "dataset": "https://gate.dataloop.ai/api/v1/datasets/66210e0c0b653c71684ff7a3",
      "srcAnnotation": "6620f9dba2379835e5115962",
      "type": "box",
      "label": "player",
      "attributes": [],
      "coordinates": [
        {
          "x": 513.2096226415092,
          "y": 544.8132075471699,
          "z": 0
        },
        {
          "x": 660.3409394383168,
          "y": 945.75320754717,
          "z": 0
        }
      ],
      "metadata": {
        "system": {
          "attributes": {},
          "automated": false,
          "clientId": "c6bd05cb-51b7-41d9-9132-0b71c2e767fc",
          "coordinateVersion": "v2",
          "endFrame": 0,
          "endTime": 0,
          "frame": 0,
          "itemLinks": [],
          "objectId": "3",
          "openAnnotationVersion": "1.75.0-prod.1",
          "plottingParams": {},
          "recipeId": "6620cb3bf7dd129c3fb8e289",
          "snapshots_": [],
          "startTime": 0,
          "system": false
        },
        "user": {}
      },
      "creator": "kim.lichtenberg@wearetriple.com",
      "createdAt": "2024-04-18T12:12:11.928Z",
      "updatedBy": "kim.lichtenberg@wearetriple.com",
      "updatedAt": "2024-04-18T12:12:11.928Z",
      "hash": "9e9e03f7eb7b137b1d57b3affe8ff295a6a79fdb",
      "source": "ui"
    },
    {
      "id": "66210e1b8095cc1c7f89521b",
      "datasetId": "66210e0c0b653c71684ff7a3",
      "itemId": "66210e0e8095cc89b08947ca",
      "url": "https://gate.dataloop.ai/api/v1/annotations/66210e1b8095cc1c7f89521b",
      "item": "https://gate.dataloop.ai/api/v1/items/66210e0e8095cc89b08947ca",
      "dataset": "https://gate.dataloop.ai/api/v1/datasets/66210e0c0b653c71684ff7a3",
      "srcAnnotation": "6620f9dba2379827df115964",
      "type": "box",
      "label": "football",
      "attributes": [],
      "coordinates": [
        {
          "x": 930.3359165151602,
          "y": 727.9851578849152,
          "z": 0
        },
        {
          "x": 985.9959165151603,
          "y": 770.435157884915,
          "z": 0
        }
      ],
      "metadata": {
        "system": {
          "attributes": {},
          "automated": false,
          "clientId": "7b2f911d-6ed4-4755-901b-839b593184f0",
          "coordinateVersion": "v2",
          "endFrame": 0,
          "endTime": 0,
          "frame": 0,
          "isOnlyLocal": false,
          "isOpen": false,
          "itemLinks": [],
          "objectId": "1",
          "openAnnotationVersion": "1.75.0-prod.1",
          "plottingParams": {},
          "recipeId": "6620cb3bf7dd129c3fb8e289",
          "snapshots_": [],
          "startTime": 0,
          "system": false
        },
        "user": {}
      },
      "creator": "kim.lichtenberg@wearetriple.com",
      "createdAt": "2024-04-18T12:12:11.578Z",
      "updatedBy": "kim.lichtenberg@wearetriple.com",
      "updatedAt": "2024-04-18T12:12:11.578Z",
      "hash": "8fb0178cd48e0de41d58158b2f882396425850a0",
      "source": "ui"
    },
    {
      "id": "66210e1b8095cc304089523c",
      "datasetId": "66210e0c0b653c71684ff7a3",
      "itemId": "66210e0e8095cc89b08947ca",
      "url": "https://gate.dataloop.ai/api/v1/annotations/66210e1b8095cc304089523c",
      "item": "https://gate.dataloop.ai/api/v1/items/66210e0e8095cc89b08947ca",
      "dataset": "https://gate.dataloop.ai/api/v1/datasets/66210e0c0b653c71684ff7a3",
      "srcAnnotation": "6620f9dba2379829df115960",
      "type": "box",
      "label": "goal-top-left",
      "attributes": [],
      "coordinates": [
        {
          "x": 509.7484670736494,
          "y": 233.36789275458096,
          "z": 0
        },
        {
          "x": 809.7894265159249,
          "y": 381.16927641551956,
          "z": 0
        }
      ],
      "metadata": {
        "system": {
          "attributes": {},
          "automated": false,
          "clientId": "e5d4b855-e778-40a8-a4ab-8fe50c47eee6",
          "coordinateVersion": "v2",
          "endFrame": 0,
          "endTime": 0,
          "frame": 0,
          "itemLinks": [],
          "objectId": "9",
          "openAnnotationVersion": "1.75.0-prod.1",
          "plottingParams": {},
          "recipeId": "6620cb3bf7dd129c3fb8e289",
          "snapshots_": [],
          "startTime": 0,
          "system": false
        },
        "user": {}
      },
      "creator": "kim.lichtenberg@wearetriple.com",
      "createdAt": "2024-04-18T12:12:11.803Z",
      "updatedBy": "kim.lichtenberg@wearetriple.com",
      "updatedAt": "2024-04-18T12:12:11.803Z",
      "hash": "c590ea57fe8693172238f02c64108bc063eb6a3a",
      "source": "ui"
    },
    {
      "id": "66210e1c8095cc1adb895297",
      "datasetId": "66210e0c0b653c71684ff7a3",
      "itemId": "66210e0e8095cc89b08947ca",
      "url": "https://gate.dataloop.ai/api/v1/annotations/66210e1c8095cc1adb895297",
      "item": "https://gate.dataloop.ai/api/v1/items/66210e0e8095cc89b08947ca",
      "dataset": "https://gate.dataloop.ai/api/v1/datasets/66210e0c0b653c71684ff7a3",
      "srcAnnotation": "6620f9dba2379867b1115966",
      "type": "box",
      "label": "goal-middle-down",
      "attributes": [],
      "coordinates": [
        {
          "x": 810.062128965418,
          "y": 381.52566120113283,
          "z": 0
        },
        {
          "x": 1110.1030884076936,
          "y": 529.3270448620716,
          "z": 0
        }
      ],
      "metadata": {
        "system": {
          "attributes": {},
          "automated": false,
          "clientId": "318a745d-f13c-4166-901d-6995dfed4dcc",
          "coordinateVersion": "v2",
          "endFrame": 0,
          "endTime": 0,
          "frame": 0,
          "itemLinks": [],
          "objectId": "45",
          "openAnnotationVersion": "1.75.0-prod.1",
          "plottingParams": {},
          "recipeId": "6620cb3bf7dd129c3fb8e289",
          "snapshots_": [],
          "startTime": 0,
          "system": false
        },
        "user": {}
      },
      "creator": "kim.lichtenberg@wearetriple.com",
      "createdAt": "2024-04-18T12:12:12.379Z",
      "updatedBy": "kim.lichtenberg@wearetriple.com",
      "updatedAt": "2024-04-18T12:12:12.379Z",
      "hash": "f6b106fc206283dbc0391e75f1fa8cd4d07ceba0",
      "source": "ui"
    },
    {
      "id": "66210e1c8095cc2d1e8952d7",
      "datasetId": "66210e0c0b653c71684ff7a3",
      "itemId": "66210e0e8095cc89b08947ca",
      "url": "https://gate.dataloop.ai/api/v1/annotations/66210e1c8095cc2d1e8952d7",
      "item": "https://gate.dataloop.ai/api/v1/items/66210e0e8095cc89b08947ca",
      "dataset": "https://gate.dataloop.ai/api/v1/datasets/66210e0c0b653c71684ff7a3",
      "srcAnnotation": "662102b817cb467287302f6e",
      "type": "box",
      "label": "circle",
      "attributes": [],
      "coordinates": [
        {
          "x": 778.3018867924529,
          "y": 712.7396226415095,
          "z": 0
        },
        {
          "x": 1133.961886792453,
          "y": 798.5896226415094,
          "z": 0
        }
      ],
      "metadata": {
        "system": {
          "attributes": {},
          "automated": false,
          "clientId": "1a8bb3fd-69eb-4733-bb07-d2ab927ce372",
          "coordinateVersion": "v2",
          "endFrame": 0,
          "endTime": 0,
          "frame": 0,
          "itemLinks": [],
          "objectId": "52",
          "openAnnotationVersion": "1.75.0-prod.1",
          "recipeId": "6620cb3bf7dd129c3fb8e289",
          "snapshots_": [],
          "startTime": 0,
          "system": false
        },
        "user": {}
      },
      "creator": "kim.lichtenberg@wearetriple.com",
      "createdAt": "2024-04-18T12:12:12.785Z",
      "updatedBy": "kim.lichtenberg@wearetriple.com",
      "updatedAt": "2024-04-18T12:12:12.785Z",
      "hash": "1017d15df73e11e8940ac8a916d4f152d6658639",
      "source": "ui"
    },
    {
      "id": "66210e1c8095cc3b468952b7",
      "datasetId": "66210e0c0b653c71684ff7a3",
      "itemId": "66210e0e8095cc89b08947ca",
      "url": "https://gate.dataloop.ai/api/v1/annotations/66210e1c8095cc3b468952b7",
      "item": "https://gate.dataloop.ai/api/v1/items/66210e0e8095cc89b08947ca",
      "dataset": "https://gate.dataloop.ai/api/v1/datasets/66210e0c0b653c71684ff7a3",
      "srcAnnotation": "6620f9dba23798cf0e115963",
      "type": "ellipse",
      "label": "circle",
      "attributes": [],
      "coordinates": {
        "angle": 0,
        "center": {
          "x": 955.4992454938355,
          "y": 756.7978241196349,
          "z": 0
        },
        "rx": 169.51635469549504,
        "ry": 28.107836257667728
      },
      "metadata": {
        "system": {
          "attributes": {},
          "automated": false,
          "clientId": "0c59e15d-6b8e-4611-9e84-ff578f3206fe",
          "coordinateVersion": "v1",
          "endFrame": 0,
          "endTime": 0,
          "frame": 0,
          "isOnlyLocal": false,
          "isOpen": false,
          "itemLinks": [],
          "objectId": "1",
          "openAnnotationVersion": "1.75.0-prod.1",
          "plottingParams": {},
          "recipeId": "6620cb3bf7dd129c3fb8e289",
          "snapshots_": [],
          "startTime": 0,
          "system": false
        },
        "user": {}
      },
      "creator": "kim.lichtenberg@wearetriple.com",
      "createdAt": "2024-04-18T12:12:12.575Z",
      "updatedBy": "kim.lichtenberg@wearetriple.com",
      "updatedAt": "2024-04-18T12:12:12.575Z",
      "hash": "861823ed232f6f39601b0abd24e0aad270d490cf",
      "source": "ui"
    },
    {
      "id": "66210e1c8095cc81368952a8",
      "datasetId": "66210e0c0b653c71684ff7a3",
      "itemId": "66210e0e8095cc89b08947ca",
      "url": "https://gate.dataloop.ai/api/v1/annotations/66210e1c8095cc81368952a8",
      "item": "https://gate.dataloop.ai/api/v1/items/66210e0e8095cc89b08947ca",
      "dataset": "https://gate.dataloop.ai/api/v1/datasets/66210e0c0b653c71684ff7a3",
      "srcAnnotation": "6620f9dba2379871b411595f",
      "type": "box",
      "label": "goalkeeper",
      "attributes": [],
      "coordinates": [
        {
          "x": 901.1411022850482,
          "y": 292.63172843742564,
          "z": 0
        },
        {
          "x": 1024.4062521140436,
          "y": 534.2105664291119,
          "z": 0
        }
      ],
      "metadata": {
        "system": {
          "attributes": {},
          "automated": false,
          "clientId": "fada2ea9-bb8e-4dd9-a5fc-70bd11421146",
          "coordinateVersion": "v2",
          "endFrame": 0,
          "endTime": 0,
          "frame": 0,
          "itemLinks": [],
          "objectId": "5",
          "openAnnotationVersion": "1.75.0-prod.1",
          "plottingParams": {},
          "recipeId": "6620cb3bf7dd129c3fb8e289",
          "snapshots_": [],
          "startTime": 0,
          "system": false
        },
        "user": {}
      },
      "creator": "kim.lichtenberg@wearetriple.com",
      "createdAt": "2024-04-18T12:12:12.484Z",
      "updatedBy": "kim.lichtenberg@wearetriple.com",
      "updatedAt": "2024-04-18T12:12:12.484Z",
      "hash": "7279cc6a679fcf314a3b24e242101ccb125ce5b5",
      "source": "ui"
    },
    {
      "id": "66210e1c8095cc957c895288",
      "datasetId": "66210e0c0b653c71684ff7a3",
      "itemId": "66210e0e8095cc89b08947ca",
      "url": "https://gate.dataloop.ai/api/v1/annotations/66210e1c8095cc957c895288",
      "item": "https://gate.dataloop.ai/api/v1/items/66210e0e8095cc89b08947ca",
      "dataset": "https://gate.dataloop.ai/api/v1/datasets/66210e0c0b653c71684ff7a3",
      "srcAnnotation": "6620f9dba237986086115965",
      "type": "box",
      "label": "goal-bottom-right",
      "attributes": [],
      "coordinates": [
        {
          "x": 1110.1232125446336,
          "y": 381.7760335497094,
          "z": 0
        },
        {
          "x": 1410.1641719869094,
          "y": 529.577417210648,
          "z": 0
        }
      ],
      "metadata": {
        "system": {
          "attributes": {},
          "automated": false,
          "clientId": "375809d5-5ba2-45b1-912b-07571f416fbb",
          "coordinateVersion": "v2",
          "endFrame": 0,
          "endTime": 0,
          "frame": 0,
          "itemLinks": [],
          "objectId": "51",
          "openAnnotationVersion": "1.75.0-prod.1",
          "plottingParams": {},
          "recipeId": "6620cb3bf7dd129c3fb8e289",
          "snapshots_": [],
          "startTime": 0,
          "system": false
        },
        "user": {}
      },
      "creator": "kim.lichtenberg@wearetriple.com",
      "createdAt": "2024-04-18T12:12:12.273Z",
      "updatedBy": "kim.lichtenberg@wearetriple.com",
      "updatedAt": "2024-04-18T12:12:12.273Z",
      "hash": "29136430283efe417636a767933c72ea3f0780cc",
      "source": "ui"
    },
    {
      "id": "66210e1c8095cca19e8952c5",
      "datasetId": "66210e0c0b653c71684ff7a3",
      "itemId": "66210e0e8095cc89b08947ca",
      "url": "https://gate.dataloop.ai/api/v1/annotations/66210e1c8095cca19e8952c5",
      "item": "https://gate.dataloop.ai/api/v1/items/66210e0e8095cc89b08947ca",
      "dataset": "https://gate.dataloop.ai/api/v1/datasets/66210e0c0b653c71684ff7a3",
      "srcAnnotation": "6620f9dba23798e47d11595e",
      "type": "box",
      "label": "goal-top-right",
      "attributes": [],
      "coordinates": [
        {
          "x": 1109.9232072237482,
          "y": 233.5121050067239,
          "z": 0
        },
        {
          "x": 1410.2287249676674,
          "y": 381.3134886676626,
          "z": 0
        }
      ],
      "metadata": {
        "system": {
          "attributes": {},
          "automated": false,
          "clientId": "e2ccb3e2-5a4d-4cbe-8f25-7911e1062776",
          "coordinateVersion": "v2",
          "endFrame": 0,
          "endTime": 0,
          "frame": 0,
          "itemLinks": [],
          "objectId": "43",
          "openAnnotationVersion": "1.75.0-prod.1",
          "plottingParams": {},
          "recipeId": "6620cb3bf7dd129c3fb8e289",
          "snapshots_": [],
          "startTime": 0,
          "system": false
        },
        "user": {}
      },
      "creator": "kim.lichtenberg@wearetriple.com",
      "createdAt": "2024-04-18T12:12:12.678Z",
      "updatedBy": "kim.lichtenberg@wearetriple.com",
      "updatedAt": "2024-04-18T12:12:12.678Z",
      "hash": "b33b8c811b6ad8e306f54a4e6b5a20ddc12af53d",
      "source": "ui"
    },
    {
      "id": "66210e1c8095ccb6a2895279",
      "datasetId": "66210e0c0b653c71684ff7a3",
      "itemId": "66210e0e8095cc89b08947ca",
      "url": "https://gate.dataloop.ai/api/v1/annotations/66210e1c8095ccb6a2895279",
      "item": "https://gate.dataloop.ai/api/v1/items/66210e0e8095cc89b08947ca",
      "dataset": "https://gate.dataloop.ai/api/v1/datasets/66210e0c0b653c71684ff7a3",
      "srcAnnotation": "6620f9dba23798494a115967",
      "type": "box",
      "label": "goal-bottom-left",
      "attributes": [],
      "coordinates": [
        {
          "x": 509.6575499411782,
          "y": 381.4565014530996,
          "z": 0
        },
        {
          "x": 809.6985093834538,
          "y": 529.2578851140381,
          "z": 0
        }
      ],
      "metadata": {
        "system": {
          "attributes": {},
          "automated": false,
          "clientId": "a29b64ae-350c-4242-8e64-9998105abc4f",
          "coordinateVersion": "v2",
          "endFrame": 0,
          "endTime": 0,
          "frame": 0,
          "itemLinks": [],
          "objectId": "44",
          "openAnnotationVersion": "1.75.0-prod.1",
          "plottingParams": {},
          "recipeId": "6620cb3bf7dd129c3fb8e289",
          "snapshots_": [],
          "startTime": 0,
          "system": false
        },
        "user": {}
      },
      "creator": "kim.lichtenberg@wearetriple.com",
      "createdAt": "2024-04-18T12:12:12.182Z",
      "updatedBy": "kim.lichtenberg@wearetriple.com",
      "updatedAt": "2024-04-18T12:12:12.182Z",
      "hash": "ed8ad4046ec14218183d8e444a824e83bcf18efc",
      "source": "ui"
    },
    {
      "id": "66210e1c8095cce466895264",
      "datasetId": "66210e0c0b653c71684ff7a3",
      "itemId": "66210e0e8095cc89b08947ca",
      "url": "https://gate.dataloop.ai/api/v1/annotations/66210e1c8095cce466895264",
      "item": "https://gate.dataloop.ai/api/v1/items/66210e0e8095cc89b08947ca",
      "dataset": "https://gate.dataloop.ai/api/v1/datasets/66210e0c0b653c71684ff7a3",
      "srcAnnotation": "6620f9dba237983708115961",
      "type": "box",
      "label": "goal-middle-up",
      "attributes": [],
      "coordinates": [
        {
          "x": 810.1311204331535,
          "y": 233.400564430087,
          "z": 0
        },
        {
          "x": 1109.6152633201598,
          "y": 381.20194809102566,
          "z": 0
        }
      ],
      "metadata": {
        "system": {
          "attributes": {},
          "automated": false,
          "clientId": "e38bd494-c0e5-4ba9-9e5e-bc6270ca9939",
          "coordinateVersion": "v2",
          "endFrame": 0,
          "endTime": 0,
          "frame": 0,
          "itemLinks": [],
          "objectId": "42",
          "openAnnotationVersion": "1.75.0-prod.1",
          "plottingParams": {},
          "recipeId": "6620cb3bf7dd129c3fb8e289",
          "snapshots_": [],
          "startTime": 0,
          "system": false
        },
        "user": {}
      },
      "creator": "kim.lichtenberg@wearetriple.com",
      "createdAt": "2024-04-18T12:12:12.060Z",
      "updatedBy": "kim.lichtenberg@wearetriple.com",
      "updatedAt": "2024-04-18T12:12:12.060Z",
      "hash": "e7f560c7dde9582bf87bedb35f28dc88467257c3",
      "source": "ui"
    }
  ],
  "annotationsCount": 11,
  "annotated": true,
  "srcItem": "6620cb8ba9bd20cdbd17e1c3",
  "srcDataset": "6620cb3b6abc12d47dfc6ce9"
}