{
  "id": "66210e0e8095ccf4fb8947c5",
  "datasetId": "66210e0c0b653c71684ff7a3",
  "url": "https://gate.dataloop.ai/api/v1/items/66210e0e8095ccf4fb8947c5",
  "dataset": "https://gate.dataloop.ai/api/v1/datasets/66210e0c0b653c71684ff7a3",
  "createdAt": "2024-04-18T12:11:56.516Z",
  "dir": "/part0",
  "filename": "/part0/ezgif-frame-186.jpg",
  "type": "file",
  "hidden": false,
  "metadata": {
    "system": {
      "channels": 3,
      "encoding": "7bit",
      "height": 1080,
      "isBinary": true,
      "mimetype": "image/jpeg",
      "modalities": [],
      "originalname": "ezgif-frame-186.jpg",
      "refs": [],
      "size": 56419,
      "taskStatusLog": [],
      "thumbnailId": "66210e108095cc6fc58949db",
      "width": 1920
    }
  },
  "name": "ezgif-frame-186.jpg",
  "creator": "kim.lichtenberg@wearetriple.com",
  "updatedAt": "2024-04-18T12:12:35.869Z",
  "updatedBy": "rubiks@dataloop.ai",
  "stream": "https://gate.dataloop.ai/api/v1/items/66210e0e8095ccf4fb8947c5/stream",
  "thumbnail": "https://gate.dataloop.ai/api/v1/items/66210e0e8095ccf4fb8947c5/thumbnail",
  "annotations": [
    {
      "id": "66210e158095cc0b51894dcb",
      "datasetId": "66210e0c0b653c71684ff7a3",
      "itemId": "66210e0e8095ccf4fb8947c5",
      "url": "https://gate.dataloop.ai/api/v1/annotations/66210e158095cc0b51894dcb",
      "item": "https://gate.dataloop.ai/api/v1/items/66210e0e8095ccf4fb8947c5",
      "dataset": "https://gate.dataloop.ai/api/v1/datasets/66210e0c0b653c71684ff7a3",
      "srcAnnotation": "6620fb66088a996b05d3ae94",
      "type": "box",
      "label": "goal-bottom-left",
      "attributes": [],
      "coordinates": [
        {
          "x": 509.6575499411782,
          "y": 381.4565014530996,
          "z": 0
        },
        {
          "x": 809.6985093834538,
          "y": 529.2578851140381,
          "z": 0
        }
      ],
      "metadata": {
        "system": {
          "attributes": {},
          "automated": false,
          "clientId": "66b719e7-b82a-4dc3-bb43-8ea04c0e6dbb",
          "coordinateVersion": "v2",
          "endFrame": 0,
          "endTime": 0,
          "frame": 0,
          "itemLinks": [],
          "objectId": "44",
          "openAnnotationVersion": "1.75.0-prod.1",
          "plottingParams": {},
          "recipeId": "6620cb3bf7dd129c3fb8e289",
          "snapshots_": [],
          "startTime": 0,
          "system": false
        },
        "user": {}
      },
      "creator": "kim.lichtenberg@wearetriple.com",
      "createdAt": "2024-04-18T12:12:05.896Z",
      "updatedBy": "kim.lichtenberg@wearetriple.com",
      "updatedAt": "2024-04-18T12:12:05.896Z",
      "hash": "baef240acc4bad8feddb927175405f90cb2ef64c",
      "source": "ui"
    },
    {
      "id": "66210e158095cc468b894d92",
      "datasetId": "66210e0c0b653c71684ff7a3",
      "itemId": "66210e0e8095ccf4fb8947c5",
      "url": "https://gate.dataloop.ai/api/v1/annotations/66210e158095cc468b894d92",
      "item": "https://gate.dataloop.ai/api/v1/items/66210e0e8095ccf4fb8947c5",
      "dataset": "https://gate.dataloop.ai/api/v1/datasets/66210e0c0b653c71684ff7a3",
      "srcAnnotation": "6620fb66088a992b08d3ae95",
      "type": "box",
      "label": "football",
      "attributes": [],
      "coordinates": [
        {
          "x": 930.3359165151602,
          "y": 727.9851578849152,
          "z": 0
        },
        {
          "x": 985.9959165151603,
          "y": 770.435157884915,
          "z": 0
        }
      ],
      "metadata": {
        "system": {
          "attributes": {},
          "automated": false,
          "clientId": "441b7002-401e-4548-b89b-b2d64a08f4b0",
          "coordinateVersion": "v2",
          "endFrame": 0,
          "endTime": 0,
          "frame": 0,
          "itemLinks": [],
          "objectId": "1",
          "openAnnotationVersion": "1.75.0-prod.1",
          "plottingParams": {},
          "recipeId": "6620cb3bf7dd129c3fb8e289",
          "snapshots_": [],
          "startTime": 0,
          "system": false
        },
        "user": {}
      },
      "creator": "kim.lichtenberg@wearetriple.com",
      "createdAt": "2024-04-18T12:12:05.650Z",
      "updatedBy": "kim.lichtenberg@wearetriple.com",
      "updatedAt": "2024-04-18T12:12:05.650Z",
      "hash": "f808e423615d47143148c394401b14de6caf4929",
      "source": "ui"
    },
    {
      "id": "66210e158095cc5c64894d81",
      "datasetId": "66210e0c0b653c71684ff7a3",
      "itemId": "66210e0e8095ccf4fb8947c5",
      "url": "https://gate.dataloop.ai/api/v1/annotations/66210e158095cc5c64894d81",
      "item": "https://gate.dataloop.ai/api/v1/items/66210e0e8095ccf4fb8947c5",
      "dataset": "https://gate.dataloop.ai/api/v1/datasets/66210e0c0b653c71684ff7a3",
      "srcAnnotation": "6620fb66088a992786d3ae90",
      "type": "box",
      "label": "player",
      "attributes": [],
      "coordinates": [
        {
          "x": 513.2096226415092,
          "y": 544.8132075471699,
          "z": 0
        },
        {
          "x": 660.3409394383168,
          "y": 945.75320754717,
          "z": 0
        }
      ],
      "metadata": {
        "system": {
          "attributes": {},
          "automated": false,
          "clientId": "7adf9339-8456-44d9-accf-e50804b26a54",
          "coordinateVersion": "v2",
          "endFrame": 0,
          "endTime": 0,
          "frame": 0,
          "itemLinks": [],
          "objectId": "3",
          "openAnnotationVersion": "1.75.0-prod.1",
          "plottingParams": {},
          "recipeId": "6620cb3bf7dd129c3fb8e289",
          "snapshots_": [],
          "startTime": 0,
          "system": false
        },
        "user": {}
      },
      "creator": "kim.lichtenberg@wearetriple.com",
      "createdAt": "2024-04-18T12:12:05.530Z",
      "updatedBy": "kim.lichtenberg@wearetriple.com",
      "updatedAt": "2024-04-18T12:12:05.530Z",
      "hash": "37e6aa927c1d380e325c86a78bfe0fee1f98b091",
      "source": "ui"
    },
    {
      "id": "66210e158095cc792b894dae",
      "datasetId": "66210e0c0b653c71684ff7a3",
      "itemId": "66210e0e8095ccf4fb8947c5",
      "url": "https://gate.dataloop.ai/api/v1/annotations/66210e158095cc792b894dae",
      "item": "https://gate.dataloop.ai/api/v1/items/66210e0e8095ccf4fb8947c5",
      "dataset": "https://gate.dataloop.ai/api/v1/datasets/66210e0c0b653c71684ff7a3",
      "srcAnnotation": "6620fb66088a995bafd3ae98",
      "type": "box",
      "label": "goal-top-left",
      "attributes": [],
      "coordinates": [
        {
          "x": 509.7484670736494,
          "y": 233.36789275458096,
          "z": 0
        },
        {
          "x": 809.7894265159249,
          "y": 381.16927641551956,
          "z": 0
        }
      ],
      "metadata": {
        "system": {
          "attributes": {},
          "automated": false,
          "clientId": "6ea4e348-0476-405b-b6f0-49a25c99057f",
          "coordinateVersion": "v2",
          "endFrame": 0,
          "endTime": 0,
          "frame": 0,
          "itemLinks": [],
          "objectId": "9",
          "openAnnotationVersion": "1.75.0-prod.1",
          "plottingParams": {},
          "recipeId": "6620cb3bf7dd129c3fb8e289",
          "snapshots_": [],
          "startTime": 0,
          "system": false
        },
        "user": {}
      },
      "creator": "kim.lichtenberg@wearetriple.com",
      "createdAt": "2024-04-18T12:12:05.769Z",
      "updatedBy": "kim.lichtenberg@wearetriple.com",
      "updatedAt": "2024-04-18T12:12:05.769Z",
      "hash": "5c3adb24ccada1a66e64be9e3252918b5dc209f4",
      "source": "ui"
    },
    {
      "id": "66210e158095cc7aad894d6a",
      "datasetId": "66210e0c0b653c71684ff7a3",
      "itemId": "66210e0e8095ccf4fb8947c5",
      "url": "https://gate.dataloop.ai/api/v1/annotations/66210e158095cc7aad894d6a",
      "item": "https://gate.dataloop.ai/api/v1/items/66210e0e8095ccf4fb8947c5",
      "dataset": "https://gate.dataloop.ai/api/v1/datasets/66210e0c0b653c71684ff7a3",
      "srcAnnotation": "6620fb66088a991b5fd3ae96",
      "type": "box",
      "label": "goal-middle-up",
      "attributes": [],
      "coordinates": [
        {
          "x": 810.1311204331535,
          "y": 233.400564430087,
          "z": 0
        },
        {
          "x": 1109.6152633201598,
          "y": 381.20194809102566,
          "z": 0
        }
      ],
      "metadata": {
        "system": {
          "attributes": {},
          "automated": false,
          "clientId": "783ab9fb-77cb-4cc0-8d6b-730206bccdfa",
          "coordinateVersion": "v2",
          "endFrame": 0,
          "endTime": 0,
          "frame": 0,
          "itemLinks": [],
          "objectId": "42",
          "openAnnotationVersion": "1.75.0-prod.1",
          "plottingParams": {},
          "recipeId": "6620cb3bf7dd129c3fb8e289",
          "snapshots_": [],
          "startTime": 0,
          "system": false
        },
        "user": {}
      },
      "creator": "kim.lichtenberg@wearetriple.com",
      "createdAt": "2024-04-18T12:12:05.437Z",
      "updatedBy": "kim.lichtenberg@wearetriple.com",
      "updatedAt": "2024-04-18T12:12:05.437Z",
      "hash": "c43e0e03611e5dc19feba2f55f8d9863775d2350",
      "source": "ui"
    },
    {
      "id": "66210e158095ccc5b0894de3",
      "datasetId": "66210e0c0b653c71684ff7a3",
      "itemId": "66210e0e8095ccf4fb8947c5",
      "url": "https://gate.dataloop.ai/api/v1/annotations/66210e158095ccc5b0894de3",
      "item": "https://gate.dataloop.ai/api/v1/items/66210e0e8095ccf4fb8947c5",
      "dataset": "https://gate.dataloop.ai/api/v1/datasets/66210e0c0b653c71684ff7a3",
      "srcAnnotation": "6620fb66088a998be2d3ae99",
      "type": "box",
      "label": "goal-bottom-right",
      "attributes": [],
      "coordinates": [
        {
          "x": 1110.1232125446336,
          "y": 381.7760335497094,
          "z": 0
        },
        {
          "x": 1410.1641719869094,
          "y": 529.577417210648,
          "z": 0
        }
      ],
      "metadata": {
        "system": {
          "attributes": {},
          "automated": false,
          "clientId": "9785f0bb-b5d2-4707-85ce-5263fea4244c",
          "coordinateVersion": "v2",
          "endFrame": 0,
          "endTime": 0,
          "frame": 0,
          "itemLinks": [],
          "objectId": "51",
          "openAnnotationVersion": "1.75.0-prod.1",
          "plottingParams": {},
          "recipeId": "6620cb3bf7dd129c3fb8e289",
          "snapshots_": [],
          "startTime": 0,
          "system": false
        },
        "user": {}
      },
      "creator": "kim.lichtenberg@wearetriple.com",
      "createdAt": "2024-04-18T12:12:06.003Z",
      "updatedBy": "kim.lichtenberg@wearetriple.com",
      "updatedAt": "2024-04-18T12:12:06.003Z",
      "hash": "f2281c0d63e6e8c6731e061fb27986d21c3f421c",
      "source": "ui"
    },
    {
      "id": "66210e158095ccedf9894d52",
      "datasetId": "66210e0c0b653c71684ff7a3",
      "itemId": "66210e0e8095ccf4fb8947c5",
      "url": "https://gate.dataloop.ai/api/v1/annotations/66210e158095ccedf9894d52",
      "item": "https://gate.dataloop.ai/api/v1/items/66210e0e8095ccf4fb8947c5",
      "dataset": "https://gate.dataloop.ai/api/v1/datasets/66210e0c0b653c71684ff7a3",
      "srcAnnotation": "6620fb66088a991a9cd3ae93",
      "type": "box",
      "label": "goal-middle-down",
      "attributes": [],
      "coordinates": [
        {
          "x": 810.062128965418,
          "y": 381.52566120113283,
          "z": 0
        },
        {
          "x": 1110.1030884076936,
          "y": 529.3270448620716,
          "z": 0
        }
      ],
      "metadata": {
        "system": {
          "attributes": {},
          "automated": false,
          "clientId": "afc81a5c-f52b-4b61-8f83-f80ccc08425a",
          "coordinateVersion": "v2",
          "endFrame": 0,
          "endTime": 0,
          "frame": 0,
          "itemLinks": [],
          "objectId": "45",
          "openAnnotationVersion": "1.75.0-prod.1",
          "plottingParams": {},
          "recipeId": "6620cb3bf7dd129c3fb8e289",
          "snapshots_": [],
          "startTime": 0,
          "system": false
        },
        "user": {}
      },
      "creator": "kim.lichtenberg@wearetriple.com",
      "createdAt": "2024-04-18T12:12:05.336Z",
      "updatedBy": "kim.lichtenberg@wearetriple.com",
      "updatedAt": "2024-04-18T12:12:05.336Z",
      "hash": "51841624f5afd79e7c7e154cfde69b4a7256dbeb",
      "source": "ui"
    },
    {
      "id": "66210e168095cc0134894e38",
      "datasetId": "66210e0c0b653c71684ff7a3",
      "itemId": "66210e0e8095ccf4fb8947c5",
      "url": "https://gate.dataloop.ai/api/v1/annotations/66210e168095cc0134894e38",
      "item": "https://gate.dataloop.ai/api/v1/items/66210e0e8095ccf4fb8947c5",
      "dataset": "https://gate.dataloop.ai/api/v1/datasets/66210e0c0b653c71684ff7a3",
      "srcAnnotation": "6620fe7dc7f0342d061a9858",
      "type": "box",
      "label": "circle",
      "attributes": [],
      "coordinates": [
        {
          "x": 799.4805707936027,
          "y": 727.1410086419085,
          "z": 0
        },
        {
          "x": 1118.0748006643462,
          "y": 796.04,
          "z": 0
        }
      ],
      "metadata": {
        "system": {
          "attributes": {},
          "automated": false,
          "clientId": "918cefeb-899d-4e02-8351-781e1537a260",
          "coordinateVersion": "v2",
          "endFrame": 0,
          "endTime": 0,
          "frame": 0,
          "itemLinks": [],
          "objectId": "52",
          "openAnnotationVersion": "1.75.0-prod.1",
          "recipeId": "6620cb3bf7dd129c3fb8e289",
          "snapshots_": [],
          "startTime": 0,
          "system": false
        },
        "user": {}
      },
      "creator": "kim.lichtenberg@wearetriple.com",
      "createdAt": "2024-04-18T12:12:06.341Z",
      "updatedBy": "kim.lichtenberg@wearetriple.com",
      "updatedAt": "2024-04-18T12:12:06.341Z",
      "hash": "bd8245225cb20ec541a5cfe03e490125a4040dfc",
      "source": "ui"
    },
    {
      "id": "66210e168095cc2989894dfe",
      "datasetId": "66210e0c0b653c71684ff7a3",
      "itemId": "66210e0e8095ccf4fb8947c5",
      "url": "https://gate.dataloop.ai/api/v1/annotations/66210e168095cc2989894dfe",
      "item": "https://gate.dataloop.ai/api/v1/items/66210e0e8095ccf4fb8947c5",
      "dataset": "https://gate.dataloop.ai/api/v1/datasets/66210e0c0b653c71684ff7a3",
      "srcAnnotation": "6620fb66088a998d90d3ae91",
      "type": "box",
      "label": "goalkeeper",
      "attributes": [],
      "coordinates": [
        {
          "x": 901.1411022850482,
          "y": 292.63172843742564,
          "z": 0
        },
        {
          "x": 1024.4062521140436,
          "y": 534.2105664291119,
          "z": 0
        }
      ],
      "metadata": {
        "system": {
          "attributes": {},
          "automated": false,
          "clientId": "8772bf50-30a3-4226-9f31-61235c4e248e",
          "coordinateVersion": "v2",
          "endFrame": 0,
          "endTime": 0,
          "frame": 0,
          "itemLinks": [],
          "objectId": "5",
          "openAnnotationVersion": "1.75.0-prod.1",
          "plottingParams": {},
          "recipeId": "6620cb3bf7dd129c3fb8e289",
          "snapshots_": [],
          "startTime": 0,
          "system": false
        },
        "user": {}
      },
      "creator": "kim.lichtenberg@wearetriple.com",
      "createdAt": "2024-04-18T12:12:06.122Z",
      "updatedBy": "kim.lichtenberg@wearetriple.com",
      "updatedAt": "2024-04-18T12:12:06.122Z",
      "hash": "4cd696b8a7dbbacae32593597ccb0c152c78e2db",
      "source": "ui"
    },
    {
      "id": "66210e168095cc92e3894e1b",
      "datasetId": "66210e0c0b653c71684ff7a3",
      "itemId": "66210e0e8095ccf4fb8947c5",
      "url": "https://gate.dataloop.ai/api/v1/annotations/66210e168095cc92e3894e1b",
      "item": "https://gate.dataloop.ai/api/v1/items/66210e0e8095ccf4fb8947c5",
      "dataset": "https://gate.dataloop.ai/api/v1/datasets/66210e0c0b653c71684ff7a3",
      "srcAnnotation": "6620fb66088a999b56d3ae97",
      "type": "box",
      "label": "goal-top-right",
      "attributes": [],
      "coordinates": [
        {
          "x": 1109.9232072237482,
          "y": 233.5121050067239,
          "z": 0
        },
        {
          "x": 1410.2287249676674,
          "y": 381.3134886676626,
          "z": 0
        }
      ],
      "metadata": {
        "system": {
          "attributes": {},
          "automated": false,
          "clientId": "f2b1517e-6fd3-4b90-9bcd-eae7f727b6a2",
          "coordinateVersion": "v2",
          "endFrame": 0,
          "endTime": 0,
          "frame": 0,
          "itemLinks": [],
          "objectId": "43",
          "openAnnotationVersion": "1.75.0-prod.1",
          "plottingParams": {},
          "recipeId": "6620cb3bf7dd129c3fb8e289",
          "snapshots_": [],
          "startTime": 0,
          "system": false
        },
        "user": {}
      },
      "creator": "kim.lichtenberg@wearetriple.com",
      "createdAt": "2024-04-18T12:12:06.233Z",
      "updatedBy": "kim.lichtenberg@wearetriple.com",
      "updatedAt": "2024-04-18T12:12:06.233Z",
      "hash": "add08a25e13a35bf76de13b5ce4abc9276c69a54",
      "source": "ui"
    }
  ],
  "annotationsCount": 10,
  "annotated": true,
  "srcItem": "6620cb8ba561053fff0e79ad",
  "srcDataset": "6620cb3b6abc12d47dfc6ce9"
}