{
  "id": "66210e0f8095cc648a894891",
  "datasetId": "66210e0c0b653c71684ff7a3",
  "url": "https://gate.dataloop.ai/api/v1/items/66210e0f8095cc648a894891",
  "dataset": "https://gate.dataloop.ai/api/v1/datasets/66210e0c0b653c71684ff7a3",
  "createdAt": "2024-04-18T12:11:56.512Z",
  "dir": "/part0",
  "filename": "/part0/ezgif-frame-142.jpg",
  "type": "file",
  "hidden": false,
  "metadata": {
    "system": {
      "channels": 3,
      "encoding": "7bit",
      "height": 1080,
      "isBinary": true,
      "mimetype": "image/jpeg",
      "modalities": [],
      "originalname": "ezgif-frame-142.jpg",
      "refs": [],
      "size": 55418,
      "taskStatusLog": [],
      "thumbnailId": "66210e108095cc08548949fd",
      "width": 1920
    }
  },
  "name": "ezgif-frame-142.jpg",
  "creator": "kim.lichtenberg@wearetriple.com",
  "updatedAt": "2024-04-18T12:12:29.697Z",
  "updatedBy": "rubiks@dataloop.ai",
  "stream": "https://gate.dataloop.ai/api/v1/items/66210e0f8095cc648a894891/stream",
  "thumbnail": "https://gate.dataloop.ai/api/v1/items/66210e0f8095cc648a894891/thumbnail",
  "annotations": [
    {
      "id": "66210e168095cc0c13894ec4",
      "datasetId": "66210e0c0b653c71684ff7a3",
      "itemId": "66210e0f8095cc648a894891",
      "url": "https://gate.dataloop.ai/api/v1/annotations/66210e168095cc0c13894ec4",
      "item": "https://gate.dataloop.ai/api/v1/items/66210e0f8095cc648a894891",
      "dataset": "https://gate.dataloop.ai/api/v1/datasets/66210e0c0b653c71684ff7a3",
      "srcAnnotation": "66210b18a237987baf118705",
      "type": "box",
      "label": "goal-bottom-right",
      "attributes": [],
      "coordinates": [
        {
          "x": 1122.7534324702533,
          "y": 355.9630621337077,
          "z": 0
        },
        {
          "x": 1464.6128025575194,
          "y": 526.6472046358448,
          "z": 0
        }
      ],
      "metadata": {
        "system": {
          "attributes": {},
          "automated": false,
          "clientId": "d7e56b90-0952-45e7-bf6e-d2678315b233",
          "coordinateVersion": "v2",
          "endFrame": 0,
          "endTime": 0,
          "frame": 0,
          "itemLinks": [],
          "objectId": "17",
          "openAnnotationVersion": "1.75.0-prod.1",
          "plottingParams": {},
          "recipeId": "6620cb3bf7dd129c3fb8e289",
          "snapshots_": [],
          "startTime": 0,
          "system": false
        },
        "user": {}
      },
      "creator": "kim.lichtenberg@wearetriple.com",
      "createdAt": "2024-04-18T12:12:06.929Z",
      "updatedBy": "kim.lichtenberg@wearetriple.com",
      "updatedAt": "2024-04-18T12:12:06.929Z",
      "hash": "cf10f89cd4168aba58171dc5ddef64f6c7d3e610",
      "source": "ui"
    },
    {
      "id": "66210e168095cc3282894e74",
      "datasetId": "66210e0c0b653c71684ff7a3",
      "itemId": "66210e0f8095cc648a894891",
      "url": "https://gate.dataloop.ai/api/v1/annotations/66210e168095cc3282894e74",
      "item": "https://gate.dataloop.ai/api/v1/items/66210e0f8095cc648a894891",
      "dataset": "https://gate.dataloop.ai/api/v1/datasets/66210e0c0b653c71684ff7a3",
      "srcAnnotation": "66210b18a237982bd1118703",
      "type": "box",
      "label": "goal-bottom-left",
      "attributes": [],
      "coordinates": [
        {
          "x": 440.8307800336099,
          "y": 356.6575895759225,
          "z": 0
        },
        {
          "x": 781.4492794145477,
          "y": 527.3986758364473,
          "z": 0
        }
      ],
      "metadata": {
        "system": {
          "attributes": {},
          "automated": false,
          "clientId": "c2af7edd-7117-4ff8-bc92-da96bdce5e8c",
          "coordinateVersion": "v2",
          "endFrame": 0,
          "endTime": 0,
          "frame": 0,
          "itemLinks": [],
          "objectId": "15",
          "openAnnotationVersion": "1.75.0-prod.1",
          "plottingParams": {},
          "recipeId": "6620cb3bf7dd129c3fb8e289",
          "snapshots_": [],
          "startTime": 0,
          "system": false
        },
        "user": {}
      },
      "creator": "kim.lichtenberg@wearetriple.com",
      "createdAt": "2024-04-18T12:12:06.596Z",
      "updatedBy": "kim.lichtenberg@wearetriple.com",
      "updatedAt": "2024-04-18T12:12:06.596Z",
      "hash": "2ab86cdba3052cc15b17e3f92922b9d1dbc6a55f",
      "source": "ui"
    },
    {
      "id": "66210e168095cc3c7f894ea9",
      "datasetId": "66210e0c0b653c71684ff7a3",
      "itemId": "66210e0f8095cc648a894891",
      "url": "https://gate.dataloop.ai/api/v1/annotations/66210e168095cc3c7f894ea9",
      "item": "https://gate.dataloop.ai/api/v1/items/66210e0f8095cc648a894891",
      "dataset": "https://gate.dataloop.ai/api/v1/datasets/66210e0c0b653c71684ff7a3",
      "srcAnnotation": "66210b18a237986d59118702",
      "type": "box",
      "label": "goal-top-right",
      "attributes": [],
      "coordinates": [
        {
          "x": 1122.8772162808646,
          "y": 184.92413847064014,
          "z": 0
        },
        {
          "x": 1464.4500429182292,
          "y": 355.9358959209328,
          "z": 0
        }
      ],
      "metadata": {
        "system": {
          "attributes": {},
          "automated": false,
          "clientId": "b383de73-f93a-4c41-baaf-7eddf25f464f",
          "coordinateVersion": "v2",
          "endFrame": 0,
          "endTime": 0,
          "frame": 0,
          "itemLinks": [],
          "objectId": "14",
          "openAnnotationVersion": "1.75.0-prod.1",
          "plottingParams": {},
          "recipeId": "6620cb3bf7dd129c3fb8e289",
          "snapshots_": [],
          "startTime": 0,
          "system": false
        },
        "user": {}
      },
      "creator": "kim.lichtenberg@wearetriple.com",
      "createdAt": "2024-04-18T12:12:06.823Z",
      "updatedBy": "kim.lichtenberg@wearetriple.com",
      "updatedAt": "2024-04-18T12:12:06.823Z",
      "hash": "28c8b6936162998ce1ce4ccf0b64c5340f64e933",
      "source": "ui"
    },
    {
      "id": "66210e168095cc6400894e8e",
      "datasetId": "66210e0c0b653c71684ff7a3",
      "itemId": "66210e0f8095cc648a894891",
      "url": "https://gate.dataloop.ai/api/v1/annotations/66210e168095cc6400894e8e",
      "item": "https://gate.dataloop.ai/api/v1/items/66210e0f8095cc648a894891",
      "dataset": "https://gate.dataloop.ai/api/v1/datasets/66210e0c0b653c71684ff7a3",
      "srcAnnotation": "66210b18a2379848d11186fe",
      "type": "box",
      "label": "football",
      "attributes": [],
      "coordinates": [
        {
          "x": 926.9906631108026,
          "y": 750.2809578483855,
          "z": 0
        },
        {
          "x": 990.1868945110352,
          "y": 801.6525189166464,
          "z": 0
        }
      ],
      "metadata": {
        "system": {
          "attributes": {},
          "automated": false,
          "clientId": "a9b59530-31a7-46f2-93c4-427d11c525b7",
          "coordinateVersion": "v2",
          "endFrame": 0,
          "endTime": 0,
          "frame": 0,
          "itemLinks": [],
          "objectId": "11",
          "openAnnotationVersion": "1.75.0-prod.1",
          "plottingParams": {},
          "recipeId": "6620cb3bf7dd129c3fb8e289",
          "snapshots_": [],
          "startTime": 0,
          "system": false
        },
        "user": {}
      },
      "creator": "kim.lichtenberg@wearetriple.com",
      "createdAt": "2024-04-18T12:12:06.700Z",
      "updatedBy": "kim.lichtenberg@wearetriple.com",
      "updatedAt": "2024-04-18T12:12:06.700Z",
      "hash": "dfae8d38eb912e6a477ea4ded6012ddcf8a15c9f",
      "source": "ui"
    },
    {
      "id": "66210e168095cc6a08894e21",
      "datasetId": "66210e0c0b653c71684ff7a3",
      "itemId": "66210e0f8095cc648a894891",
      "url": "https://gate.dataloop.ai/api/v1/annotations/66210e168095cc6a08894e21",
      "item": "https://gate.dataloop.ai/api/v1/items/66210e0f8095cc648a894891",
      "dataset": "https://gate.dataloop.ai/api/v1/datasets/66210e0c0b653c71684ff7a3",
      "srcAnnotation": "66210b18a23798041c1186fd",
      "type": "box",
      "label": "goalkeeper",
      "attributes": [],
      "coordinates": [
        {
          "x": 853.8697908213767,
          "y": 276.77385906134407,
          "z": 0
        },
        {
          "x": 1016.0377405825982,
          "y": 538.1972964988005,
          "z": 0
        }
      ],
      "metadata": {
        "system": {
          "attributes": {},
          "automated": false,
          "clientId": "1546b9ff-1ffb-42b8-a146-ede887b130d0",
          "coordinateVersion": "v2",
          "endFrame": 0,
          "endTime": 0,
          "frame": 0,
          "itemLinks": [],
          "objectId": "8",
          "openAnnotationVersion": "1.75.0-prod.1",
          "plottingParams": {},
          "recipeId": "6620cb3bf7dd129c3fb8e289",
          "snapshots_": [],
          "startTime": 0,
          "system": false
        },
        "user": {}
      },
      "creator": "kim.lichtenberg@wearetriple.com",
      "createdAt": "2024-04-18T12:12:06.251Z",
      "updatedBy": "kim.lichtenberg@wearetriple.com",
      "updatedAt": "2024-04-18T12:12:06.251Z",
      "hash": "716d28a1941528afc90020c06bde206ff3469641",
      "source": "ui"
    },
    {
      "id": "66210e168095cc78b9894e58",
      "datasetId": "66210e0c0b653c71684ff7a3",
      "itemId": "66210e0f8095cc648a894891",
      "url": "https://gate.dataloop.ai/api/v1/annotations/66210e168095cc78b9894e58",
      "item": "https://gate.dataloop.ai/api/v1/items/66210e0f8095cc648a894891",
      "dataset": "https://gate.dataloop.ai/api/v1/datasets/66210e0c0b653c71684ff7a3",
      "srcAnnotation": "66210b18a2379809f4118701",
      "type": "box",
      "label": "goal-middle-up",
      "attributes": [],
      "coordinates": [
        {
          "x": 781.5137018345774,
          "y": 184.50420963650305,
          "z": 0
        },
        {
          "x": 1122.5139893720848,
          "y": 355.65001278090523,
          "z": 0
        }
      ],
      "metadata": {
        "system": {
          "attributes": {},
          "automated": false,
          "clientId": "c357f415-9c0b-422f-9c94-ee957a117072",
          "coordinateVersion": "v2",
          "endFrame": 0,
          "endTime": 0,
          "frame": 0,
          "itemLinks": [],
          "objectId": "13",
          "openAnnotationVersion": "1.75.0-prod.1",
          "plottingParams": {},
          "recipeId": "6620cb3bf7dd129c3fb8e289",
          "snapshots_": [],
          "startTime": 0,
          "system": false
        },
        "user": {}
      },
      "creator": "kim.lichtenberg@wearetriple.com",
      "createdAt": "2024-04-18T12:12:06.478Z",
      "updatedBy": "kim.lichtenberg@wearetriple.com",
      "updatedAt": "2024-04-18T12:12:06.478Z",
      "hash": "245c3ffec8de8dc3db8a20a41a7c363c8b1b5651",
      "source": "ui"
    },
    {
      "id": "66210e168095cc78c2894e3d",
      "datasetId": "66210e0c0b653c71684ff7a3",
      "itemId": "66210e0f8095cc648a894891",
      "url": "https://gate.dataloop.ai/api/v1/annotations/66210e168095cc78c2894e3d",
      "item": "https://gate.dataloop.ai/api/v1/items/66210e0f8095cc648a894891",
      "dataset": "https://gate.dataloop.ai/api/v1/datasets/66210e0c0b653c71684ff7a3",
      "srcAnnotation": "66210b18a237980910118700",
      "type": "box",
      "label": "goal-top-left",
      "attributes": [],
      "coordinates": [
        {
          "x": 439.9736108431633,
          "y": 185.4959832765519,
          "z": 0
        },
        {
          "x": 781.3253282655502,
          "y": 356.4766165036492,
          "z": 0
        }
      ],
      "metadata": {
        "system": {
          "attributes": {},
          "automated": false,
          "clientId": "b46f07bc-73ff-4d54-a9a6-7164c5c745dc",
          "coordinateVersion": "v2",
          "endFrame": 0,
          "endTime": 0,
          "frame": 0,
          "itemLinks": [],
          "objectId": "12",
          "openAnnotationVersion": "1.75.0-prod.1",
          "plottingParams": {},
          "recipeId": "6620cb3bf7dd129c3fb8e289",
          "snapshots_": [],
          "startTime": 0,
          "system": false
        },
        "user": {}
      },
      "creator": "kim.lichtenberg@wearetriple.com",
      "createdAt": "2024-04-18T12:12:06.359Z",
      "updatedBy": "kim.lichtenberg@wearetriple.com",
      "updatedAt": "2024-04-18T12:12:06.359Z",
      "hash": "3702724b5e7e1eabfd0b3181c3668fb217a7b679",
      "source": "ui"
    },
    {
      "id": "66210e178095cc524f894edf",
      "datasetId": "66210e0c0b653c71684ff7a3",
      "itemId": "66210e0f8095cc648a894891",
      "url": "https://gate.dataloop.ai/api/v1/annotations/66210e178095cc524f894edf",
      "item": "https://gate.dataloop.ai/api/v1/items/66210e0f8095cc648a894891",
      "dataset": "https://gate.dataloop.ai/api/v1/datasets/66210e0c0b653c71684ff7a3",
      "srcAnnotation": "66210b18a23798a91a118704",
      "type": "box",
      "label": "goal-middle-down",
      "attributes": [],
      "coordinates": [
        {
          "x": 782.6987917487156,
          "y": 356.43452259216474,
          "z": 0
        },
        {
          "x": 1122.75252977826,
          "y": 527.5917990428802,
          "z": 0
        }
      ],
      "metadata": {
        "system": {
          "attributes": {},
          "automated": false,
          "clientId": "9960db7e-eb65-4733-bf2c-5d4f32360f91",
          "coordinateVersion": "v2",
          "endFrame": 0,
          "endTime": 0,
          "frame": 0,
          "itemLinks": [],
          "objectId": "16",
          "openAnnotationVersion": "1.75.0-prod.1",
          "plottingParams": {},
          "recipeId": "6620cb3bf7dd129c3fb8e289",
          "snapshots_": [],
          "startTime": 0,
          "system": false
        },
        "user": {}
      },
      "creator": "kim.lichtenberg@wearetriple.com",
      "createdAt": "2024-04-18T12:12:07.029Z",
      "updatedBy": "kim.lichtenberg@wearetriple.com",
      "updatedAt": "2024-04-18T12:12:07.029Z",
      "hash": "468d035bbd3874d50ef339476138af60581a3347",
      "source": "ui"
    },
    {
      "id": "66210e178095cc8482894ef9",
      "datasetId": "66210e0c0b653c71684ff7a3",
      "itemId": "66210e0f8095cc648a894891",
      "url": "https://gate.dataloop.ai/api/v1/annotations/66210e178095cc8482894ef9",
      "item": "https://gate.dataloop.ai/api/v1/items/66210e0f8095cc648a894891",
      "dataset": "https://gate.dataloop.ai/api/v1/datasets/66210e0c0b653c71684ff7a3",
      "srcAnnotation": "66210b18a23798f0a71186ff",
      "type": "box",
      "label": "player",
      "attributes": [],
      "coordinates": [
        {
          "x": 699.9534599886535,
          "y": 461.95084386399833,
          "z": 0
        },
        {
          "x": 902.7905115208002,
          "y": 835.348293128798,
          "z": 0
        }
      ],
      "metadata": {
        "system": {
          "attributes": {},
          "automated": false,
          "clientId": "53d43e21-97e2-46cf-86b1-d573290ac117",
          "coordinateVersion": "v2",
          "endFrame": 0,
          "endTime": 0,
          "frame": 0,
          "itemLinks": [],
          "objectId": "9",
          "openAnnotationVersion": "1.75.0-prod.1",
          "plottingParams": {},
          "recipeId": "6620cb3bf7dd129c3fb8e289",
          "snapshots_": [],
          "startTime": 0,
          "system": false
        },
        "user": {}
      },
      "creator": "kim.lichtenberg@wearetriple.com",
      "createdAt": "2024-04-18T12:12:07.149Z",
      "updatedBy": "kim.lichtenberg@wearetriple.com",
      "updatedAt": "2024-04-18T12:12:07.149Z",
      "hash": "38a882ec28df15cdff5f0229adec5003229de38b",
      "source": "ui"
    }
  ],
  "annotationsCount": 9,
  "annotated": true,
  "srcItem": "6620cb87a623000dcfc92e52",
  "srcDataset": "6620cb3b6abc12d47dfc6ce9"
}