{
  "id": "66210e0e8095cc821a894839",
  "datasetId": "66210e0c0b653c71684ff7a3",
  "url": "https://gate.dataloop.ai/api/v1/items/66210e0e8095cc821a894839",
  "dataset": "https://gate.dataloop.ai/api/v1/datasets/66210e0c0b653c71684ff7a3",
  "createdAt": "2024-04-18T12:11:56.514Z",
  "dir": "/part0",
  "filename": "/part0/ezgif-frame-153.jpg",
  "type": "file",
  "hidden": false,
  "metadata": {
    "system": {
      "channels": 3,
      "encoding": "7bit",
      "height": 1080,
      "isBinary": true,
      "mimetype": "image/jpeg",
      "modalities": [],
      "originalname": "ezgif-frame-153.jpg",
      "refs": [],
      "size": 54487,
      "taskStatusLog": [],
      "thumbnailId": "66210e108095cc19108949ea",
      "width": 1920
    }
  },
  "name": "ezgif-frame-153.jpg",
  "creator": "kim.lichtenberg@wearetriple.com",
  "updatedAt": "2024-04-18T12:12:30.129Z",
  "updatedBy": "rubiks@dataloop.ai",
  "stream": "https://gate.dataloop.ai/api/v1/items/66210e0e8095cc821a894839/stream",
  "thumbnail": "https://gate.dataloop.ai/api/v1/items/66210e0e8095cc821a894839/thumbnail",
  "annotations": [
    {
      "id": "66210e208095cc3ed989542b",
      "datasetId": "66210e0c0b653c71684ff7a3",
      "itemId": "66210e0e8095cc821a894839",
      "url": "https://gate.dataloop.ai/api/v1/annotations/66210e208095cc3ed989542b",
      "item": "https://gate.dataloop.ai/api/v1/items/66210e0e8095cc821a894839",
      "dataset": "https://gate.dataloop.ai/api/v1/datasets/66210e0c0b653c71684ff7a3",
      "srcAnnotation": "662106f8088a990281d3d35c",
      "type": "box",
      "label": "goal-top-right",
      "attributes": [],
      "coordinates": [
        {
          "x": 1133.9629815308285,
          "y": 184.92413847064014,
          "z": 0
        },
        {
          "x": 1480.2009622246799,
          "y": 355.93589592093286,
          "z": 0
        }
      ],
      "metadata": {
        "system": {
          "attributes": {},
          "automated": false,
          "clientId": "cc6532e0-dc81-4931-b1b3-298ed9c07598",
          "coordinateVersion": "v2",
          "endFrame": 0,
          "endTime": 0,
          "frame": 0,
          "isOnlyLocal": false,
          "isOpen": false,
          "itemLinks": [],
          "objectId": "3",
          "openAnnotationVersion": "1.75.0-prod.1",
          "plottingParams": {},
          "recipeId": "6620cb3bf7dd129c3fb8e289",
          "snapshots_": [],
          "startTime": 0,
          "system": false
        },
        "user": {}
      },
      "creator": "kim.lichtenberg@wearetriple.com",
      "createdAt": "2024-04-18T12:12:16.702Z",
      "updatedBy": "kim.lichtenberg@wearetriple.com",
      "updatedAt": "2024-04-18T12:12:16.702Z",
      "hash": "06bc0d166ae9b7152cf084da9bf4fad2e2b13468",
      "source": "ui"
    },
    {
      "id": "66210e208095cc5249895430",
      "datasetId": "66210e0c0b653c71684ff7a3",
      "itemId": "66210e0e8095cc821a894839",
      "url": "https://gate.dataloop.ai/api/v1/annotations/66210e208095cc5249895430",
      "item": "https://gate.dataloop.ai/api/v1/items/66210e0e8095cc821a894839",
      "dataset": "https://gate.dataloop.ai/api/v1/datasets/66210e0c0b653c71684ff7a3",
      "srcAnnotation": "662106f8088a990a88d3d35e",
      "type": "box",
      "label": "goal-middle-down",
      "attributes": [],
      "coordinates": [
        {
          "x": 786.3761759478302,
          "y": 356.88704544601455,
          "z": 0
        },
        {
          "x": 1131.8877720194241,
          "y": 528.0443218967301,
          "z": 0
        }
      ],
      "metadata": {
        "system": {
          "attributes": {},
          "automated": false,
          "clientId": "bf5740eb-68e6-403d-b218-ca7e063112ab",
          "coordinateVersion": "v2",
          "endFrame": 0,
          "endTime": 0,
          "frame": 0,
          "isOnlyLocal": false,
          "isOpen": false,
          "itemLinks": [],
          "objectId": "5",
          "openAnnotationVersion": "1.75.0-prod.1",
          "plottingParams": {},
          "recipeId": "6620cb3bf7dd129c3fb8e289",
          "snapshots_": [],
          "startTime": 0,
          "system": false
        },
        "user": {}
      },
      "creator": "kim.lichtenberg@wearetriple.com",
      "createdAt": "2024-04-18T12:12:16.764Z",
      "updatedBy": "kim.lichtenberg@wearetriple.com",
      "updatedAt": "2024-04-18T12:12:16.764Z",
      "hash": "249fb8ccf3867ad8bc2da5d05af18a1e90c8125c",
      "source": "ui"
    },
    {
      "id": "66210e208095cc7384895433",
      "datasetId": "66210e0c0b653c71684ff7a3",
      "itemId": "66210e0e8095cc821a894839",
      "url": "https://gate.dataloop.ai/api/v1/annotations/66210e208095cc7384895433",
      "item": "https://gate.dataloop.ai/api/v1/items/66210e0e8095cc821a894839",
      "dataset": "https://gate.dataloop.ai/api/v1/datasets/66210e0c0b653c71684ff7a3",
      "srcAnnotation": "662106f8088a99208ed3d362",
      "type": "box",
      "label": "goal-bottom-right",
      "attributes": [],
      "coordinates": [
        {
          "x": 1132.4840189496022,
          "y": 356.7277076203303,
          "z": 0
        },
        {
          "x": 1478.0943974229706,
          "y": 527.4118501224675,
          "z": 0
        }
      ],
      "metadata": {
        "system": {
          "attributes": {},
          "automated": false,
          "clientId": "ee0f7a42-dec8-4e13-8d65-7c79b4092f57",
          "coordinateVersion": "v2",
          "endFrame": 0,
          "endTime": 0,
          "frame": 0,
          "isOnlyLocal": false,
          "isOpen": false,
          "itemLinks": [],
          "objectId": "6",
          "openAnnotationVersion": "1.75.0-prod.1",
          "plottingParams": {},
          "recipeId": "6620cb3bf7dd129c3fb8e289",
          "snapshots_": [],
          "startTime": 0,
          "system": false
        },
        "user": {}
      },
      "creator": "kim.lichtenberg@wearetriple.com",
      "createdAt": "2024-04-18T12:12:16.820Z",
      "updatedBy": "kim.lichtenberg@wearetriple.com",
      "updatedAt": "2024-04-18T12:12:16.820Z",
      "hash": "0d494c25c995df7413daf3c1983ada1f07ea176d",
      "source": "ui"
    },
    {
      "id": "66210e208095cc7bc2895437",
      "datasetId": "66210e0c0b653c71684ff7a3",
      "itemId": "66210e0e8095cc821a894839",
      "url": "https://gate.dataloop.ai/api/v1/annotations/66210e208095cc7bc2895437",
      "item": "https://gate.dataloop.ai/api/v1/items/66210e0e8095cc821a894839",
      "dataset": "https://gate.dataloop.ai/api/v1/datasets/66210e0c0b653c71684ff7a3",
      "srcAnnotation": "662106f8088a994a24d3d35d",
      "type": "box",
      "label": "goal-bottom-left",
      "attributes": [],
      "coordinates": [
        {
          "x": 439.98045014195174,
          "y": 356.8764559754766,
          "z": 0
        },
        {
          "x": 785.8222426265738,
          "y": 527.6175422360013,
          "z": 0
        }
      ],
      "metadata": {
        "system": {
          "attributes": {},
          "automated": false,
          "clientId": "2213d4dc-23ad-4bda-a1c8-819d2a06e56f",
          "coordinateVersion": "v2",
          "endFrame": 0,
          "endTime": 0,
          "frame": 0,
          "isOnlyLocal": false,
          "isOpen": false,
          "itemLinks": [],
          "objectId": "4",
          "openAnnotationVersion": "1.75.0-prod.1",
          "plottingParams": {},
          "recipeId": "6620cb3bf7dd129c3fb8e289",
          "snapshots_": [],
          "startTime": 0,
          "system": false
        },
        "user": {}
      },
      "creator": "kim.lichtenberg@wearetriple.com",
      "createdAt": "2024-04-18T12:12:16.877Z",
      "updatedBy": "kim.lichtenberg@wearetriple.com",
      "updatedAt": "2024-04-18T12:12:16.877Z",
      "hash": "bee730bcbb7785ff953a6b543f554bb4c7ee4c6e",
      "source": "ui"
    },
    {
      "id": "66210e208095cc863a89543c",
      "datasetId": "66210e0c0b653c71684ff7a3",
      "itemId": "66210e0e8095cc821a894839",
      "url": "https://gate.dataloop.ai/api/v1/annotations/66210e208095cc863a89543c",
      "item": "https://gate.dataloop.ai/api/v1/items/66210e0e8095cc821a894839",
      "dataset": "https://gate.dataloop.ai/api/v1/datasets/66210e0c0b653c71684ff7a3",
      "srcAnnotation": "662106f8088a995453d3d35f",
      "type": "box",
      "label": "goalkeeper",
      "attributes": [],
      "coordinates": [
        {
          "x": 729.9656633766072,
          "y": 356.95515524615485,
          "z": 0
        },
        {
          "x": 879.7378467774578,
          "y": 521.7647471071962,
          "z": 0
        }
      ],
      "metadata": {
        "system": {
          "attributes": {},
          "automated": false,
          "clientId": "b5b4d5d0-f6e3-4bcb-8874-1074c2c3adb8",
          "coordinateVersion": "v2",
          "endFrame": 0,
          "endTime": 0,
          "frame": 0,
          "isOnlyLocal": false,
          "isOpen": false,
          "itemLinks": [],
          "objectId": "8",
          "openAnnotationVersion": "1.75.0-prod.1",
          "plottingParams": {},
          "recipeId": "6620cb3bf7dd129c3fb8e289",
          "snapshots_": [],
          "startTime": 0,
          "system": false
        },
        "user": {}
      },
      "creator": "kim.lichtenberg@wearetriple.com",
      "createdAt": "2024-04-18T12:12:16.944Z",
      "updatedBy": "kim.lichtenberg@wearetriple.com",
      "updatedAt": "2024-04-18T12:12:16.944Z",
      "hash": "afbb93b4fa856a94bd5428f748bf4cdd9f0f40a8",
      "source": "ui"
    },
    {
      "id": "66210e218095cc1e5e895440",
      "datasetId": "66210e0c0b653c71684ff7a3",
      "itemId": "66210e0e8095cc821a894839",
      "url": "https://gate.dataloop.ai/api/v1/annotations/66210e218095cc1e5e895440",
      "item": "https://gate.dataloop.ai/api/v1/items/66210e0e8095cc821a894839",
      "dataset": "https://gate.dataloop.ai/api/v1/datasets/66210e0c0b653c71684ff7a3",
      "srcAnnotation": "662106f8088a99566ed3d361",
      "type": "box",
      "label": "player",
      "attributes": [],
      "coordinates": [
        {
          "x": 804.7128301886792,
          "y": 400.4730188679247,
          "z": 0
        },
        {
          "x": 963.1734286585847,
          "y": 790.0930188679246,
          "z": 0
        }
      ],
      "metadata": {
        "system": {
          "attributes": {},
          "automated": false,
          "clientId": "c39f817a-d921-4872-88dc-52f1293275ae",
          "coordinateVersion": "v2",
          "endFrame": 0,
          "endTime": 0,
          "frame": 0,
          "isOnlyLocal": false,
          "isOpen": false,
          "itemLinks": [],
          "objectId": "9",
          "openAnnotationVersion": "1.75.0-prod.1",
          "plottingParams": {},
          "recipeId": "6620cb3bf7dd129c3fb8e289",
          "snapshots_": [],
          "startTime": 0,
          "system": false
        },
        "user": {}
      },
      "creator": "kim.lichtenberg@wearetriple.com",
      "createdAt": "2024-04-18T12:12:17.006Z",
      "updatedBy": "kim.lichtenberg@wearetriple.com",
      "updatedAt": "2024-04-18T12:12:17.006Z",
      "hash": "b1d68f0cd04320b58903023ca4c74d07ea5cb3dd",
      "source": "ui"
    },
    {
      "id": "66210e218095cc2d8189544c",
      "datasetId": "66210e0c0b653c71684ff7a3",
      "itemId": "66210e0e8095cc821a894839",
      "url": "https://gate.dataloop.ai/api/v1/annotations/66210e218095cc2d8189544c",
      "item": "https://gate.dataloop.ai/api/v1/items/66210e0e8095cc821a894839",
      "dataset": "https://gate.dataloop.ai/api/v1/datasets/66210e0c0b653c71684ff7a3",
      "srcAnnotation": "662106f8088a99ba43d3d35a",
      "type": "box",
      "label": "goal-top-left",
      "attributes": [],
      "coordinates": [
        {
          "x": 439.9736108431632,
          "y": 185.4959832765519,
          "z": 0
        },
        {
          "x": 786.0491518716674,
          "y": 356.47661650364927,
          "z": 0
        }
      ],
      "metadata": {
        "system": {
          "attributes": {},
          "automated": false,
          "clientId": "b0b3f5a6-f506-485a-8264-73389d700f6b",
          "coordinateVersion": "v2",
          "endFrame": 0,
          "endTime": 0,
          "frame": 0,
          "isOnlyLocal": false,
          "isOpen": false,
          "itemLinks": [],
          "objectId": "1",
          "openAnnotationVersion": "1.75.0-prod.1",
          "plottingParams": {},
          "recipeId": "6620cb3bf7dd129c3fb8e289",
          "snapshots_": [],
          "startTime": 0,
          "system": false
        },
        "user": {}
      },
      "creator": "kim.lichtenberg@wearetriple.com",
      "createdAt": "2024-04-18T12:12:17.182Z",
      "updatedBy": "kim.lichtenberg@wearetriple.com",
      "updatedAt": "2024-04-18T12:12:17.182Z",
      "hash": "7950e2cb14176e8d22aaf0d0e4ab40cb1c5d7da1",
      "source": "ui"
    },
    {
      "id": "66210e218095cc5e6d895444",
      "datasetId": "66210e0c0b653c71684ff7a3",
      "itemId": "66210e0e8095cc821a894839",
      "url": "https://gate.dataloop.ai/api/v1/annotations/66210e218095cc5e6d895444",
      "item": "https://gate.dataloop.ai/api/v1/items/66210e0e8095cc821a894839",
      "dataset": "https://gate.dataloop.ai/api/v1/datasets/66210e0c0b653c71684ff7a3",
      "srcAnnotation": "662106f8088a9987e9d3d363",
      "type": "box",
      "label": "football",
      "attributes": [],
      "coordinates": [
        {
          "x": 1170.7592452830188,
          "y": 318.39622641509436,
          "z": 0
        },
        {
          "x": 1231.1392452830187,
          "y": 364.62622641509444,
          "z": 0
        }
      ],
      "metadata": {
        "system": {
          "attributes": {},
          "automated": false,
          "clientId": "f9eec8ac-83fe-46c9-89fb-49fcdc7d0c44",
          "coordinateVersion": "v2",
          "endFrame": 0,
          "endTime": 0,
          "frame": 0,
          "isOnlyLocal": false,
          "isOpen": false,
          "itemLinks": [],
          "objectId": "11",
          "openAnnotationVersion": "1.75.0-prod.1",
          "plottingParams": {},
          "recipeId": "6620cb3bf7dd129c3fb8e289",
          "snapshots_": [],
          "startTime": 0,
          "system": false
        },
        "user": {}
      },
      "creator": "kim.lichtenberg@wearetriple.com",
      "createdAt": "2024-04-18T12:12:17.059Z",
      "updatedBy": "kim.lichtenberg@wearetriple.com",
      "updatedAt": "2024-04-18T12:12:17.059Z",
      "hash": "b63db7aa488754a7629537497e5ca7c3df15285e",
      "source": "ui"
    },
    {
      "id": "66210e218095cc7ca3895448",
      "datasetId": "66210e0c0b653c71684ff7a3",
      "itemId": "66210e0e8095cc821a894839",
      "url": "https://gate.dataloop.ai/api/v1/annotations/66210e218095cc7ca3895448",
      "item": "https://gate.dataloop.ai/api/v1/items/66210e0e8095cc821a894839",
      "dataset": "https://gate.dataloop.ai/api/v1/datasets/66210e0c0b653c71684ff7a3",
      "srcAnnotation": "662106f8088a99b4eed3d35b",
      "type": "box",
      "label": "goal-middle-up",
      "attributes": [],
      "coordinates": [
        {
          "x": 787.2226429881566,
          "y": 184.80387501510285,
          "z": 0
        },
        {
          "x": 1132.8401490891217,
          "y": 355.94967815950514,
          "z": 0
        }
      ],
      "metadata": {
        "system": {
          "attributes": {},
          "automated": false,
          "clientId": "b14413b5-ab84-49a5-a124-d1ca1c1567ee",
          "coordinateVersion": "v2",
          "endFrame": 0,
          "endTime": 0,
          "frame": 0,
          "isOnlyLocal": false,
          "isOpen": false,
          "itemLinks": [],
          "objectId": "2",
          "openAnnotationVersion": "1.75.0-prod.1",
          "plottingParams": {},
          "recipeId": "6620cb3bf7dd129c3fb8e289",
          "snapshots_": [],
          "startTime": 0,
          "system": false
        },
        "user": {}
      },
      "creator": "kim.lichtenberg@wearetriple.com",
      "createdAt": "2024-04-18T12:12:17.120Z",
      "updatedBy": "kim.lichtenberg@wearetriple.com",
      "updatedAt": "2024-04-18T12:12:17.120Z",
      "hash": "337cf40a395058906330c59ffc8e10b9289aacb2",
      "source": "ui"
    }
  ],
  "annotationsCount": 9,
  "annotated": true,
  "srcItem": "6620cb892e841dd2ab18c546",
  "srcDataset": "6620cb3b6abc12d47dfc6ce9"
}