{
  "id": "66210e0e8095cc3e798947c4",
  "datasetId": "66210e0c0b653c71684ff7a3",
  "url": "https://gate.dataloop.ai/api/v1/items/66210e0e8095cc3e798947c4",
  "dataset": "https://gate.dataloop.ai/api/v1/datasets/66210e0c0b653c71684ff7a3",
  "createdAt": "2024-04-18T12:11:56.516Z",
  "dir": "/part0",
  "filename": "/part0/ezgif-frame-182.jpg",
  "type": "file",
  "hidden": false,
  "metadata": {
    "system": {
      "channels": 3,
      "encoding": "7bit",
      "height": 1080,
      "isBinary": true,
      "mimetype": "image/jpeg",
      "modalities": [],
      "originalname": "ezgif-frame-182.jpg",
      "refs": [],
      "size": 56760,
      "taskStatusLog": [],
      "thumbnailId": "66210e108095cc4d668949f6",
      "width": 1920
    }
  },
  "name": "ezgif-frame-182.jpg",
  "creator": "kim.lichtenberg@wearetriple.com",
  "updatedAt": "2024-04-18T12:12:35.789Z",
  "updatedBy": "rubiks@dataloop.ai",
  "stream": "https://gate.dataloop.ai/api/v1/items/66210e0e8095cc3e798947c4/stream",
  "thumbnail": "https://gate.dataloop.ai/api/v1/items/66210e0e8095cc3e798947c4/thumbnail",
  "annotations": [
    {
      "id": "66210e138095cc0fc7894bfc",
      "datasetId": "66210e0c0b653c71684ff7a3",
      "itemId": "66210e0e8095cc3e798947c4",
      "url": "https://gate.dataloop.ai/api/v1/annotations/66210e138095cc0fc7894bfc",
      "item": "https://gate.dataloop.ai/api/v1/items/66210e0e8095cc3e798947c4",
      "dataset": "https://gate.dataloop.ai/api/v1/datasets/66210e0c0b653c71684ff7a3",
      "srcAnnotation": "6620fb8072b11a5409e0f946",
      "type": "box",
      "label": "player",
      "attributes": [],
      "coordinates": [
        {
          "x": 513.2096226415092,
          "y": 544.8132075471699,
          "z": 0
        },
        {
          "x": 660.3409394383168,
          "y": 945.75320754717,
          "z": 0
        }
      ],
      "metadata": {
        "system": {
          "attributes": {},
          "automated": false,
          "clientId": "f386b311-a644-4201-a910-9c17c5775b6c",
          "coordinateVersion": "v2",
          "endFrame": 0,
          "endTime": 0,
          "frame": 0,
          "itemLinks": [],
          "objectId": "3",
          "openAnnotationVersion": "1.75.0-prod.1",
          "plottingParams": {},
          "recipeId": "6620cb3bf7dd129c3fb8e289",
          "snapshots_": [],
          "startTime": 0,
          "system": false
        },
        "user": {}
      },
      "creator": "kim.lichtenberg@wearetriple.com",
      "createdAt": "2024-04-18T12:12:03.546Z",
      "updatedBy": "kim.lichtenberg@wearetriple.com",
      "updatedAt": "2024-04-18T12:12:03.546Z",
      "hash": "b0fbe55947741e873966d12bf00801761ca37315",
      "source": "ui"
    },
    {
      "id": "66210e138095cc2a5c894be9",
      "datasetId": "66210e0c0b653c71684ff7a3",
      "itemId": "66210e0e8095cc3e798947c4",
      "url": "https://gate.dataloop.ai/api/v1/annotations/66210e138095cc2a5c894be9",
      "item": "https://gate.dataloop.ai/api/v1/items/66210e0e8095cc3e798947c4",
      "dataset": "https://gate.dataloop.ai/api/v1/datasets/66210e0c0b653c71684ff7a3",
      "srcAnnotation": "6620fb8072b11a4124e0f945",
      "type": "box",
      "label": "goal-top-right",
      "attributes": [],
      "coordinates": [
        {
          "x": 1109.9232072237482,
          "y": 233.5121050067239,
          "z": 0
        },
        {
          "x": 1410.2287249676674,
          "y": 381.3134886676626,
          "z": 0
        }
      ],
      "metadata": {
        "system": {
          "attributes": {},
          "automated": false,
          "clientId": "a834c04f-fb1d-454a-adc6-a7517befea58",
          "coordinateVersion": "v2",
          "endFrame": 0,
          "endTime": 0,
          "frame": 0,
          "itemLinks": [],
          "objectId": "43",
          "openAnnotationVersion": "1.75.0-prod.1",
          "plottingParams": {},
          "recipeId": "6620cb3bf7dd129c3fb8e289",
          "snapshots_": [],
          "startTime": 0,
          "system": false
        },
        "user": {}
      },
      "creator": "kim.lichtenberg@wearetriple.com",
      "createdAt": "2024-04-18T12:12:03.460Z",
      "updatedBy": "kim.lichtenberg@wearetriple.com",
      "updatedAt": "2024-04-18T12:12:03.460Z",
      "hash": "78d5b83c5164104c0fe65fc4e282a2f9aefcbed3",
      "source": "ui"
    },
    {
      "id": "66210e138095cc3a78894c0e",
      "datasetId": "66210e0c0b653c71684ff7a3",
      "itemId": "66210e0e8095cc3e798947c4",
      "url": "https://gate.dataloop.ai/api/v1/annotations/66210e138095cc3a78894c0e",
      "item": "https://gate.dataloop.ai/api/v1/items/66210e0e8095cc3e798947c4",
      "dataset": "https://gate.dataloop.ai/api/v1/datasets/66210e0c0b653c71684ff7a3",
      "srcAnnotation": "6620fb8072b11a7fdfe0f93f",
      "type": "box",
      "label": "goal-bottom-left",
      "attributes": [],
      "coordinates": [
        {
          "x": 509.6575499411782,
          "y": 381.4565014530996,
          "z": 0
        },
        {
          "x": 809.6985093834538,
          "y": 529.2578851140381,
          "z": 0
        }
      ],
      "metadata": {
        "system": {
          "attributes": {},
          "automated": false,
          "clientId": "670a8ab0-3be2-4568-be34-1ed3837710ba",
          "coordinateVersion": "v2",
          "endFrame": 0,
          "endTime": 0,
          "frame": 0,
          "itemLinks": [],
          "objectId": "44",
          "openAnnotationVersion": "1.75.0-prod.1",
          "plottingParams": {},
          "recipeId": "6620cb3bf7dd129c3fb8e289",
          "snapshots_": [],
          "startTime": 0,
          "system": false
        },
        "user": {}
      },
      "creator": "kim.lichtenberg@wearetriple.com",
      "createdAt": "2024-04-18T12:12:03.636Z",
      "updatedBy": "kim.lichtenberg@wearetriple.com",
      "updatedAt": "2024-04-18T12:12:03.636Z",
      "hash": "fbb2eab9a5f9af2e3e01f4147ee32e554e7f8d3a",
      "source": "ui"
    },
    {
      "id": "66210e138095cc552e894c4d",
      "datasetId": "66210e0c0b653c71684ff7a3",
      "itemId": "66210e0e8095cc3e798947c4",
      "url": "https://gate.dataloop.ai/api/v1/annotations/66210e138095cc552e894c4d",
      "item": "https://gate.dataloop.ai/api/v1/items/66210e0e8095cc3e798947c4",
      "dataset": "https://gate.dataloop.ai/api/v1/datasets/66210e0c0b653c71684ff7a3",
      "srcAnnotation": "6620fb8072b11af843e0f944",
      "type": "box",
      "label": "goal-top-left",
      "attributes": [],
      "coordinates": [
        {
          "x": 509.7484670736494,
          "y": 233.36789275458096,
          "z": 0
        },
        {
          "x": 809.7894265159249,
          "y": 381.16927641551956,
          "z": 0
        }
      ],
      "metadata": {
        "system": {
          "attributes": {},
          "automated": false,
          "clientId": "cf271faf-6b95-4b36-9c9a-d663f9c01ec2",
          "coordinateVersion": "v2",
          "endFrame": 0,
          "endTime": 0,
          "frame": 0,
          "itemLinks": [],
          "objectId": "9",
          "openAnnotationVersion": "1.75.0-prod.1",
          "plottingParams": {},
          "recipeId": "6620cb3bf7dd129c3fb8e289",
          "snapshots_": [],
          "startTime": 0,
          "system": false
        },
        "user": {}
      },
      "creator": "kim.lichtenberg@wearetriple.com",
      "createdAt": "2024-04-18T12:12:03.961Z",
      "updatedBy": "kim.lichtenberg@wearetriple.com",
      "updatedAt": "2024-04-18T12:12:03.961Z",
      "hash": "8e0e1131ceb9f7008735c4b3538c5d17e187d34b",
      "source": "ui"
    },
    {
      "id": "66210e138095cc5e51894bc2",
      "datasetId": "66210e0c0b653c71684ff7a3",
      "itemId": "66210e0e8095cc3e798947c4",
      "url": "https://gate.dataloop.ai/api/v1/annotations/66210e138095cc5e51894bc2",
      "item": "https://gate.dataloop.ai/api/v1/items/66210e0e8095cc3e798947c4",
      "dataset": "https://gate.dataloop.ai/api/v1/datasets/66210e0c0b653c71684ff7a3",
      "srcAnnotation": "6620fb8072b11a291de0f947",
      "type": "box",
      "label": "goalkeeper",
      "attributes": [],
      "coordinates": [
        {
          "x": 901.1411022850482,
          "y": 292.63172843742564,
          "z": 0
        },
        {
          "x": 1024.4062521140436,
          "y": 534.2105664291119,
          "z": 0
        }
      ],
      "metadata": {
        "system": {
          "attributes": {},
          "automated": false,
          "clientId": "a9647028-4a54-4684-bc8b-431c3cf556e6",
          "coordinateVersion": "v2",
          "endFrame": 0,
          "endTime": 0,
          "frame": 0,
          "itemLinks": [],
          "objectId": "5",
          "openAnnotationVersion": "1.75.0-prod.1",
          "plottingParams": {},
          "recipeId": "6620cb3bf7dd129c3fb8e289",
          "snapshots_": [],
          "startTime": 0,
          "system": false
        },
        "user": {}
      },
      "creator": "kim.lichtenberg@wearetriple.com",
      "createdAt": "2024-04-18T12:12:03.268Z",
      "updatedBy": "kim.lichtenberg@wearetriple.com",
      "updatedAt": "2024-04-18T12:12:03.268Z",
      "hash": "2d62f951d9927ca14289da79a405766ef710a02b",
      "source": "ui"
    },
    {
      "id": "66210e138095ccabaa894c38",
      "datasetId": "66210e0c0b653c71684ff7a3",
      "itemId": "66210e0e8095cc3e798947c4",
      "url": "https://gate.dataloop.ai/api/v1/annotations/66210e138095ccabaa894c38",
      "item": "https://gate.dataloop.ai/api/v1/items/66210e0e8095cc3e798947c4",
      "dataset": "https://gate.dataloop.ai/api/v1/datasets/66210e0c0b653c71684ff7a3",
      "srcAnnotation": "6620fb8072b11adf51e0f941",
      "type": "box",
      "label": "football",
      "attributes": [],
      "coordinates": [
        {
          "x": 930.3359165151602,
          "y": 727.9851578849152,
          "z": 0
        },
        {
          "x": 985.9959165151603,
          "y": 770.435157884915,
          "z": 0
        }
      ],
      "metadata": {
        "system": {
          "attributes": {},
          "automated": false,
          "clientId": "499cae49-9e63-4ae4-b198-207ff150cfe1",
          "coordinateVersion": "v2",
          "endFrame": 0,
          "endTime": 0,
          "frame": 0,
          "itemLinks": [],
          "objectId": "1",
          "openAnnotationVersion": "1.75.0-prod.1",
          "plottingParams": {},
          "recipeId": "6620cb3bf7dd129c3fb8e289",
          "snapshots_": [],
          "startTime": 0,
          "system": false
        },
        "user": {}
      },
      "creator": "kim.lichtenberg@wearetriple.com",
      "createdAt": "2024-04-18T12:12:03.846Z",
      "updatedBy": "kim.lichtenberg@wearetriple.com",
      "updatedAt": "2024-04-18T12:12:03.846Z",
      "hash": "02b60cbe19086d7e8005808a82bcdd4d10820a1f",
      "source": "ui"
    },
    {
      "id": "66210e138095ccc621894bd5",
      "datasetId": "66210e0c0b653c71684ff7a3",
      "itemId": "66210e0e8095cc3e798947c4",
      "url": "https://gate.dataloop.ai/api/v1/annotations/66210e138095ccc621894bd5",
      "item": "https://gate.dataloop.ai/api/v1/items/66210e0e8095cc3e798947c4",
      "dataset": "https://gate.dataloop.ai/api/v1/datasets/66210e0c0b653c71684ff7a3",
      "srcAnnotation": "6620fb8072b11a2e0fe0f942",
      "type": "box",
      "label": "goal-middle-up",
      "attributes": [],
      "coordinates": [
        {
          "x": 810.1311204331535,
          "y": 233.400564430087,
          "z": 0
        },
        {
          "x": 1109.6152633201598,
          "y": 381.20194809102566,
          "z": 0
        }
      ],
      "metadata": {
        "system": {
          "attributes": {},
          "automated": false,
          "clientId": "ab74ace6-d95e-469a-b9c0-1b60da9e4acd",
          "coordinateVersion": "v2",
          "endFrame": 0,
          "endTime": 0,
          "frame": 0,
          "itemLinks": [],
          "objectId": "42",
          "openAnnotationVersion": "1.75.0-prod.1",
          "plottingParams": {},
          "recipeId": "6620cb3bf7dd129c3fb8e289",
          "snapshots_": [],
          "startTime": 0,
          "system": false
        },
        "user": {}
      },
      "creator": "kim.lichtenberg@wearetriple.com",
      "createdAt": "2024-04-18T12:12:03.364Z",
      "updatedBy": "kim.lichtenberg@wearetriple.com",
      "updatedAt": "2024-04-18T12:12:03.364Z",
      "hash": "f7b45b6a4786e4fc0fc5365594d20d0084b8ebbf",
      "source": "ui"
    },
    {
      "id": "66210e138095cce25a894bad",
      "datasetId": "66210e0c0b653c71684ff7a3",
      "itemId": "66210e0e8095cc3e798947c4",
      "url": "https://gate.dataloop.ai/api/v1/annotations/66210e138095cce25a894bad",
      "item": "https://gate.dataloop.ai/api/v1/items/66210e0e8095cc3e798947c4",
      "dataset": "https://gate.dataloop.ai/api/v1/datasets/66210e0c0b653c71684ff7a3",
      "srcAnnotation": "6620fb8072b11a04d9e0f943",
      "type": "box",
      "label": "goal-middle-down",
      "attributes": [],
      "coordinates": [
        {
          "x": 810.062128965418,
          "y": 381.52566120113283,
          "z": 0
        },
        {
          "x": 1110.1030884076936,
          "y": 529.3270448620716,
          "z": 0
        }
      ],
      "metadata": {
        "system": {
          "attributes": {},
          "automated": false,
          "clientId": "0780909b-5b28-44be-b49b-15b524a82af3",
          "coordinateVersion": "v2",
          "endFrame": 0,
          "endTime": 0,
          "frame": 0,
          "itemLinks": [],
          "objectId": "45",
          "openAnnotationVersion": "1.75.0-prod.1",
          "plottingParams": {},
          "recipeId": "6620cb3bf7dd129c3fb8e289",
          "snapshots_": [],
          "startTime": 0,
          "system": false
        },
        "user": {}
      },
      "creator": "kim.lichtenberg@wearetriple.com",
      "createdAt": "2024-04-18T12:12:03.167Z",
      "updatedBy": "kim.lichtenberg@wearetriple.com",
      "updatedAt": "2024-04-18T12:12:03.167Z",
      "hash": "6a0612b15df9d685133045de06271ba79f53ef1e",
      "source": "ui"
    },
    {
      "id": "66210e138095cce47f894c24",
      "datasetId": "66210e0c0b653c71684ff7a3",
      "itemId": "66210e0e8095cc3e798947c4",
      "url": "https://gate.dataloop.ai/api/v1/annotations/66210e138095cce47f894c24",
      "item": "https://gate.dataloop.ai/api/v1/items/66210e0e8095cc3e798947c4",
      "dataset": "https://gate.dataloop.ai/api/v1/datasets/66210e0c0b653c71684ff7a3",
      "srcAnnotation": "6620fb8072b11ac3dbe0f940",
      "type": "box",
      "label": "goal-bottom-right",
      "attributes": [],
      "coordinates": [
        {
          "x": 1110.1232125446336,
          "y": 381.7760335497094,
          "z": 0
        },
        {
          "x": 1410.1641719869094,
          "y": 529.577417210648,
          "z": 0
        }
      ],
      "metadata": {
        "system": {
          "attributes": {},
          "automated": false,
          "clientId": "783e5455-1698-402f-b2b1-715367f0cb58",
          "coordinateVersion": "v2",
          "endFrame": 0,
          "endTime": 0,
          "frame": 0,
          "itemLinks": [],
          "objectId": "51",
          "openAnnotationVersion": "1.75.0-prod.1",
          "plottingParams": {},
          "recipeId": "6620cb3bf7dd129c3fb8e289",
          "snapshots_": [],
          "startTime": 0,
          "system": false
        },
        "user": {}
      },
      "creator": "kim.lichtenberg@wearetriple.com",
      "createdAt": "2024-04-18T12:12:03.742Z",
      "updatedBy": "kim.lichtenberg@wearetriple.com",
      "updatedAt": "2024-04-18T12:12:03.742Z",
      "hash": "fc43a1b1f10d591178a68547b4d251a5fe431740",
      "source": "ui"
    }
  ],
  "annotationsCount": 9,
  "annotated": true,
  "srcItem": "6620cb8aa9bd20c73717e1b5",
  "srcDataset": "6620cb3b6abc12d47dfc6ce9"
}