{
  "id": "66210e0f8095cc823c89488f",
  "datasetId": "66210e0c0b653c71684ff7a3",
  "url": "https://gate.dataloop.ai/api/v1/items/66210e0f8095cc823c89488f",
  "dataset": "https://gate.dataloop.ai/api/v1/datasets/66210e0c0b653c71684ff7a3",
  "createdAt": "2024-04-18T12:11:56.514Z",
  "dir": "/part0",
  "filename": "/part0/ezgif-frame-175.jpg",
  "type": "file",
  "hidden": false,
  "metadata": {
    "system": {
      "channels": 3,
      "encoding": "7bit",
      "height": 1080,
      "isBinary": true,
      "mimetype": "image/jpeg",
      "modalities": [],
      "originalname": "ezgif-frame-175.jpg",
      "refs": [],
      "size": 52512,
      "taskStatusLog": [],
      "thumbnailId": "66210e108095cc2ebe894a01",
      "width": 1920
    }
  },
  "name": "ezgif-frame-175.jpg",
  "creator": "kim.lichtenberg@wearetriple.com",
  "updatedAt": "2024-04-18T12:12:30.082Z",
  "updatedBy": "rubiks@dataloop.ai",
  "stream": "https://gate.dataloop.ai/api/v1/items/66210e0f8095cc823c89488f/stream",
  "thumbnail": "https://gate.dataloop.ai/api/v1/items/66210e0f8095cc823c89488f/thumbnail",
  "annotations": [
    {
      "id": "66210e1f8095cc93738953ff",
      "datasetId": "66210e0c0b653c71684ff7a3",
      "itemId": "66210e0f8095cc823c89488f",
      "url": "https://gate.dataloop.ai/api/v1/annotations/66210e1f8095cc93738953ff",
      "item": "https://gate.dataloop.ai/api/v1/items/66210e0f8095cc823c89488f",
      "dataset": "https://gate.dataloop.ai/api/v1/datasets/66210e0c0b653c71684ff7a3",
      "srcAnnotation": "66210707c819db1de69830b6",
      "type": "box",
      "label": "goal-top-right",
      "attributes": [],
      "coordinates": [
        {
          "x": 1109.9232072237482,
          "y": 233.5121050067239,
          "z": 0
        },
        {
          "x": 1410.2287249676674,
          "y": 381.3134886676626,
          "z": 0
        }
      ],
      "metadata": {
        "system": {
          "attributes": {},
          "automated": false,
          "clientId": "114232e1-ead2-4e36-8461-3f0a582880cb",
          "coordinateVersion": "v2",
          "endFrame": 0,
          "endTime": 0,
          "frame": 0,
          "itemLinks": [],
          "objectId": "3",
          "openAnnotationVersion": "1.75.0-prod.1",
          "plottingParams": {},
          "recipeId": "6620cb3bf7dd129c3fb8e289",
          "snapshots_": [],
          "startTime": 0,
          "system": false
        },
        "user": {}
      },
      "creator": "kim.lichtenberg@wearetriple.com",
      "createdAt": "2024-04-18T12:12:15.954Z",
      "updatedBy": "kim.lichtenberg@wearetriple.com",
      "updatedAt": "2024-04-18T12:12:15.954Z",
      "hash": "29d7826da41ef542e524125190732f819616d819",
      "source": "ui"
    },
    {
      "id": "66210e208095cc0016895403",
      "datasetId": "66210e0c0b653c71684ff7a3",
      "itemId": "66210e0f8095cc823c89488f",
      "url": "https://gate.dataloop.ai/api/v1/annotations/66210e208095cc0016895403",
      "item": "https://gate.dataloop.ai/api/v1/items/66210e0f8095cc823c89488f",
      "dataset": "https://gate.dataloop.ai/api/v1/datasets/66210e0c0b653c71684ff7a3",
      "srcAnnotation": "66210707c819db2a2a9830bc",
      "type": "box",
      "label": "player",
      "attributes": [],
      "coordinates": [
        {
          "x": 512.26,
          "y": 555.19,
          "z": 0
        },
        {
          "x": 639.62,
          "y": 944.8100000000001,
          "z": 0
        }
      ],
      "metadata": {
        "system": {
          "attributes": {},
          "automated": false,
          "clientId": "467303e7-2516-4d89-ab7f-acba5eb2a293",
          "coordinateVersion": "v2",
          "endFrame": 0,
          "endTime": 0,
          "frame": 0,
          "itemLinks": [],
          "objectId": "9",
          "openAnnotationVersion": "1.75.0-prod.1",
          "plottingParams": {},
          "recipeId": "6620cb3bf7dd129c3fb8e289",
          "snapshots_": [],
          "startTime": 0,
          "system": false
        },
        "user": {}
      },
      "creator": "kim.lichtenberg@wearetriple.com",
      "createdAt": "2024-04-18T12:12:16.018Z",
      "updatedBy": "kim.lichtenberg@wearetriple.com",
      "updatedAt": "2024-04-18T12:12:16.018Z",
      "hash": "a9b960492c99e17cfa84722cc622e965999c871f",
      "source": "ui"
    },
    {
      "id": "66210e208095cc0df1895407",
      "datasetId": "66210e0c0b653c71684ff7a3",
      "itemId": "66210e0f8095cc823c89488f",
      "url": "https://gate.dataloop.ai/api/v1/annotations/66210e208095cc0df1895407",
      "item": "https://gate.dataloop.ai/api/v1/items/66210e0f8095cc823c89488f",
      "dataset": "https://gate.dataloop.ai/api/v1/datasets/66210e0c0b653c71684ff7a3",
      "srcAnnotation": "66210707c819db37419830bd",
      "type": "box",
      "label": "football",
      "attributes": [],
      "coordinates": [
        {
          "x": 932.08,
          "y": 725,
          "z": 0
        },
        {
          "x": 992.46,
          "y": 771.23,
          "z": 0
        }
      ],
      "metadata": {
        "system": {
          "attributes": {},
          "automated": false,
          "clientId": "28663f27-aff0-44ea-a4f2-d6bc023b882d",
          "coordinateVersion": "v2",
          "endFrame": 0,
          "endTime": 0,
          "frame": 0,
          "itemLinks": [],
          "objectId": "11",
          "openAnnotationVersion": "1.75.0-prod.1",
          "plottingParams": {},
          "recipeId": "6620cb3bf7dd129c3fb8e289",
          "snapshots_": [],
          "startTime": 0,
          "system": false
        },
        "user": {}
      },
      "creator": "kim.lichtenberg@wearetriple.com",
      "createdAt": "2024-04-18T12:12:16.079Z",
      "updatedBy": "kim.lichtenberg@wearetriple.com",
      "updatedAt": "2024-04-18T12:12:16.079Z",
      "hash": "f0996839cae17a8a7c95d0192e0d629c610bbcd5",
      "source": "ui"
    },
    {
      "id": "66210e208095cc0f4b89540f",
      "datasetId": "66210e0c0b653c71684ff7a3",
      "itemId": "66210e0f8095cc823c89488f",
      "url": "https://gate.dataloop.ai/api/v1/annotations/66210e208095cc0f4b89540f",
      "item": "https://gate.dataloop.ai/api/v1/items/66210e0f8095cc823c89488f",
      "dataset": "https://gate.dataloop.ai/api/v1/datasets/66210e0c0b653c71684ff7a3",
      "srcAnnotation": "66210707c819db51fc9830b8",
      "type": "box",
      "label": "circle",
      "attributes": [],
      "coordinates": [
        {
          "x": 790.5749103199455,
          "y": 721.2232075471697,
          "z": 0
        },
        {
          "x": 1119.786920071546,
          "y": 788.1687763765015,
          "z": 0
        }
      ],
      "metadata": {
        "system": {
          "attributes": {},
          "automated": false,
          "clientId": "aacd5d2e-90bc-4785-ab8b-bd5260e1e41b",
          "coordinateVersion": "v2",
          "endFrame": 0,
          "endTime": 0,
          "frame": 0,
          "itemLinks": [],
          "objectId": "12",
          "openAnnotationVersion": "1.75.0-prod.1",
          "plottingParams": {},
          "recipeId": "6620cb3bf7dd129c3fb8e289",
          "snapshots_": [],
          "startTime": 0,
          "system": false
        },
        "user": {}
      },
      "creator": "kim.lichtenberg@wearetriple.com",
      "createdAt": "2024-04-18T12:12:16.215Z",
      "updatedBy": "kim.lichtenberg@wearetriple.com",
      "updatedAt": "2024-04-18T12:12:16.215Z",
      "hash": "87dee3f14ede7cad97b6c842360609d84e92ecb6",
      "source": "ui"
    },
    {
      "id": "66210e208095cc330c89540c",
      "datasetId": "66210e0c0b653c71684ff7a3",
      "itemId": "66210e0f8095cc823c89488f",
      "url": "https://gate.dataloop.ai/api/v1/annotations/66210e208095cc330c89540c",
      "item": "https://gate.dataloop.ai/api/v1/items/66210e0f8095cc823c89488f",
      "dataset": "https://gate.dataloop.ai/api/v1/datasets/66210e0c0b653c71684ff7a3",
      "srcAnnotation": "66210707c819db421a9830bb",
      "type": "box",
      "label": "goalkeeper",
      "attributes": [],
      "coordinates": [
        {
          "x": 903.77,
          "y": 294.81,
          "z": 0
        },
        {
          "x": 1029.24,
          "y": 534.4300000000001,
          "z": 0
        }
      ],
      "metadata": {
        "system": {
          "attributes": {},
          "automated": false,
          "clientId": "3a10af15-5499-4d7f-9a5c-7fe41ef0cb0f",
          "coordinateVersion": "v2",
          "endFrame": 0,
          "endTime": 0,
          "frame": 0,
          "itemLinks": [],
          "objectId": "8",
          "openAnnotationVersion": "1.75.0-prod.1",
          "plottingParams": {},
          "recipeId": "6620cb3bf7dd129c3fb8e289",
          "snapshots_": [],
          "startTime": 0,
          "system": false
        },
        "user": {}
      },
      "creator": "kim.lichtenberg@wearetriple.com",
      "createdAt": "2024-04-18T12:12:16.144Z",
      "updatedBy": "kim.lichtenberg@wearetriple.com",
      "updatedAt": "2024-04-18T12:12:16.144Z",
      "hash": "c0d34bcf902613a1af01ea847a7a8c1277f8436f",
      "source": "ui"
    },
    {
      "id": "66210e208095cc3d4f895413",
      "datasetId": "66210e0c0b653c71684ff7a3",
      "itemId": "66210e0f8095cc823c89488f",
      "url": "https://gate.dataloop.ai/api/v1/annotations/66210e208095cc3d4f895413",
      "item": "https://gate.dataloop.ai/api/v1/items/66210e0f8095cc823c89488f",
      "dataset": "https://gate.dataloop.ai/api/v1/datasets/66210e0c0b653c71684ff7a3",
      "srcAnnotation": "66210707c819db57059830bf",
      "type": "box",
      "label": "goal-top-left",
      "attributes": [],
      "coordinates": [
        {
          "x": 509.7484670736494,
          "y": 233.36789275458096,
          "z": 0
        },
        {
          "x": 809.7894265159249,
          "y": 381.16927641551956,
          "z": 0
        }
      ],
      "metadata": {
        "system": {
          "attributes": {},
          "automated": false,
          "clientId": "52d8dea8-7a46-4179-af86-8122691a021e",
          "coordinateVersion": "v2",
          "endFrame": 0,
          "endTime": 0,
          "frame": 0,
          "itemLinks": [],
          "objectId": "1",
          "openAnnotationVersion": "1.75.0-prod.1",
          "plottingParams": {},
          "recipeId": "6620cb3bf7dd129c3fb8e289",
          "snapshots_": [],
          "startTime": 0,
          "system": false
        },
        "user": {}
      },
      "creator": "kim.lichtenberg@wearetriple.com",
      "createdAt": "2024-04-18T12:12:16.349Z",
      "updatedBy": "kim.lichtenberg@wearetriple.com",
      "updatedAt": "2024-04-18T12:12:16.349Z",
      "hash": "1d2e1d96498c9e1e99a96d27247dcde7d5e201d2",
      "source": "ui"
    },
    {
      "id": "66210e208095cc6165895416",
      "datasetId": "66210e0c0b653c71684ff7a3",
      "itemId": "66210e0f8095cc823c89488f",
      "url": "https://gate.dataloop.ai/api/v1/annotations/66210e208095cc6165895416",
      "item": "https://gate.dataloop.ai/api/v1/items/66210e0f8095cc823c89488f",
      "dataset": "https://gate.dataloop.ai/api/v1/datasets/66210e0c0b653c71684ff7a3",
      "srcAnnotation": "66210707c819db63f79830b7",
      "type": "box",
      "label": "goal-middle-down",
      "attributes": [],
      "coordinates": [
        {
          "x": 810.062128965418,
          "y": 381.52566120113283,
          "z": 0
        },
        {
          "x": 1110.1030884076936,
          "y": 529.3270448620716,
          "z": 0
        }
      ],
      "metadata": {
        "system": {
          "attributes": {},
          "automated": false,
          "clientId": "73e8f388-2699-469e-9bb6-d55597fa4614",
          "coordinateVersion": "v2",
          "endFrame": 0,
          "endTime": 0,
          "frame": 0,
          "itemLinks": [],
          "objectId": "5",
          "openAnnotationVersion": "1.75.0-prod.1",
          "plottingParams": {},
          "recipeId": "6620cb3bf7dd129c3fb8e289",
          "snapshots_": [],
          "startTime": 0,
          "system": false
        },
        "user": {}
      },
      "creator": "kim.lichtenberg@wearetriple.com",
      "createdAt": "2024-04-18T12:12:16.401Z",
      "updatedBy": "kim.lichtenberg@wearetriple.com",
      "updatedAt": "2024-04-18T12:12:16.401Z",
      "hash": "77f2e6e970e2b87725a25259793db2a0818cdefe",
      "source": "ui"
    },
    {
      "id": "66210e208095cc7066895422",
      "datasetId": "66210e0c0b653c71684ff7a3",
      "itemId": "66210e0f8095cc823c89488f",
      "url": "https://gate.dataloop.ai/api/v1/annotations/66210e208095cc7066895422",
      "item": "https://gate.dataloop.ai/api/v1/items/66210e0f8095cc823c89488f",
      "dataset": "https://gate.dataloop.ai/api/v1/datasets/66210e0c0b653c71684ff7a3",
      "srcAnnotation": "66210707c819dbd5999830ba",
      "type": "box",
      "label": "goal-bottom-left",
      "attributes": [],
      "coordinates": [
        {
          "x": 509.6575499411782,
          "y": 381.4565014530996,
          "z": 0
        },
        {
          "x": 809.6985093834538,
          "y": 529.2578851140381,
          "z": 0
        }
      ],
      "metadata": {
        "system": {
          "attributes": {},
          "automated": false,
          "clientId": "6b127932-87fb-496e-8e9d-9e7dccf3d94f",
          "coordinateVersion": "v2",
          "endFrame": 0,
          "endTime": 0,
          "frame": 0,
          "itemLinks": [],
          "objectId": "4",
          "openAnnotationVersion": "1.75.0-prod.1",
          "plottingParams": {},
          "recipeId": "6620cb3bf7dd129c3fb8e289",
          "snapshots_": [],
          "startTime": 0,
          "system": false
        },
        "user": {}
      },
      "creator": "kim.lichtenberg@wearetriple.com",
      "createdAt": "2024-04-18T12:12:16.569Z",
      "updatedBy": "kim.lichtenberg@wearetriple.com",
      "updatedAt": "2024-04-18T12:12:16.569Z",
      "hash": "8faa31c16e16f010f9c8d1342b00d6200319fd2e",
      "source": "ui"
    },
    {
      "id": "66210e208095cc7f5c89541e",
      "datasetId": "66210e0c0b653c71684ff7a3",
      "itemId": "66210e0f8095cc823c89488f",
      "url": "https://gate.dataloop.ai/api/v1/annotations/66210e208095cc7f5c89541e",
      "item": "https://gate.dataloop.ai/api/v1/items/66210e0f8095cc823c89488f",
      "dataset": "https://gate.dataloop.ai/api/v1/datasets/66210e0c0b653c71684ff7a3",
      "srcAnnotation": "66210707c819db725f9830b9",
      "type": "box",
      "label": "goal-bottom-right",
      "attributes": [],
      "coordinates": [
        {
          "x": 1110.1232125446336,
          "y": 381.7760335497094,
          "z": 0
        },
        {
          "x": 1410.1641719869094,
          "y": 529.577417210648,
          "z": 0
        }
      ],
      "metadata": {
        "system": {
          "attributes": {},
          "automated": false,
          "clientId": "30fad695-5445-432c-9951-b73b1e40a4f9",
          "coordinateVersion": "v2",
          "endFrame": 0,
          "endTime": 0,
          "frame": 0,
          "itemLinks": [],
          "objectId": "6",
          "openAnnotationVersion": "1.75.0-prod.1",
          "plottingParams": {},
          "recipeId": "6620cb3bf7dd129c3fb8e289",
          "snapshots_": [],
          "startTime": 0,
          "system": false
        },
        "user": {}
      },
      "creator": "kim.lichtenberg@wearetriple.com",
      "createdAt": "2024-04-18T12:12:16.520Z",
      "updatedBy": "kim.lichtenberg@wearetriple.com",
      "updatedAt": "2024-04-18T12:12:16.520Z",
      "hash": "66e48be745c015beb3f66aec00a6a16ecb65c60e",
      "source": "ui"
    },
    {
      "id": "66210e208095ccbdc089541a",
      "datasetId": "66210e0c0b653c71684ff7a3",
      "itemId": "66210e0f8095cc823c89488f",
      "url": "https://gate.dataloop.ai/api/v1/annotations/66210e208095ccbdc089541a",
      "item": "https://gate.dataloop.ai/api/v1/items/66210e0f8095cc823c89488f",
      "dataset": "https://gate.dataloop.ai/api/v1/datasets/66210e0c0b653c71684ff7a3",
      "srcAnnotation": "66210707c819db6b969830be",
      "type": "box",
      "label": "goal-middle-up",
      "attributes": [],
      "coordinates": [
        {
          "x": 810.1311204331535,
          "y": 233.400564430087,
          "z": 0
        },
        {
          "x": 1109.6152633201598,
          "y": 381.20194809102566,
          "z": 0
        }
      ],
      "metadata": {
        "system": {
          "attributes": {},
          "automated": false,
          "clientId": "c6c2b62d-b12a-4d0e-9546-5c274c0d38cb",
          "coordinateVersion": "v2",
          "endFrame": 0,
          "endTime": 0,
          "frame": 0,
          "itemLinks": [],
          "objectId": "2",
          "openAnnotationVersion": "1.75.0-prod.1",
          "plottingParams": {},
          "recipeId": "6620cb3bf7dd129c3fb8e289",
          "snapshots_": [],
          "startTime": 0,
          "system": false
        },
        "user": {}
      },
      "creator": "kim.lichtenberg@wearetriple.com",
      "createdAt": "2024-04-18T12:12:16.459Z",
      "updatedBy": "kim.lichtenberg@wearetriple.com",
      "updatedAt": "2024-04-18T12:12:16.459Z",
      "hash": "02f6912177027e7e050218d5589bdb10ff301ba1",
      "source": "ui"
    }
  ],
  "annotationsCount": 10,
  "annotated": true,
  "srcItem": "6620cb892e841d3fca18c54d",
  "srcDataset": "6620cb3b6abc12d47dfc6ce9"
}