{
  "id": "66210e0e8095cc50c78947cc",
  "datasetId": "66210e0c0b653c71684ff7a3",
  "url": "https://gate.dataloop.ai/api/v1/items/66210e0e8095cc50c78947cc",
  "dataset": "https://gate.dataloop.ai/api/v1/datasets/66210e0c0b653c71684ff7a3",
  "createdAt": "2024-04-18T12:11:56.518Z",
  "dir": "/part0",
  "filename": "/part0/ezgif-frame-192.jpg",
  "type": "file",
  "hidden": false,
  "metadata": {
    "system": {
      "channels": 3,
      "encoding": "7bit",
      "height": 1080,
      "isBinary": true,
      "mimetype": "image/jpeg",
      "modalities": [],
      "originalname": "ezgif-frame-192.jpg",
      "refs": [],
      "size": 56580,
      "taskStatusLog": [],
      "thumbnailId": "66210e108095cc5303894a0a",
      "width": 1920
    }
  },
  "name": "ezgif-frame-192.jpg",
  "creator": "kim.lichtenberg@wearetriple.com",
  "updatedAt": "2024-04-18T12:12:36.105Z",
  "updatedBy": "rubiks@dataloop.ai",
  "stream": "https://gate.dataloop.ai/api/v1/items/66210e0e8095cc50c78947cc/stream",
  "thumbnail": "https://gate.dataloop.ai/api/v1/items/66210e0e8095cc50c78947cc/thumbnail",
  "annotations": [
    {
      "id": "66210e1d8095cce42b89536f",
      "datasetId": "66210e0c0b653c71684ff7a3",
      "itemId": "66210e0e8095cc50c78947cc",
      "url": "https://gate.dataloop.ai/api/v1/annotations/66210e1d8095cce42b89536f",
      "item": "https://gate.dataloop.ai/api/v1/items/66210e0e8095cc50c78947cc",
      "dataset": "https://gate.dataloop.ai/api/v1/datasets/66210e0c0b653c71684ff7a3",
      "srcAnnotation": "6620f026a237980d27113e3b",
      "type": "box",
      "label": "goal-top-left",
      "attributes": [],
      "coordinates": [
        {
          "x": 509.7484670736494,
          "y": 233.36789275458096,
          "z": 0
        },
        {
          "x": 809.7894265159249,
          "y": 381.16927641551956,
          "z": 0
        }
      ],
      "metadata": {
        "system": {
          "attributes": {},
          "automated": false,
          "clientId": "275bc0a5-1c55-4391-b427-c0544ee1b0d8",
          "coordinateVersion": "v2",
          "endFrame": 0,
          "endTime": 0,
          "frame": 0,
          "itemLinks": [],
          "objectId": "9",
          "openAnnotationVersion": "1.75.0-prod.1",
          "plottingParams": {},
          "recipeId": "6620cb3bf7dd129c3fb8e289",
          "snapshots_": [],
          "startTime": 0,
          "system": false
        },
        "user": {}
      },
      "creator": "kim.lichtenberg@wearetriple.com",
      "createdAt": "2024-04-18T12:12:13.976Z",
      "updatedBy": "kim.lichtenberg@wearetriple.com",
      "updatedAt": "2024-04-18T12:12:13.976Z",
      "hash": "901cadb13aa5966229c9b7551187506f3225107d",
      "source": "ui"
    },
    {
      "id": "66210e1e8095cc03d6895396",
      "datasetId": "66210e0c0b653c71684ff7a3",
      "itemId": "66210e0e8095cc50c78947cc",
      "url": "https://gate.dataloop.ai/api/v1/annotations/66210e1e8095cc03d6895396",
      "item": "https://gate.dataloop.ai/api/v1/items/66210e0e8095cc50c78947cc",
      "dataset": "https://gate.dataloop.ai/api/v1/datasets/66210e0c0b653c71684ff7a3",
      "srcAnnotation": "6620f026a237987f9f113e33",
      "type": "box",
      "label": "goal-bottom-left",
      "attributes": [],
      "coordinates": [
        {
          "x": 509.6575499411782,
          "y": 381.4565014530996,
          "z": 0
        },
        {
          "x": 809.6985093834538,
          "y": 529.2578851140381,
          "z": 0
        }
      ],
      "metadata": {
        "system": {
          "attributes": {},
          "automated": false,
          "clientId": "cc39a162-bd37-4dd3-96dc-f097826c47f3",
          "coordinateVersion": "v2",
          "endFrame": 0,
          "endTime": 0,
          "frame": 0,
          "itemLinks": [],
          "objectId": "44",
          "openAnnotationVersion": "1.75.0-prod.1",
          "plottingParams": {},
          "recipeId": "6620cb3bf7dd129c3fb8e289",
          "snapshots_": [],
          "startTime": 0,
          "system": false
        },
        "user": {}
      },
      "creator": "kim.lichtenberg@wearetriple.com",
      "createdAt": "2024-04-18T12:12:14.393Z",
      "updatedBy": "kim.lichtenberg@wearetriple.com",
      "updatedAt": "2024-04-18T12:12:14.393Z",
      "hash": "fd0a83007a87675414b6144359b57034b7fb08ac",
      "source": "ui"
    },
    {
      "id": "66210e1e8095cc0b178953a6",
      "datasetId": "66210e0c0b653c71684ff7a3",
      "itemId": "66210e0e8095cc50c78947cc",
      "url": "https://gate.dataloop.ai/api/v1/annotations/66210e1e8095cc0b178953a6",
      "item": "https://gate.dataloop.ai/api/v1/items/66210e0e8095cc50c78947cc",
      "dataset": "https://gate.dataloop.ai/api/v1/datasets/66210e0c0b653c71684ff7a3",
      "srcAnnotation": "662102e272b11a40e6e10d07",
      "type": "box",
      "label": "circle",
      "attributes": [],
      "coordinates": [
        {
          "x": 930.25,
          "y": 756.81,
          "z": 0
        },
        {
          "x": 989.99,
          "y": 767.75,
          "z": 0
        }
      ],
      "metadata": {
        "system": {
          "attributes": {},
          "automated": false,
          "clientId": "ab3de537-948f-4e05-8066-2a33c0688dcc",
          "coordinateVersion": "v2",
          "endFrame": 0,
          "endTime": 0,
          "frame": 0,
          "itemLinks": [],
          "objectId": "52",
          "openAnnotationVersion": "1.75.0-prod.1",
          "recipeId": "6620cb3bf7dd129c3fb8e289",
          "snapshots_": [],
          "startTime": 0,
          "system": false
        },
        "user": {}
      },
      "creator": "kim.lichtenberg@wearetriple.com",
      "createdAt": "2024-04-18T12:12:14.644Z",
      "updatedBy": "kim.lichtenberg@wearetriple.com",
      "updatedAt": "2024-04-18T12:12:14.644Z",
      "hash": "b048b3fe462859dd8d0db011f61d167fb77102cf",
      "source": "ui"
    },
    {
      "id": "66210e1e8095cc0d5e895389",
      "datasetId": "66210e0c0b653c71684ff7a3",
      "itemId": "66210e0e8095cc50c78947cc",
      "url": "https://gate.dataloop.ai/api/v1/annotations/66210e1e8095cc0d5e895389",
      "item": "https://gate.dataloop.ai/api/v1/items/66210e0e8095cc50c78947cc",
      "dataset": "https://gate.dataloop.ai/api/v1/datasets/66210e0c0b653c71684ff7a3",
      "srcAnnotation": "6620f026a237985528113e3a",
      "type": "box",
      "label": "goal-middle-up",
      "attributes": [],
      "coordinates": [
        {
          "x": 810.1311204331535,
          "y": 233.400564430087,
          "z": 0
        },
        {
          "x": 1109.6152633201598,
          "y": 381.20194809102566,
          "z": 0
        }
      ],
      "metadata": {
        "system": {
          "attributes": {},
          "automated": false,
          "clientId": "62342a8d-e27b-437c-94ea-bbcac29d2725",
          "coordinateVersion": "v2",
          "endFrame": 0,
          "endTime": 0,
          "frame": 0,
          "itemLinks": [],
          "objectId": "42",
          "openAnnotationVersion": "1.75.0-prod.1",
          "plottingParams": {},
          "recipeId": "6620cb3bf7dd129c3fb8e289",
          "snapshots_": [],
          "startTime": 0,
          "system": false
        },
        "user": {}
      },
      "creator": "kim.lichtenberg@wearetriple.com",
      "createdAt": "2024-04-18T12:12:14.232Z",
      "updatedBy": "kim.lichtenberg@wearetriple.com",
      "updatedAt": "2024-04-18T12:12:14.232Z",
      "hash": "48d5cef35d98ad0bc9e459238c1883da818cb41a",
      "source": "ui"
    },
    {
      "id": "66210e1e8095cc39678953a2",
      "datasetId": "66210e0c0b653c71684ff7a3",
      "itemId": "66210e0e8095cc50c78947cc",
      "url": "https://gate.dataloop.ai/api/v1/annotations/66210e1e8095cc39678953a2",
      "item": "https://gate.dataloop.ai/api/v1/items/66210e0e8095cc50c78947cc",
      "dataset": "https://gate.dataloop.ai/api/v1/datasets/66210e0c0b653c71684ff7a3",
      "srcAnnotation": "6620f026a23798d18a113e35",
      "type": "box",
      "label": "goal-bottom-right",
      "attributes": [],
      "coordinates": [
        {
          "x": 1110.1232125446336,
          "y": 381.7760335497094,
          "z": 0
        },
        {
          "x": 1410.1641719869094,
          "y": 529.577417210648,
          "z": 0
        }
      ],
      "metadata": {
        "system": {
          "attributes": {},
          "automated": false,
          "clientId": "424c5b96-5bb0-4afc-b6cf-3c1c0fb7ea4e",
          "coordinateVersion": "v2",
          "endFrame": 0,
          "endTime": 0,
          "frame": 0,
          "itemLinks": [],
          "objectId": "51",
          "openAnnotationVersion": "1.75.0-prod.1",
          "plottingParams": {},
          "recipeId": "6620cb3bf7dd129c3fb8e289",
          "snapshots_": [],
          "startTime": 0,
          "system": false
        },
        "user": {}
      },
      "creator": "kim.lichtenberg@wearetriple.com",
      "createdAt": "2024-04-18T12:12:14.585Z",
      "updatedBy": "kim.lichtenberg@wearetriple.com",
      "updatedAt": "2024-04-18T12:12:14.585Z",
      "hash": "872fe8cc8103c112dfe0c313f99531356a8f20c2",
      "source": "ui"
    },
    {
      "id": "66210e1e8095cc3c0e895381",
      "datasetId": "66210e0c0b653c71684ff7a3",
      "itemId": "66210e0e8095cc50c78947cc",
      "url": "https://gate.dataloop.ai/api/v1/annotations/66210e1e8095cc3c0e895381",
      "item": "https://gate.dataloop.ai/api/v1/items/66210e0e8095cc50c78947cc",
      "dataset": "https://gate.dataloop.ai/api/v1/datasets/66210e0c0b653c71684ff7a3",
      "srcAnnotation": "6620f026a237985459113e36",
      "type": "box",
      "label": "goal-middle-down",
      "attributes": [],
      "coordinates": [
        {
          "x": 810.062128965418,
          "y": 381.52566120113283,
          "z": 0
        },
        {
          "x": 1110.1030884076936,
          "y": 529.3270448620716,
          "z": 0
        }
      ],
      "metadata": {
        "system": {
          "attributes": {},
          "automated": false,
          "clientId": "fda08980-c218-4119-bf3d-86269a6394aa",
          "coordinateVersion": "v2",
          "endFrame": 0,
          "endTime": 0,
          "frame": 0,
          "itemLinks": [],
          "objectId": "45",
          "openAnnotationVersion": "1.75.0-prod.1",
          "plottingParams": {},
          "recipeId": "6620cb3bf7dd129c3fb8e289",
          "snapshots_": [],
          "startTime": 0,
          "system": false
        },
        "user": {}
      },
      "creator": "kim.lichtenberg@wearetriple.com",
      "createdAt": "2024-04-18T12:12:14.158Z",
      "updatedBy": "kim.lichtenberg@wearetriple.com",
      "updatedAt": "2024-04-18T12:12:14.158Z",
      "hash": "9b048b184055413818f330fac1d8d0924522cbea",
      "source": "ui"
    },
    {
      "id": "66210e1e8095cc467a895379",
      "datasetId": "66210e0c0b653c71684ff7a3",
      "itemId": "66210e0e8095cc50c78947cc",
      "url": "https://gate.dataloop.ai/api/v1/annotations/66210e1e8095cc467a895379",
      "item": "https://gate.dataloop.ai/api/v1/items/66210e0e8095cc50c78947cc",
      "dataset": "https://gate.dataloop.ai/api/v1/datasets/66210e0c0b653c71684ff7a3",
      "srcAnnotation": "6620f026a2379828e6113e34",
      "type": "box",
      "label": "player",
      "attributes": [],
      "coordinates": [
        {
          "x": 513.2096226415092,
          "y": 544.8132075471699,
          "z": 0
        },
        {
          "x": 660.3409394383168,
          "y": 945.75320754717,
          "z": 0
        }
      ],
      "metadata": {
        "system": {
          "attributes": {},
          "automated": false,
          "clientId": "32e6a7bf-18d8-4636-8fa9-942a74dbf915",
          "coordinateVersion": "v2",
          "endFrame": 0,
          "endTime": 0,
          "frame": 0,
          "itemLinks": [],
          "objectId": "3",
          "openAnnotationVersion": "1.75.0-prod.1",
          "plottingParams": {},
          "recipeId": "6620cb3bf7dd129c3fb8e289",
          "snapshots_": [],
          "startTime": 0,
          "system": false
        },
        "user": {}
      },
      "creator": "kim.lichtenberg@wearetriple.com",
      "createdAt": "2024-04-18T12:12:14.073Z",
      "updatedBy": "kim.lichtenberg@wearetriple.com",
      "updatedAt": "2024-04-18T12:12:14.073Z",
      "hash": "eff9cfd156ff1718e53582534ebacdf5e80acc13",
      "source": "ui"
    },
    {
      "id": "66210e1e8095cc729489539a",
      "datasetId": "66210e0c0b653c71684ff7a3",
      "itemId": "66210e0e8095cc50c78947cc",
      "url": "https://gate.dataloop.ai/api/v1/annotations/66210e1e8095cc729489539a",
      "item": "https://gate.dataloop.ai/api/v1/items/66210e0e8095cc50c78947cc",
      "dataset": "https://gate.dataloop.ai/api/v1/datasets/66210e0c0b653c71684ff7a3",
      "srcAnnotation": "6620f026a23798800b113e32",
      "type": "box",
      "label": "goalkeeper",
      "attributes": [],
      "coordinates": [
        {
          "x": 923.6838905443217,
          "y": 293.1602973695601,
          "z": 0
        },
        {
          "x": 1097.1697911713263,
          "y": 534.7391353612463,
          "z": 0
        }
      ],
      "metadata": {
        "system": {
          "attributes": {},
          "automated": false,
          "clientId": "7709dad7-3ed6-4615-8696-a92af1da1f47",
          "coordinateVersion": "v2",
          "endFrame": 0,
          "endTime": 0,
          "frame": 0,
          "itemLinks": [],
          "objectId": "5",
          "openAnnotationVersion": "1.75.0-prod.1",
          "plottingParams": {},
          "recipeId": "6620cb3bf7dd129c3fb8e289",
          "snapshots_": [],
          "startTime": 0,
          "system": false
        },
        "user": {}
      },
      "creator": "kim.lichtenberg@wearetriple.com",
      "createdAt": "2024-04-18T12:12:14.464Z",
      "updatedBy": "kim.lichtenberg@wearetriple.com",
      "updatedAt": "2024-04-18T12:12:14.464Z",
      "hash": "9c2f78e02af16ca46386cd6d1cd83e9b37e860dd",
      "source": "ui"
    },
    {
      "id": "66210e1e8095cca6d2895392",
      "datasetId": "66210e0c0b653c71684ff7a3",
      "itemId": "66210e0e8095cc50c78947cc",
      "url": "https://gate.dataloop.ai/api/v1/annotations/66210e1e8095cca6d2895392",
      "item": "https://gate.dataloop.ai/api/v1/items/66210e0e8095cc50c78947cc",
      "dataset": "https://gate.dataloop.ai/api/v1/datasets/66210e0c0b653c71684ff7a3",
      "srcAnnotation": "6620f026a237985ed8113e37",
      "type": "box",
      "label": "football",
      "attributes": [],
      "coordinates": [
        {
          "x": 933.1661051944053,
          "y": 727.9851578849152,
          "z": 0
        },
        {
          "x": 988.8261051944053,
          "y": 770.4351578849152,
          "z": 0
        }
      ],
      "metadata": {
        "system": {
          "attributes": {},
          "automated": false,
          "clientId": "2be31989-1207-4a17-8e95-c5a78dc4ffa2",
          "coordinateVersion": "v2",
          "endFrame": 0,
          "endTime": 0,
          "frame": 0,
          "itemLinks": [],
          "objectId": "1",
          "openAnnotationVersion": "1.75.0-prod.1",
          "plottingParams": {},
          "recipeId": "6620cb3bf7dd129c3fb8e289",
          "snapshots_": [],
          "startTime": 0,
          "system": false
        },
        "user": {}
      },
      "creator": "kim.lichtenberg@wearetriple.com",
      "createdAt": "2024-04-18T12:12:14.319Z",
      "updatedBy": "kim.lichtenberg@wearetriple.com",
      "updatedAt": "2024-04-18T12:12:14.319Z",
      "hash": "e7efe89585c51788a8a754ee6df30f73dfb6111c",
      "source": "ui"
    },
    {
      "id": "66210e1e8095ccd9c689539e",
      "datasetId": "66210e0c0b653c71684ff7a3",
      "itemId": "66210e0e8095cc50c78947cc",
      "url": "https://gate.dataloop.ai/api/v1/annotations/66210e1e8095ccd9c689539e",
      "item": "https://gate.dataloop.ai/api/v1/items/66210e0e8095cc50c78947cc",
      "dataset": "https://gate.dataloop.ai/api/v1/datasets/66210e0c0b653c71684ff7a3",
      "srcAnnotation": "6620f026a2379880d9113e39",
      "type": "box",
      "label": "goal-top-right",
      "attributes": [],
      "coordinates": [
        {
          "x": 1109.9232072237482,
          "y": 233.5121050067239,
          "z": 0
        },
        {
          "x": 1410.2287249676674,
          "y": 381.3134886676626,
          "z": 0
        }
      ],
      "metadata": {
        "system": {
          "attributes": {},
          "automated": false,
          "clientId": "d77207f9-3edc-4917-ac9c-d0b4cca79e61",
          "coordinateVersion": "v2",
          "endFrame": 0,
          "endTime": 0,
          "frame": 0,
          "itemLinks": [],
          "objectId": "43",
          "openAnnotationVersion": "1.75.0-prod.1",
          "plottingParams": {},
          "recipeId": "6620cb3bf7dd129c3fb8e289",
          "snapshots_": [],
          "startTime": 0,
          "system": false
        },
        "user": {}
      },
      "creator": "kim.lichtenberg@wearetriple.com",
      "createdAt": "2024-04-18T12:12:14.528Z",
      "updatedBy": "kim.lichtenberg@wearetriple.com",
      "updatedAt": "2024-04-18T12:12:14.528Z",
      "hash": "927caa0fa6b8d2b2b78f76bb234aa68a94cabdda",
      "source": "ui"
    }
  ],
  "annotationsCount": 10,
  "annotated": true,
  "srcItem": "6620cb8ca56105306d0e79b4",
  "srcDataset": "6620cb3b6abc12d47dfc6ce9"
}