{
  "id": "66210e0e8095cc8424894838",
  "datasetId": "66210e0c0b653c71684ff7a3",
  "url": "https://gate.dataloop.ai/api/v1/items/66210e0e8095cc8424894838",
  "dataset": "https://gate.dataloop.ai/api/v1/datasets/66210e0c0b653c71684ff7a3",
  "createdAt": "2024-04-18T12:11:56.514Z",
  "dir": "/part0",
  "filename": "/part0/ezgif-frame-177.jpg",
  "type": "file",
  "hidden": false,
  "metadata": {
    "system": {
      "channels": 3,
      "encoding": "7bit",
      "height": 1080,
      "isBinary": true,
      "mimetype": "image/jpeg",
      "modalities": [],
      "originalname": "ezgif-frame-177.jpg",
      "refs": [],
      "size": 54809,
      "taskStatusLog": [],
      "thumbnailId": "66210e108095ccb69d8949f1",
      "width": 1920
    }
  },
  "name": "ezgif-frame-177.jpg",
  "creator": "kim.lichtenberg@wearetriple.com",
  "updatedAt": "2024-04-18T12:12:30.250Z",
  "updatedBy": "rubiks@dataloop.ai",
  "stream": "https://gate.dataloop.ai/api/v1/items/66210e0e8095cc8424894838/stream",
  "thumbnail": "https://gate.dataloop.ai/api/v1/items/66210e0e8095cc8424894838/thumbnail",
  "annotations": [
    {
      "id": "66210e228095cc412f8954ad",
      "datasetId": "66210e0c0b653c71684ff7a3",
      "itemId": "66210e0e8095cc8424894838",
      "url": "https://gate.dataloop.ai/api/v1/annotations/66210e228095cc412f8954ad",
      "item": "https://gate.dataloop.ai/api/v1/items/66210e0e8095cc8424894838",
      "dataset": "https://gate.dataloop.ai/api/v1/datasets/66210e0c0b653c71684ff7a3",
      "srcAnnotation": "6620fc7cc819db00d5981308",
      "type": "box",
      "label": "football",
      "attributes": [],
      "coordinates": [
        {
          "x": 930.3359165151602,
          "y": 727.9851578849152,
          "z": 0
        },
        {
          "x": 985.9959165151603,
          "y": 770.435157884915,
          "z": 0
        }
      ],
      "metadata": {
        "system": {
          "attributes": {},
          "automated": false,
          "clientId": "79c09487-a247-4633-b97c-768d9b95d570",
          "coordinateVersion": "v2",
          "endFrame": 0,
          "endTime": 0,
          "frame": 0,
          "itemLinks": [],
          "objectId": "1",
          "openAnnotationVersion": "1.75.0-prod.1",
          "plottingParams": {},
          "recipeId": "6620cb3bf7dd129c3fb8e289",
          "snapshots_": [],
          "startTime": 0,
          "system": false
        },
        "user": {}
      },
      "creator": "kim.lichtenberg@wearetriple.com",
      "createdAt": "2024-04-18T12:12:18.673Z",
      "updatedBy": "kim.lichtenberg@wearetriple.com",
      "updatedAt": "2024-04-18T12:12:18.673Z",
      "hash": "81a2ea2abbc5ebf5d14aaaeadb926411405a2796",
      "source": "ui"
    },
    {
      "id": "66210e228095cc5d298954b9",
      "datasetId": "66210e0c0b653c71684ff7a3",
      "itemId": "66210e0e8095cc8424894838",
      "url": "https://gate.dataloop.ai/api/v1/annotations/66210e228095cc5d298954b9",
      "item": "https://gate.dataloop.ai/api/v1/items/66210e0e8095cc8424894838",
      "dataset": "https://gate.dataloop.ai/api/v1/datasets/66210e0c0b653c71684ff7a3",
      "srcAnnotation": "6620fc7cc819db357498130c",
      "type": "box",
      "label": "player",
      "attributes": [],
      "coordinates": [
        {
          "x": 513.2096226415092,
          "y": 544.8132075471699,
          "z": 0
        },
        {
          "x": 660.3409394383168,
          "y": 945.75320754717,
          "z": 0
        }
      ],
      "metadata": {
        "system": {
          "attributes": {},
          "automated": false,
          "clientId": "63931305-462b-4e66-8b29-fdf62803c9e6",
          "coordinateVersion": "v2",
          "endFrame": 0,
          "endTime": 0,
          "frame": 0,
          "itemLinks": [],
          "objectId": "3",
          "openAnnotationVersion": "1.75.0-prod.1",
          "plottingParams": {},
          "recipeId": "6620cb3bf7dd129c3fb8e289",
          "snapshots_": [],
          "startTime": 0,
          "system": false
        },
        "user": {}
      },
      "creator": "kim.lichtenberg@wearetriple.com",
      "createdAt": "2024-04-18T12:12:18.869Z",
      "updatedBy": "kim.lichtenberg@wearetriple.com",
      "updatedAt": "2024-04-18T12:12:18.869Z",
      "hash": "ae335dbedfedb95bdb344d5fd91644141ed0fdc6",
      "source": "ui"
    },
    {
      "id": "66210e228095cc66f08954b5",
      "datasetId": "66210e0c0b653c71684ff7a3",
      "itemId": "66210e0e8095cc8424894838",
      "url": "https://gate.dataloop.ai/api/v1/annotations/66210e228095cc66f08954b5",
      "item": "https://gate.dataloop.ai/api/v1/items/66210e0e8095cc8424894838",
      "dataset": "https://gate.dataloop.ai/api/v1/datasets/66210e0c0b653c71684ff7a3",
      "srcAnnotation": "6620fc7cc819db158c981305",
      "type": "box",
      "label": "goal-top-left",
      "attributes": [],
      "coordinates": [
        {
          "x": 509.7484670736494,
          "y": 233.36789275458096,
          "z": 0
        },
        {
          "x": 809.7894265159249,
          "y": 381.16927641551956,
          "z": 0
        }
      ],
      "metadata": {
        "system": {
          "attributes": {},
          "automated": false,
          "clientId": "7ffe8cb2-5b55-4a4e-a5fa-388a90fd6c5b",
          "coordinateVersion": "v2",
          "endFrame": 0,
          "endTime": 0,
          "frame": 0,
          "itemLinks": [],
          "objectId": "9",
          "openAnnotationVersion": "1.75.0-prod.1",
          "plottingParams": {},
          "recipeId": "6620cb3bf7dd129c3fb8e289",
          "snapshots_": [],
          "startTime": 0,
          "system": false
        },
        "user": {}
      },
      "creator": "kim.lichtenberg@wearetriple.com",
      "createdAt": "2024-04-18T12:12:18.806Z",
      "updatedBy": "kim.lichtenberg@wearetriple.com",
      "updatedAt": "2024-04-18T12:12:18.806Z",
      "hash": "a90840fc6ebd73206188b1014d3446d0e0f8853c",
      "source": "ui"
    },
    {
      "id": "66210e228095cc6f738954bd",
      "datasetId": "66210e0c0b653c71684ff7a3",
      "itemId": "66210e0e8095cc8424894838",
      "url": "https://gate.dataloop.ai/api/v1/annotations/66210e228095cc6f738954bd",
      "item": "https://gate.dataloop.ai/api/v1/items/66210e0e8095cc8424894838",
      "dataset": "https://gate.dataloop.ai/api/v1/datasets/66210e0c0b653c71684ff7a3",
      "srcAnnotation": "6620fc7cc819db37af98130a",
      "type": "box",
      "label": "goal-middle-up",
      "attributes": [],
      "coordinates": [
        {
          "x": 810.1311204331535,
          "y": 233.400564430087,
          "z": 0
        },
        {
          "x": 1109.6152633201598,
          "y": 381.20194809102566,
          "z": 0
        }
      ],
      "metadata": {
        "system": {
          "attributes": {},
          "automated": false,
          "clientId": "3dc86414-9d08-4e07-85f2-b52f06cc2f87",
          "coordinateVersion": "v2",
          "endFrame": 0,
          "endTime": 0,
          "frame": 0,
          "itemLinks": [],
          "objectId": "42",
          "openAnnotationVersion": "1.75.0-prod.1",
          "plottingParams": {},
          "recipeId": "6620cb3bf7dd129c3fb8e289",
          "snapshots_": [],
          "startTime": 0,
          "system": false
        },
        "user": {}
      },
      "creator": "kim.lichtenberg@wearetriple.com",
      "createdAt": "2024-04-18T12:12:18.931Z",
      "updatedBy": "kim.lichtenberg@wearetriple.com",
      "updatedAt": "2024-04-18T12:12:18.931Z",
      "hash": "3536bfee5066e970903e2e7053c5e5396f63dda6",
      "source": "ui"
    },
    {
      "id": "66210e228095ccd0dd8954b1",
      "datasetId": "66210e0c0b653c71684ff7a3",
      "itemId": "66210e0e8095cc8424894838",
      "url": "https://gate.dataloop.ai/api/v1/annotations/66210e228095ccd0dd8954b1",
      "item": "https://gate.dataloop.ai/api/v1/items/66210e0e8095cc8424894838",
      "dataset": "https://gate.dataloop.ai/api/v1/datasets/66210e0c0b653c71684ff7a3",
      "srcAnnotation": "6620fc7cc819db02fc981304",
      "type": "box",
      "label": "goalkeeper",
      "attributes": [],
      "coordinates": [
        {
          "x": 914.3486494548595,
          "y": 296.40531334308605,
          "z": 0
        },
        {
          "x": 1037.6137992838549,
          "y": 537.9841513347723,
          "z": 0
        }
      ],
      "metadata": {
        "system": {
          "attributes": {},
          "automated": false,
          "clientId": "2df83142-a4b4-47e1-a4a9-67fc010f2fa2",
          "coordinateVersion": "v2",
          "endFrame": 0,
          "endTime": 0,
          "frame": 0,
          "itemLinks": [],
          "objectId": "5",
          "openAnnotationVersion": "1.75.0-prod.1",
          "plottingParams": {},
          "recipeId": "6620cb3bf7dd129c3fb8e289",
          "snapshots_": [],
          "startTime": 0,
          "system": false
        },
        "user": {}
      },
      "creator": "kim.lichtenberg@wearetriple.com",
      "createdAt": "2024-04-18T12:12:18.737Z",
      "updatedBy": "kim.lichtenberg@wearetriple.com",
      "updatedAt": "2024-04-18T12:12:18.737Z",
      "hash": "5ef1cbacbb392f0e433503c94e105d73c59af68d",
      "source": "ui"
    },
    {
      "id": "66210e228095ccec8f8954c2",
      "datasetId": "66210e0c0b653c71684ff7a3",
      "itemId": "66210e0e8095cc8424894838",
      "url": "https://gate.dataloop.ai/api/v1/annotations/66210e228095ccec8f8954c2",
      "item": "https://gate.dataloop.ai/api/v1/items/66210e0e8095cc8424894838",
      "dataset": "https://gate.dataloop.ai/api/v1/datasets/66210e0c0b653c71684ff7a3",
      "srcAnnotation": "6620fc7cc819db7c45981309",
      "type": "box",
      "label": "goal-bottom-right",
      "attributes": [],
      "coordinates": [
        {
          "x": 1110.1232125446336,
          "y": 381.7760335497094,
          "z": 0
        },
        {
          "x": 1410.1641719869094,
          "y": 529.577417210648,
          "z": 0
        }
      ],
      "metadata": {
        "system": {
          "attributes": {},
          "automated": false,
          "clientId": "f3efcb2d-5d78-48ea-9ae7-146eb18d787c",
          "coordinateVersion": "v2",
          "endFrame": 0,
          "endTime": 0,
          "frame": 0,
          "itemLinks": [],
          "objectId": "51",
          "openAnnotationVersion": "1.75.0-prod.1",
          "plottingParams": {},
          "recipeId": "6620cb3bf7dd129c3fb8e289",
          "snapshots_": [],
          "startTime": 0,
          "system": false
        },
        "user": {}
      },
      "creator": "kim.lichtenberg@wearetriple.com",
      "createdAt": "2024-04-18T12:12:18.996Z",
      "updatedBy": "kim.lichtenberg@wearetriple.com",
      "updatedAt": "2024-04-18T12:12:18.996Z",
      "hash": "861e183aebcbb0d7b375f23cb8574a3df3ca0ba5",
      "source": "ui"
    },
    {
      "id": "66210e238095cc2f0e8954cc",
      "datasetId": "66210e0c0b653c71684ff7a3",
      "itemId": "66210e0e8095cc8424894838",
      "url": "https://gate.dataloop.ai/api/v1/annotations/66210e238095cc2f0e8954cc",
      "item": "https://gate.dataloop.ai/api/v1/items/66210e0e8095cc8424894838",
      "dataset": "https://gate.dataloop.ai/api/v1/datasets/66210e0c0b653c71684ff7a3",
      "srcAnnotation": "6620fc7cc819dbb5aa981307",
      "type": "box",
      "label": "goal-middle-down",
      "attributes": [],
      "coordinates": [
        {
          "x": 810.062128965418,
          "y": 381.52566120113283,
          "z": 0
        },
        {
          "x": 1110.1030884076936,
          "y": 529.3270448620716,
          "z": 0
        }
      ],
      "metadata": {
        "system": {
          "attributes": {},
          "automated": false,
          "clientId": "9e22d5af-87f3-4b65-9685-904374c1ce6c",
          "coordinateVersion": "v2",
          "endFrame": 0,
          "endTime": 0,
          "frame": 0,
          "itemLinks": [],
          "objectId": "45",
          "openAnnotationVersion": "1.75.0-prod.1",
          "plottingParams": {},
          "recipeId": "6620cb3bf7dd129c3fb8e289",
          "snapshots_": [],
          "startTime": 0,
          "system": false
        },
        "user": {}
      },
      "creator": "kim.lichtenberg@wearetriple.com",
      "createdAt": "2024-04-18T12:12:19.170Z",
      "updatedBy": "kim.lichtenberg@wearetriple.com",
      "updatedAt": "2024-04-18T12:12:19.170Z",
      "hash": "01ff22cd12837fc521f377f37b64e489859f98f1",
      "source": "ui"
    },
    {
      "id": "66210e238095cc351e8954d0",
      "datasetId": "66210e0c0b653c71684ff7a3",
      "itemId": "66210e0e8095cc8424894838",
      "url": "https://gate.dataloop.ai/api/v1/annotations/66210e238095cc351e8954d0",
      "item": "https://gate.dataloop.ai/api/v1/items/66210e0e8095cc8424894838",
      "dataset": "https://gate.dataloop.ai/api/v1/datasets/66210e0c0b653c71684ff7a3",
      "srcAnnotation": "6620fe0dc819dbb6969816db",
      "type": "box",
      "label": "circle",
      "attributes": [],
      "coordinates": [
        {
          "x": 863.2026415094339,
          "y": 727.8332075471699,
          "z": 0
        },
        {
          "x": 1050.9426415094338,
          "y": 777.8332075471699,
          "z": 0
        }
      ],
      "metadata": {
        "system": {
          "attributes": {},
          "automated": false,
          "clientId": "1baa7317-fbad-48c3-84b3-42375d06b081",
          "coordinateVersion": "v2",
          "endFrame": 0,
          "endTime": 0,
          "frame": 0,
          "itemLinks": [],
          "objectId": "53",
          "openAnnotationVersion": "1.75.0-prod.1",
          "recipeId": "6620cb3bf7dd129c3fb8e289",
          "snapshots_": [],
          "startTime": 0,
          "system": false
        },
        "user": {}
      },
      "creator": "kim.lichtenberg@wearetriple.com",
      "createdAt": "2024-04-18T12:12:19.234Z",
      "updatedBy": "kim.lichtenberg@wearetriple.com",
      "updatedAt": "2024-04-18T12:12:19.234Z",
      "hash": "e49b807e2f59957953268000480b8424f5b31fa5",
      "source": "ui"
    },
    {
      "id": "66210e238095cc432c8954c5",
      "datasetId": "66210e0c0b653c71684ff7a3",
      "itemId": "66210e0e8095cc8424894838",
      "url": "https://gate.dataloop.ai/api/v1/annotations/66210e238095cc432c8954c5",
      "item": "https://gate.dataloop.ai/api/v1/items/66210e0e8095cc8424894838",
      "dataset": "https://gate.dataloop.ai/api/v1/datasets/66210e0c0b653c71684ff7a3",
      "srcAnnotation": "6620fc7cc819db8eea98130b",
      "type": "box",
      "label": "goal-bottom-left",
      "attributes": [],
      "coordinates": [
        {
          "x": 509.6575499411782,
          "y": 381.4565014530996,
          "z": 0
        },
        {
          "x": 809.6985093834538,
          "y": 529.2578851140381,
          "z": 0
        }
      ],
      "metadata": {
        "system": {
          "attributes": {},
          "automated": false,
          "clientId": "eac7cdee-c209-4b83-9aab-89ae602b01e6",
          "coordinateVersion": "v2",
          "endFrame": 0,
          "endTime": 0,
          "frame": 0,
          "itemLinks": [],
          "objectId": "44",
          "openAnnotationVersion": "1.75.0-prod.1",
          "plottingParams": {},
          "recipeId": "6620cb3bf7dd129c3fb8e289",
          "snapshots_": [],
          "startTime": 0,
          "system": false
        },
        "user": {}
      },
      "creator": "kim.lichtenberg@wearetriple.com",
      "createdAt": "2024-04-18T12:12:19.055Z",
      "updatedBy": "kim.lichtenberg@wearetriple.com",
      "updatedAt": "2024-04-18T12:12:19.055Z",
      "hash": "086b151238d689562fc287eaccc0a636d662613c",
      "source": "ui"
    },
    {
      "id": "66210e238095cc6aba8954c8",
      "datasetId": "66210e0c0b653c71684ff7a3",
      "itemId": "66210e0e8095cc8424894838",
      "url": "https://gate.dataloop.ai/api/v1/annotations/66210e238095cc6aba8954c8",
      "item": "https://gate.dataloop.ai/api/v1/items/66210e0e8095cc8424894838",
      "dataset": "https://gate.dataloop.ai/api/v1/datasets/66210e0c0b653c71684ff7a3",
      "srcAnnotation": "6620fc7cc819db960198130d",
      "type": "box",
      "label": "goal-top-right",
      "attributes": [],
      "coordinates": [
        {
          "x": 1109.9232072237482,
          "y": 233.5121050067239,
          "z": 0
        },
        {
          "x": 1410.2287249676674,
          "y": 381.3134886676626,
          "z": 0
        }
      ],
      "metadata": {
        "system": {
          "attributes": {},
          "automated": false,
          "clientId": "9f2e4a8f-c637-4dd6-adca-1430473e2a45",
          "coordinateVersion": "v2",
          "endFrame": 0,
          "endTime": 0,
          "frame": 0,
          "itemLinks": [],
          "objectId": "43",
          "openAnnotationVersion": "1.75.0-prod.1",
          "plottingParams": {},
          "recipeId": "6620cb3bf7dd129c3fb8e289",
          "snapshots_": [],
          "startTime": 0,
          "system": false
        },
        "user": {}
      },
      "creator": "kim.lichtenberg@wearetriple.com",
      "createdAt": "2024-04-18T12:12:19.116Z",
      "updatedBy": "kim.lichtenberg@wearetriple.com",
      "updatedAt": "2024-04-18T12:12:19.116Z",
      "hash": "8c0ff5671fb3301f8e44ba6cd295588085b464f3",
      "source": "ui"
    }
  ],
  "annotationsCount": 10,
  "annotated": true,
  "srcItem": "6620cb89a9bd20828a17e1ae",
  "srcDataset": "6620cb3b6abc12d47dfc6ce9"
}