{
  "id": "66210e0e8095cce9f58947c9",
  "datasetId": "66210e0c0b653c71684ff7a3",
  "url": "https://gate.dataloop.ai/api/v1/items/66210e0e8095cce9f58947c9",
  "dataset": "https://gate.dataloop.ai/api/v1/datasets/66210e0c0b653c71684ff7a3",
  "createdAt": "2024-04-18T12:11:56.518Z",
  "dir": "/part0",
  "filename": "/part0/ezgif-frame-198.jpg",
  "type": "file",
  "hidden": false,
  "metadata": {
    "system": {
      "channels": 3,
      "encoding": "7bit",
      "height": 1080,
      "isBinary": true,
      "mimetype": "image/jpeg",
      "modalities": [],
      "originalname": "ezgif-frame-198.jpg",
      "refs": [],
      "size": 54787,
      "taskStatusLog": [],
      "thumbnailId": "66210e118095cccf87894a1c",
      "width": 1920
    }
  },
  "name": "ezgif-frame-198.jpg",
  "creator": "kim.lichtenberg@wearetriple.com",
  "updatedAt": "2024-04-18T12:12:36.185Z",
  "updatedBy": "rubiks@dataloop.ai",
  "stream": "https://gate.dataloop.ai/api/v1/items/66210e0e8095cce9f58947c9/stream",
  "thumbnail": "https://gate.dataloop.ai/api/v1/items/66210e0e8095cce9f58947c9/thumbnail",
  "annotations": [
    {
      "id": "66210e1f8095cc19da8953dc",
      "datasetId": "66210e0c0b653c71684ff7a3",
      "itemId": "66210e0e8095cce9f58947c9",
      "url": "https://gate.dataloop.ai/api/v1/annotations/66210e1f8095cc19da8953dc",
      "item": "https://gate.dataloop.ai/api/v1/items/66210e0e8095cce9f58947c9",
      "dataset": "https://gate.dataloop.ai/api/v1/datasets/66210e0c0b653c71684ff7a3",
      "srcAnnotation": "6620efbc17cb4611dc2ff934",
      "type": "box",
      "label": "football",
      "attributes": [],
      "coordinates": [
        {
          "x": 934.2444839050034,
          "y": 732.3167560065416,
          "z": 0
        },
        {
          "x": 989.9044839050033,
          "y": 774.7667560065414,
          "z": 0
        }
      ],
      "metadata": {
        "system": {
          "attributes": {},
          "automated": false,
          "clientId": "69308286-1436-4990-a526-12e628052f2e",
          "coordinateVersion": "v2",
          "endFrame": 0,
          "endTime": 0,
          "frame": 0,
          "isOnlyLocal": false,
          "isOpen": false,
          "itemLinks": [],
          "objectId": "1",
          "openAnnotationVersion": "1.75.0-prod.1",
          "plottingParams": {},
          "recipeId": "6620cb3bf7dd129c3fb8e289",
          "snapshots_": [],
          "startTime": 0,
          "system": false
        },
        "user": {}
      },
      "creator": "kim.lichtenberg@wearetriple.com",
      "createdAt": "2024-04-18T12:12:15.473Z",
      "updatedBy": "kim.lichtenberg@wearetriple.com",
      "updatedAt": "2024-04-18T12:12:15.473Z",
      "hash": "65dee0b3c3cd2e2347f159d0283f78e8ca5804ba",
      "source": "ui"
    },
    {
      "id": "66210e1f8095cc369f8953ec",
      "datasetId": "66210e0c0b653c71684ff7a3",
      "itemId": "66210e0e8095cce9f58947c9",
      "url": "https://gate.dataloop.ai/api/v1/annotations/66210e1f8095cc369f8953ec",
      "item": "https://gate.dataloop.ai/api/v1/items/66210e0e8095cce9f58947c9",
      "dataset": "https://gate.dataloop.ai/api/v1/datasets/66210e0c0b653c71684ff7a3",
      "srcAnnotation": "6620efbc17cb4669742ff931",
      "type": "box",
      "label": "goal-top-right",
      "attributes": [],
      "coordinates": [
        {
          "x": 1109.9232072237482,
          "y": 233.5121050067239,
          "z": 0
        },
        {
          "x": 1410.2287249676674,
          "y": 381.3134886676626,
          "z": 0
        }
      ],
      "metadata": {
        "system": {
          "attributes": {},
          "automated": false,
          "clientId": "9356f60f-353e-49d3-b13a-e51b17b75ebf",
          "coordinateVersion": "v2",
          "endFrame": 0,
          "endTime": 0,
          "frame": 0,
          "itemLinks": [],
          "objectId": "43",
          "openAnnotationVersion": "1.75.0-prod.1",
          "plottingParams": {},
          "recipeId": "6620cb3bf7dd129c3fb8e289",
          "snapshots_": [],
          "startTime": 0,
          "system": false
        },
        "user": {}
      },
      "creator": "kim.lichtenberg@wearetriple.com",
      "createdAt": "2024-04-18T12:12:15.706Z",
      "updatedBy": "kim.lichtenberg@wearetriple.com",
      "updatedAt": "2024-04-18T12:12:15.706Z",
      "hash": "6da46cf621ab99f2ad65e5ad17ede301274d508b",
      "source": "ui"
    },
    {
      "id": "66210e1f8095cc41988953f4",
      "datasetId": "66210e0c0b653c71684ff7a3",
      "itemId": "66210e0e8095cce9f58947c9",
      "url": "https://gate.dataloop.ai/api/v1/annotations/66210e1f8095cc41988953f4",
      "item": "https://gate.dataloop.ai/api/v1/items/66210e0e8095cce9f58947c9",
      "dataset": "https://gate.dataloop.ai/api/v1/datasets/66210e0c0b653c71684ff7a3",
      "srcAnnotation": "6620efbc17cb467ca82ff935",
      "type": "box",
      "label": "goal-top-left",
      "attributes": [],
      "coordinates": [
        {
          "x": 509.7484670736494,
          "y": 233.36789275458096,
          "z": 0
        },
        {
          "x": 809.7894265159249,
          "y": 381.16927641551956,
          "z": 0
        }
      ],
      "metadata": {
        "system": {
          "attributes": {},
          "automated": false,
          "clientId": "6d80fa32-ce55-4743-9241-56ba93fa01ce",
          "coordinateVersion": "v2",
          "endFrame": 0,
          "endTime": 0,
          "frame": 0,
          "itemLinks": [],
          "objectId": "9",
          "openAnnotationVersion": "1.75.0-prod.1",
          "plottingParams": {},
          "recipeId": "6620cb3bf7dd129c3fb8e289",
          "snapshots_": [],
          "startTime": 0,
          "system": false
        },
        "user": {}
      },
      "creator": "kim.lichtenberg@wearetriple.com",
      "createdAt": "2024-04-18T12:12:15.817Z",
      "updatedBy": "kim.lichtenberg@wearetriple.com",
      "updatedAt": "2024-04-18T12:12:15.817Z",
      "hash": "f4b7c7522c5d71dfeae498b47df678a4a44f43d0",
      "source": "ui"
    },
    {
      "id": "66210e1f8095cc55a8895401",
      "datasetId": "66210e0c0b653c71684ff7a3",
      "itemId": "66210e0e8095cce9f58947c9",
      "url": "https://gate.dataloop.ai/api/v1/annotations/66210e1f8095cc55a8895401",
      "item": "https://gate.dataloop.ai/api/v1/items/66210e0e8095cce9f58947c9",
      "dataset": "https://gate.dataloop.ai/api/v1/datasets/66210e0c0b653c71684ff7a3",
      "srcAnnotation": "6621041272b11ae9cae11154",
      "type": "box",
      "label": "circle",
      "attributes": [],
      "coordinates": [
        {
          "x": 930.5595603076914,
          "y": 759.7002374789082,
          "z": 0
        },
        {
          "x": 992.0295603076914,
          "y": 771.5011448480885,
          "z": 0
        }
      ],
      "metadata": {
        "system": {
          "attributes": {},
          "automated": false,
          "clientId": "342b0937-acad-4147-95ef-7aa37b25d78b",
          "coordinateVersion": "v2",
          "endFrame": 0,
          "endTime": 0,
          "frame": 0,
          "itemLinks": [],
          "objectId": "53",
          "openAnnotationVersion": "1.75.0-prod.1",
          "recipeId": "6620cb3bf7dd129c3fb8e289",
          "snapshots_": [],
          "startTime": 0,
          "system": false
        },
        "user": {}
      },
      "creator": "kim.lichtenberg@wearetriple.com",
      "createdAt": "2024-04-18T12:12:16.002Z",
      "updatedBy": "kim.lichtenberg@wearetriple.com",
      "updatedAt": "2024-04-18T12:12:16.002Z",
      "hash": "5bc8e6bacb58228dc1bfba339bca05b56286df85",
      "source": "ui"
    },
    {
      "id": "66210e1f8095cc5f188953e9",
      "datasetId": "66210e0c0b653c71684ff7a3",
      "itemId": "66210e0e8095cce9f58947c9",
      "url": "https://gate.dataloop.ai/api/v1/annotations/66210e1f8095cc5f188953e9",
      "item": "https://gate.dataloop.ai/api/v1/items/66210e0e8095cce9f58947c9",
      "dataset": "https://gate.dataloop.ai/api/v1/datasets/66210e0c0b653c71684ff7a3",
      "srcAnnotation": "6620efbc17cb4622dd2ff930",
      "type": "box",
      "label": "goal-middle-up",
      "attributes": [],
      "coordinates": [
        {
          "x": 810.1311204331535,
          "y": 233.400564430087,
          "z": 0
        },
        {
          "x": 1109.6152633201598,
          "y": 381.20194809102566,
          "z": 0
        }
      ],
      "metadata": {
        "system": {
          "attributes": {},
          "automated": false,
          "clientId": "d9546379-9bac-4108-a6c6-3ab5f9c4d31d",
          "coordinateVersion": "v2",
          "endFrame": 0,
          "endTime": 0,
          "frame": 0,
          "itemLinks": [],
          "objectId": "42",
          "openAnnotationVersion": "1.75.0-prod.1",
          "plottingParams": {},
          "recipeId": "6620cb3bf7dd129c3fb8e289",
          "snapshots_": [],
          "startTime": 0,
          "system": false
        },
        "user": {}
      },
      "creator": "kim.lichtenberg@wearetriple.com",
      "createdAt": "2024-04-18T12:12:15.650Z",
      "updatedBy": "kim.lichtenberg@wearetriple.com",
      "updatedAt": "2024-04-18T12:12:15.650Z",
      "hash": "b42add2e3fa51ac1f62d141d834a5565c3210c2c",
      "source": "ui"
    },
    {
      "id": "66210e1f8095cc7d028953e4",
      "datasetId": "66210e0c0b653c71684ff7a3",
      "itemId": "66210e0e8095cce9f58947c9",
      "url": "https://gate.dataloop.ai/api/v1/annotations/66210e1f8095cc7d028953e4",
      "item": "https://gate.dataloop.ai/api/v1/items/66210e0e8095cce9f58947c9",
      "dataset": "https://gate.dataloop.ai/api/v1/datasets/66210e0c0b653c71684ff7a3",
      "srcAnnotation": "6620efbc17cb461a2d2ff933",
      "type": "box",
      "label": "goal-bottom-right",
      "attributes": [],
      "coordinates": [
        {
          "x": 1110.1232125446336,
          "y": 381.7760335497094,
          "z": 0
        },
        {
          "x": 1410.1641719869094,
          "y": 529.577417210648,
          "z": 0
        }
      ],
      "metadata": {
        "system": {
          "attributes": {},
          "automated": false,
          "clientId": "4c51e097-0c5b-497d-a4e3-244c9135ba6f",
          "coordinateVersion": "v2",
          "endFrame": 0,
          "endTime": 0,
          "frame": 0,
          "itemLinks": [],
          "objectId": "51",
          "openAnnotationVersion": "1.75.0-prod.1",
          "plottingParams": {},
          "recipeId": "6620cb3bf7dd129c3fb8e289",
          "snapshots_": [],
          "startTime": 0,
          "system": false
        },
        "user": {}
      },
      "creator": "kim.lichtenberg@wearetriple.com",
      "createdAt": "2024-04-18T12:12:15.591Z",
      "updatedBy": "kim.lichtenberg@wearetriple.com",
      "updatedAt": "2024-04-18T12:12:15.591Z",
      "hash": "e76ca8d1e91d318326ff3553b12b13c67c79a60c",
      "source": "ui"
    },
    {
      "id": "66210e1f8095cc8c048953fc",
      "datasetId": "66210e0c0b653c71684ff7a3",
      "itemId": "66210e0e8095cce9f58947c9",
      "url": "https://gate.dataloop.ai/api/v1/annotations/66210e1f8095cc8c048953fc",
      "item": "https://gate.dataloop.ai/api/v1/items/66210e0e8095cce9f58947c9",
      "dataset": "https://gate.dataloop.ai/api/v1/datasets/66210e0c0b653c71684ff7a3",
      "srcAnnotation": "6620efbc17cb46c5762ff92e",
      "type": "box",
      "label": "goal-bottom-left",
      "attributes": [],
      "coordinates": [
        {
          "x": 509.6575499411782,
          "y": 381.4565014530996,
          "z": 0
        },
        {
          "x": 809.6985093834538,
          "y": 529.2578851140381,
          "z": 0
        }
      ],
      "metadata": {
        "system": {
          "attributes": {},
          "automated": false,
          "clientId": "a71397ef-b9d9-4006-859f-a4fd052a0520",
          "coordinateVersion": "v2",
          "endFrame": 0,
          "endTime": 0,
          "frame": 0,
          "itemLinks": [],
          "objectId": "44",
          "openAnnotationVersion": "1.75.0-prod.1",
          "plottingParams": {},
          "recipeId": "6620cb3bf7dd129c3fb8e289",
          "snapshots_": [],
          "startTime": 0,
          "system": false
        },
        "user": {}
      },
      "creator": "kim.lichtenberg@wearetriple.com",
      "createdAt": "2024-04-18T12:12:15.941Z",
      "updatedBy": "kim.lichtenberg@wearetriple.com",
      "updatedAt": "2024-04-18T12:12:15.941Z",
      "hash": "3af3c78cb6223b3959822c00769371e1c09c6515",
      "source": "ui"
    },
    {
      "id": "66210e1f8095cca6e28953f8",
      "datasetId": "66210e0c0b653c71684ff7a3",
      "itemId": "66210e0e8095cce9f58947c9",
      "url": "https://gate.dataloop.ai/api/v1/annotations/66210e1f8095cca6e28953f8",
      "item": "https://gate.dataloop.ai/api/v1/items/66210e0e8095cce9f58947c9",
      "dataset": "https://gate.dataloop.ai/api/v1/datasets/66210e0c0b653c71684ff7a3",
      "srcAnnotation": "6620efbc17cb4681b42ff932",
      "type": "box",
      "label": "goalkeeper",
      "attributes": [],
      "coordinates": [
        {
          "x": 923.6838905443217,
          "y": 293.1602973695601,
          "z": 0
        },
        {
          "x": 1097.1697911713263,
          "y": 534.7391353612463,
          "z": 0
        }
      ],
      "metadata": {
        "system": {
          "attributes": {},
          "automated": false,
          "clientId": "2f406096-7eed-4cc5-ba91-e89205c47eda",
          "coordinateVersion": "v2",
          "endFrame": 0,
          "endTime": 0,
          "frame": 0,
          "itemLinks": [],
          "objectId": "5",
          "openAnnotationVersion": "1.75.0-prod.1",
          "plottingParams": {},
          "recipeId": "6620cb3bf7dd129c3fb8e289",
          "snapshots_": [],
          "startTime": 0,
          "system": false
        },
        "user": {}
      },
      "creator": "kim.lichtenberg@wearetriple.com",
      "createdAt": "2024-04-18T12:12:15.874Z",
      "updatedBy": "kim.lichtenberg@wearetriple.com",
      "updatedAt": "2024-04-18T12:12:15.874Z",
      "hash": "89b27d6c3694b89e7b938b3a8c2941c9fb0dc863",
      "source": "ui"
    },
    {
      "id": "66210e1f8095ccb6778953f1",
      "datasetId": "66210e0c0b653c71684ff7a3",
      "itemId": "66210e0e8095cce9f58947c9",
      "url": "https://gate.dataloop.ai/api/v1/annotations/66210e1f8095ccb6778953f1",
      "item": "https://gate.dataloop.ai/api/v1/items/66210e0e8095cce9f58947c9",
      "dataset": "https://gate.dataloop.ai/api/v1/datasets/66210e0c0b653c71684ff7a3",
      "srcAnnotation": "6620efbc17cb4679f92ff92f",
      "type": "box",
      "label": "player",
      "attributes": [],
      "coordinates": [
        {
          "x": 513.2096226415092,
          "y": 544.8132075471699,
          "z": 0
        },
        {
          "x": 660.3409394383168,
          "y": 945.75320754717,
          "z": 0
        }
      ],
      "metadata": {
        "system": {
          "attributes": {},
          "automated": false,
          "clientId": "b460fd1a-9409-49ac-a21f-4f691a82172c",
          "coordinateVersion": "v2",
          "endFrame": 0,
          "endTime": 0,
          "frame": 0,
          "itemLinks": [],
          "objectId": "3",
          "openAnnotationVersion": "1.75.0-prod.1",
          "plottingParams": {},
          "recipeId": "6620cb3bf7dd129c3fb8e289",
          "snapshots_": [],
          "startTime": 0,
          "system": false
        },
        "user": {}
      },
      "creator": "kim.lichtenberg@wearetriple.com",
      "createdAt": "2024-04-18T12:12:15.760Z",
      "updatedBy": "kim.lichtenberg@wearetriple.com",
      "updatedAt": "2024-04-18T12:12:15.760Z",
      "hash": "23653ba8067b50796e7b34c2a7eb42d6e2451843",
      "source": "ui"
    },
    {
      "id": "66210e1f8095ccba6d8953e1",
      "datasetId": "66210e0c0b653c71684ff7a3",
      "itemId": "66210e0e8095cce9f58947c9",
      "url": "https://gate.dataloop.ai/api/v1/annotations/66210e1f8095ccba6d8953e1",
      "item": "https://gate.dataloop.ai/api/v1/items/66210e0e8095cce9f58947c9",
      "dataset": "https://gate.dataloop.ai/api/v1/datasets/66210e0c0b653c71684ff7a3",
      "srcAnnotation": "6620efbc17cb4612e42ff936",
      "type": "box",
      "label": "goal-middle-down",
      "attributes": [],
      "coordinates": [
        {
          "x": 810.062128965418,
          "y": 381.52566120113283,
          "z": 0
        },
        {
          "x": 1110.1030884076936,
          "y": 529.3270448620716,
          "z": 0
        }
      ],
      "metadata": {
        "system": {
          "attributes": {},
          "automated": false,
          "clientId": "adf55753-e76c-4e15-b91e-90bbc0b136c7",
          "coordinateVersion": "v2",
          "endFrame": 0,
          "endTime": 0,
          "frame": 0,
          "itemLinks": [],
          "objectId": "45",
          "openAnnotationVersion": "1.75.0-prod.1",
          "plottingParams": {},
          "recipeId": "6620cb3bf7dd129c3fb8e289",
          "snapshots_": [],
          "startTime": 0,
          "system": false
        },
        "user": {}
      },
      "creator": "kim.lichtenberg@wearetriple.com",
      "createdAt": "2024-04-18T12:12:15.533Z",
      "updatedBy": "kim.lichtenberg@wearetriple.com",
      "updatedAt": "2024-04-18T12:12:15.533Z",
      "hash": "2e5ec6f278299feb6439d1d99696ff3c789a2b26",
      "source": "ui"
    }
  ],
  "annotationsCount": 10,
  "annotated": true,
  "srcItem": "6620cb8d2e841d825f18c570",
  "srcDataset": "6620cb3b6abc12d47dfc6ce9"
}