{
  "id": "66210e0e8095ccb4da8947fb",
  "datasetId": "66210e0c0b653c71684ff7a3",
  "url": "https://gate.dataloop.ai/api/v1/items/66210e0e8095ccb4da8947fb",
  "dataset": "https://gate.dataloop.ai/api/v1/datasets/66210e0c0b653c71684ff7a3",
  "createdAt": "2024-04-18T12:11:56.519Z",
  "dir": "/part0",
  "filename": "/part0/ezgif-frame-199.jpg",
  "type": "file",
  "hidden": false,
  "metadata": {
    "system": {
      "channels": 3,
      "encoding": "7bit",
      "height": 1080,
      "isBinary": true,
      "mimetype": "image/jpeg",
      "modalities": [],
      "originalname": "ezgif-frame-199.jpg",
      "refs": [],
      "size": 55030,
      "taskStatusLog": [],
      "thumbnailId": "66210e118095cc7139894a26",
      "width": 1920
    }
  },
  "name": "ezgif-frame-199.jpg",
  "creator": "kim.lichtenberg@wearetriple.com",
  "updatedAt": "2024-04-18T12:12:36.379Z",
  "updatedBy": "rubiks@dataloop.ai",
  "stream": "https://gate.dataloop.ai/api/v1/items/66210e0e8095ccb4da8947fb/stream",
  "thumbnail": "https://gate.dataloop.ai/api/v1/items/66210e0e8095ccb4da8947fb/thumbnail",
  "annotations": [
    {
      "id": "66210e228095cc13998954c0",
      "datasetId": "66210e0c0b653c71684ff7a3",
      "itemId": "66210e0e8095ccb4da8947fb",
      "url": "https://gate.dataloop.ai/api/v1/annotations/66210e228095cc13998954c0",
      "item": "https://gate.dataloop.ai/api/v1/items/66210e0e8095ccb4da8947fb",
      "dataset": "https://gate.dataloop.ai/api/v1/datasets/66210e0c0b653c71684ff7a3",
      "srcAnnotation": "6620ef72a237981901113b7e",
      "type": "box",
      "label": "goal-middle-up",
      "attributes": [],
      "coordinates": [
        {
          "x": 810.1311204331535,
          "y": 233.400564430087,
          "z": 0
        },
        {
          "x": 1109.6152633201598,
          "y": 381.20194809102566,
          "z": 0
        }
      ],
      "metadata": {
        "system": {
          "attributes": {},
          "automated": false,
          "clientId": "154fdad2-1ef3-4d30-80b8-55acf016a29a",
          "coordinateVersion": "v2",
          "endFrame": 0,
          "endTime": 0,
          "frame": 0,
          "itemLinks": [],
          "objectId": "42",
          "openAnnotationVersion": "1.75.0-prod.1",
          "plottingParams": {},
          "recipeId": "6620cb3bf7dd129c3fb8e289",
          "snapshots_": [],
          "startTime": 0,
          "system": false
        },
        "user": {}
      },
      "creator": "kim.lichtenberg@wearetriple.com",
      "createdAt": "2024-04-18T12:12:18.981Z",
      "updatedBy": "kim.lichtenberg@wearetriple.com",
      "updatedAt": "2024-04-18T12:12:18.981Z",
      "hash": "1d82ca975f612ae8c17947609a80656927f9a3ed",
      "source": "ui"
    },
    {
      "id": "66210e238095cc15eb8954c4",
      "datasetId": "66210e0c0b653c71684ff7a3",
      "itemId": "66210e0e8095ccb4da8947fb",
      "url": "https://gate.dataloop.ai/api/v1/annotations/66210e238095cc15eb8954c4",
      "item": "https://gate.dataloop.ai/api/v1/items/66210e0e8095ccb4da8947fb",
      "dataset": "https://gate.dataloop.ai/api/v1/datasets/66210e0c0b653c71684ff7a3",
      "srcAnnotation": "6620ef72a2379825cd113b82",
      "type": "box",
      "label": "goalkeeper",
      "attributes": [],
      "coordinates": [
        {
          "x": 894.3734970244861,
          "y": 295.91040918346675,
          "z": 0
        },
        {
          "x": 1025.4557360339024,
          "y": 532.5981840511444,
          "z": 0
        }
      ],
      "metadata": {
        "system": {
          "attributes": {},
          "automated": false,
          "clientId": "de890218-ad4f-4f6f-883f-07a94789e011",
          "coordinateVersion": "v2",
          "endFrame": 0,
          "endTime": 0,
          "frame": 0,
          "itemLinks": [],
          "objectId": "5",
          "openAnnotationVersion": "1.75.0-prod.1",
          "plottingParams": {},
          "recipeId": "6620cb3bf7dd129c3fb8e289",
          "snapshots_": [],
          "startTime": 0,
          "system": false
        },
        "user": {}
      },
      "creator": "kim.lichtenberg@wearetriple.com",
      "createdAt": "2024-04-18T12:12:19.053Z",
      "updatedBy": "kim.lichtenberg@wearetriple.com",
      "updatedAt": "2024-04-18T12:12:19.053Z",
      "hash": "86232548d68f5ca6433606911452deaa4d74cb3b",
      "source": "ui"
    },
    {
      "id": "66210e238095cc4a348954df",
      "datasetId": "66210e0c0b653c71684ff7a3",
      "itemId": "66210e0e8095ccb4da8947fb",
      "url": "https://gate.dataloop.ai/api/v1/annotations/66210e238095cc4a348954df",
      "item": "https://gate.dataloop.ai/api/v1/items/66210e0e8095ccb4da8947fb",
      "dataset": "https://gate.dataloop.ai/api/v1/datasets/66210e0c0b653c71684ff7a3",
      "srcAnnotation": "6620ef72a23798a010113b7f",
      "type": "box",
      "label": "goal-middle-down",
      "attributes": [],
      "coordinates": [
        {
          "x": 810.062128965418,
          "y": 381.52566120113283,
          "z": 0
        },
        {
          "x": 1110.1030884076936,
          "y": 529.3270448620716,
          "z": 0
        }
      ],
      "metadata": {
        "system": {
          "attributes": {},
          "automated": false,
          "clientId": "d625e99b-280a-43c3-b3eb-2d59215e4090",
          "coordinateVersion": "v2",
          "endFrame": 0,
          "endTime": 0,
          "frame": 0,
          "itemLinks": [],
          "objectId": "45",
          "openAnnotationVersion": "1.75.0-prod.1",
          "plottingParams": {},
          "recipeId": "6620cb3bf7dd129c3fb8e289",
          "snapshots_": [],
          "startTime": 0,
          "system": false
        },
        "user": {}
      },
      "creator": "kim.lichtenberg@wearetriple.com",
      "createdAt": "2024-04-18T12:12:19.428Z",
      "updatedBy": "kim.lichtenberg@wearetriple.com",
      "updatedAt": "2024-04-18T12:12:19.428Z",
      "hash": "3074d66043aaa00732bebce2ea7c9166a1ef7235",
      "source": "ui"
    },
    {
      "id": "66210e238095cc64e08954d5",
      "datasetId": "66210e0c0b653c71684ff7a3",
      "itemId": "66210e0e8095ccb4da8947fb",
      "url": "https://gate.dataloop.ai/api/v1/annotations/66210e238095cc64e08954d5",
      "item": "https://gate.dataloop.ai/api/v1/items/66210e0e8095ccb4da8947fb",
      "dataset": "https://gate.dataloop.ai/api/v1/datasets/66210e0c0b653c71684ff7a3",
      "srcAnnotation": "6620ef72a23798858d113b7c",
      "type": "box",
      "label": "goal-top-left",
      "attributes": [],
      "coordinates": [
        {
          "x": 509.7484670736494,
          "y": 233.36789275458096,
          "z": 0
        },
        {
          "x": 809.7894265159249,
          "y": 381.16927641551956,
          "z": 0
        }
      ],
      "metadata": {
        "system": {
          "attributes": {},
          "automated": false,
          "clientId": "c0b15f6f-3b9a-4eeb-af59-a3a796000c56",
          "coordinateVersion": "v2",
          "endFrame": 0,
          "endTime": 0,
          "frame": 0,
          "itemLinks": [],
          "objectId": "9",
          "openAnnotationVersion": "1.75.0-prod.1",
          "plottingParams": {},
          "recipeId": "6620cb3bf7dd129c3fb8e289",
          "snapshots_": [],
          "startTime": 0,
          "system": false
        },
        "user": {}
      },
      "creator": "kim.lichtenberg@wearetriple.com",
      "createdAt": "2024-04-18T12:12:19.306Z",
      "updatedBy": "kim.lichtenberg@wearetriple.com",
      "updatedAt": "2024-04-18T12:12:19.306Z",
      "hash": "9bb0b33d5d7482d1821871c251fc5748c26352dc",
      "source": "ui"
    },
    {
      "id": "66210e238095cc71e58954e3",
      "datasetId": "66210e0c0b653c71684ff7a3",
      "itemId": "66210e0e8095ccb4da8947fb",
      "url": "https://gate.dataloop.ai/api/v1/annotations/66210e238095cc71e58954e3",
      "item": "https://gate.dataloop.ai/api/v1/items/66210e0e8095ccb4da8947fb",
      "dataset": "https://gate.dataloop.ai/api/v1/datasets/66210e0c0b653c71684ff7a3",
      "srcAnnotation": "6620ef72a23798f7ff113b81",
      "type": "box",
      "label": "goal-bottom-right",
      "attributes": [],
      "coordinates": [
        {
          "x": 1110.1232125446336,
          "y": 381.7760335497094,
          "z": 0
        },
        {
          "x": 1410.1641719869094,
          "y": 529.577417210648,
          "z": 0
        }
      ],
      "metadata": {
        "system": {
          "attributes": {},
          "automated": false,
          "clientId": "5b919b27-9d74-4028-80fc-a9a1129b58f1",
          "coordinateVersion": "v2",
          "endFrame": 0,
          "endTime": 0,
          "frame": 0,
          "itemLinks": [],
          "objectId": "51",
          "openAnnotationVersion": "1.75.0-prod.1",
          "plottingParams": {},
          "recipeId": "6620cb3bf7dd129c3fb8e289",
          "snapshots_": [],
          "startTime": 0,
          "system": false
        },
        "user": {}
      },
      "creator": "kim.lichtenberg@wearetriple.com",
      "createdAt": "2024-04-18T12:12:19.482Z",
      "updatedBy": "kim.lichtenberg@wearetriple.com",
      "updatedAt": "2024-04-18T12:12:19.482Z",
      "hash": "9aac861242d147040363f4c2b63249588299e084",
      "source": "ui"
    },
    {
      "id": "66210e238095cc81288954cd",
      "datasetId": "66210e0c0b653c71684ff7a3",
      "itemId": "66210e0e8095ccb4da8947fb",
      "url": "https://gate.dataloop.ai/api/v1/annotations/66210e238095cc81288954cd",
      "item": "https://gate.dataloop.ai/api/v1/items/66210e0e8095ccb4da8947fb",
      "dataset": "https://gate.dataloop.ai/api/v1/datasets/66210e0c0b653c71684ff7a3",
      "srcAnnotation": "6620ef72a237982c79113b7b",
      "type": "box",
      "label": "goal-top-right",
      "attributes": [],
      "coordinates": [
        {
          "x": 1109.9232072237482,
          "y": 233.5121050067239,
          "z": 0
        },
        {
          "x": 1410.2287249676674,
          "y": 381.3134886676626,
          "z": 0
        }
      ],
      "metadata": {
        "system": {
          "attributes": {},
          "automated": false,
          "clientId": "8c562d28-2d7b-4349-8d97-ed085159957a",
          "coordinateVersion": "v2",
          "endFrame": 0,
          "endTime": 0,
          "frame": 0,
          "itemLinks": [],
          "objectId": "43",
          "openAnnotationVersion": "1.75.0-prod.1",
          "plottingParams": {},
          "recipeId": "6620cb3bf7dd129c3fb8e289",
          "snapshots_": [],
          "startTime": 0,
          "system": false
        },
        "user": {}
      },
      "creator": "kim.lichtenberg@wearetriple.com",
      "createdAt": "2024-04-18T12:12:19.177Z",
      "updatedBy": "kim.lichtenberg@wearetriple.com",
      "updatedAt": "2024-04-18T12:12:19.177Z",
      "hash": "fc63c1c19b6eb5d644dc82aa13c950efd9e498e0",
      "source": "ui"
    },
    {
      "id": "66210e238095cc8df88954e7",
      "datasetId": "66210e0c0b653c71684ff7a3",
      "itemId": "66210e0e8095ccb4da8947fb",
      "url": "https://gate.dataloop.ai/api/v1/annotations/66210e238095cc8df88954e7",
      "item": "https://gate.dataloop.ai/api/v1/items/66210e0e8095ccb4da8947fb",
      "dataset": "https://gate.dataloop.ai/api/v1/datasets/66210e0c0b653c71684ff7a3",
      "srcAnnotation": "6621045872b11a79c1e11248",
      "type": "box",
      "label": "circle",
      "attributes": [],
      "coordinates": [
        {
          "x": 931.8009479949492,
          "y": 760.7833489028965,
          "z": 0
        },
        {
          "x": 992.4262686866822,
          "y": 769.4549064299848,
          "z": 0
        }
      ],
      "metadata": {
        "system": {
          "attributes": {},
          "automated": false,
          "clientId": "1aca69dc-f7dc-46b7-a390-cc03fce38f89",
          "coordinateVersion": "v2",
          "endFrame": 0,
          "endTime": 0,
          "frame": 0,
          "isOnlyLocal": false,
          "isOpen": false,
          "itemLinks": [],
          "objectId": "53",
          "openAnnotationVersion": "1.75.0-prod.1",
          "recipeId": "6620cb3bf7dd129c3fb8e289",
          "snapshots_": [],
          "startTime": 0,
          "system": false
        },
        "user": {}
      },
      "creator": "kim.lichtenberg@wearetriple.com",
      "createdAt": "2024-04-18T12:12:19.547Z",
      "updatedBy": "kim.lichtenberg@wearetriple.com",
      "updatedAt": "2024-04-18T12:12:19.547Z",
      "hash": "c02fe76907b84664370e42c8dbb08d2bd831d9f2",
      "source": "ui"
    },
    {
      "id": "66210e238095cc94df8954d2",
      "datasetId": "66210e0c0b653c71684ff7a3",
      "itemId": "66210e0e8095ccb4da8947fb",
      "url": "https://gate.dataloop.ai/api/v1/annotations/66210e238095cc94df8954d2",
      "item": "https://gate.dataloop.ai/api/v1/items/66210e0e8095ccb4da8947fb",
      "dataset": "https://gate.dataloop.ai/api/v1/datasets/66210e0c0b653c71684ff7a3",
      "srcAnnotation": "6620ef72a237984d7e113b80",
      "type": "box",
      "label": "player",
      "attributes": [],
      "coordinates": [
        {
          "x": 513.2096226415092,
          "y": 544.8132075471699,
          "z": 0
        },
        {
          "x": 660.3409394383168,
          "y": 945.75320754717,
          "z": 0
        }
      ],
      "metadata": {
        "system": {
          "attributes": {},
          "automated": false,
          "clientId": "e9e06706-d8a5-4072-99c7-c2678c841acb",
          "coordinateVersion": "v2",
          "endFrame": 0,
          "endTime": 0,
          "frame": 0,
          "itemLinks": [],
          "objectId": "3",
          "openAnnotationVersion": "1.75.0-prod.1",
          "plottingParams": {},
          "recipeId": "6620cb3bf7dd129c3fb8e289",
          "snapshots_": [],
          "startTime": 0,
          "system": false
        },
        "user": {}
      },
      "creator": "kim.lichtenberg@wearetriple.com",
      "createdAt": "2024-04-18T12:12:19.248Z",
      "updatedBy": "kim.lichtenberg@wearetriple.com",
      "updatedAt": "2024-04-18T12:12:19.248Z",
      "hash": "27c9bc39f4d30cf363e6908d47d8028b6484ac68",
      "source": "ui"
    },
    {
      "id": "66210e238095ccb9f58954c9",
      "datasetId": "66210e0c0b653c71684ff7a3",
      "itemId": "66210e0e8095ccb4da8947fb",
      "url": "https://gate.dataloop.ai/api/v1/annotations/66210e238095ccb9f58954c9",
      "item": "https://gate.dataloop.ai/api/v1/items/66210e0e8095ccb4da8947fb",
      "dataset": "https://gate.dataloop.ai/api/v1/datasets/66210e0c0b653c71684ff7a3",
      "srcAnnotation": "6620ef72a2379826ac113b7d",
      "type": "box",
      "label": "goal-bottom-left",
      "attributes": [],
      "coordinates": [
        {
          "x": 509.6575499411782,
          "y": 381.4565014530996,
          "z": 0
        },
        {
          "x": 809.6985093834538,
          "y": 529.2578851140381,
          "z": 0
        }
      ],
      "metadata": {
        "system": {
          "attributes": {},
          "automated": false,
          "clientId": "abeae6d1-cfe3-4100-930f-59127b11bb79",
          "coordinateVersion": "v2",
          "endFrame": 0,
          "endTime": 0,
          "frame": 0,
          "itemLinks": [],
          "objectId": "44",
          "openAnnotationVersion": "1.75.0-prod.1",
          "plottingParams": {},
          "recipeId": "6620cb3bf7dd129c3fb8e289",
          "snapshots_": [],
          "startTime": 0,
          "system": false
        },
        "user": {}
      },
      "creator": "kim.lichtenberg@wearetriple.com",
      "createdAt": "2024-04-18T12:12:19.118Z",
      "updatedBy": "kim.lichtenberg@wearetriple.com",
      "updatedAt": "2024-04-18T12:12:19.118Z",
      "hash": "67871f2ed727e72b759e900ecdd837ccce65408f",
      "source": "ui"
    },
    {
      "id": "66210e238095ccf3938954db",
      "datasetId": "66210e0c0b653c71684ff7a3",
      "itemId": "66210e0e8095ccb4da8947fb",
      "url": "https://gate.dataloop.ai/api/v1/annotations/66210e238095ccf3938954db",
      "item": "https://gate.dataloop.ai/api/v1/items/66210e0e8095ccb4da8947fb",
      "dataset": "https://gate.dataloop.ai/api/v1/datasets/66210e0c0b653c71684ff7a3",
      "srcAnnotation": "6620ef72a2379895a5113b7a",
      "type": "box",
      "label": "football",
      "attributes": [],
      "coordinates": [
        {
          "x": 933.1661051944053,
          "y": 727.9851578849152,
          "z": 0
        },
        {
          "x": 988.8261051944053,
          "y": 770.4351578849152,
          "z": 0
        }
      ],
      "metadata": {
        "system": {
          "attributes": {},
          "automated": false,
          "clientId": "bbead1f9-323a-4894-9469-6a2e37a2adf1",
          "coordinateVersion": "v2",
          "endFrame": 0,
          "endTime": 0,
          "frame": 0,
          "itemLinks": [],
          "objectId": "1",
          "openAnnotationVersion": "1.75.0-prod.1",
          "plottingParams": {},
          "recipeId": "6620cb3bf7dd129c3fb8e289",
          "snapshots_": [],
          "startTime": 0,
          "system": false
        },
        "user": {}
      },
      "creator": "kim.lichtenberg@wearetriple.com",
      "createdAt": "2024-04-18T12:12:19.368Z",
      "updatedBy": "kim.lichtenberg@wearetriple.com",
      "updatedAt": "2024-04-18T12:12:19.368Z",
      "hash": "f0cad9a86e4eb95440e4752b2a57cd5e017135db",
      "source": "ui"
    }
  ],
  "annotationsCount": 10,
  "annotated": true,
  "srcItem": "6620cb8da9bd20565117e1d8",
  "srcDataset": "6620cb3b6abc12d47dfc6ce9"
}