{
  "id": "66210e0e8095cc09ba89480f",
  "datasetId": "66210e0c0b653c71684ff7a3",
  "url": "https://gate.dataloop.ai/api/v1/items/66210e0e8095cc09ba89480f",
  "dataset": "https://gate.dataloop.ai/api/v1/datasets/66210e0c0b653c71684ff7a3",
  "createdAt": "2024-04-18T12:11:56.512Z",
  "dir": "/part0",
  "filename": "/part0/ezgif-frame-141.jpg",
  "type": "file",
  "hidden": false,
  "metadata": {
    "system": {
      "channels": 3,
      "encoding": "7bit",
      "height": 1080,
      "isBinary": true,
      "mimetype": "image/jpeg",
      "modalities": [],
      "originalname": "ezgif-frame-141.jpg",
      "refs": [],
      "size": 55153,
      "taskStatusLog": [],
      "thumbnailId": "66210e108095cc834e894a00",
      "width": 1920
    }
  },
  "name": "ezgif-frame-141.jpg",
  "creator": "kim.lichtenberg@wearetriple.com",
  "updatedAt": "2024-04-18T12:12:29.649Z",
  "updatedBy": "rubiks@dataloop.ai",
  "stream": "https://gate.dataloop.ai/api/v1/items/66210e0e8095cc09ba89480f/stream",
  "thumbnail": "https://gate.dataloop.ai/api/v1/items/66210e0e8095cc09ba89480f/thumbnail",
  "annotations": [
    {
      "id": "66210e158095cc1508894d82",
      "datasetId": "66210e0c0b653c71684ff7a3",
      "itemId": "66210e0e8095cc09ba89480f",
      "url": "https://gate.dataloop.ai/api/v1/annotations/66210e158095cc1508894d82",
      "item": "https://gate.dataloop.ai/api/v1/items/66210e0e8095cc09ba89480f",
      "dataset": "https://gate.dataloop.ai/api/v1/datasets/66210e0c0b653c71684ff7a3",
      "srcAnnotation": "66210b2472b11a4a16e125f0",
      "type": "box",
      "label": "player",
      "attributes": [],
      "coordinates": [
        {
          "x": 699.9534599886535,
          "y": 461.95084386399833,
          "z": 0
        },
        {
          "x": 902.7905115208002,
          "y": 835.348293128798,
          "z": 0
        }
      ],
      "metadata": {
        "system": {
          "attributes": {},
          "automated": false,
          "clientId": "003f815f-45b3-42ba-85ac-bf3c66a30290",
          "coordinateVersion": "v2",
          "endFrame": 0,
          "endTime": 0,
          "frame": 0,
          "itemLinks": [],
          "objectId": "9",
          "openAnnotationVersion": "1.75.0-prod.1",
          "plottingParams": {},
          "recipeId": "6620cb3bf7dd129c3fb8e289",
          "snapshots_": [],
          "startTime": 0,
          "system": false
        },
        "user": {}
      },
      "creator": "kim.lichtenberg@wearetriple.com",
      "createdAt": "2024-04-18T12:12:05.532Z",
      "updatedBy": "kim.lichtenberg@wearetriple.com",
      "updatedAt": "2024-04-18T12:12:05.532Z",
      "hash": "6c443d584b51bc2f5fa4ef29d3fd73ef6e6b0f0e",
      "source": "ui"
    },
    {
      "id": "66210e158095cc1886894d6b",
      "datasetId": "66210e0c0b653c71684ff7a3",
      "itemId": "66210e0e8095cc09ba89480f",
      "url": "https://gate.dataloop.ai/api/v1/annotations/66210e158095cc1886894d6b",
      "item": "https://gate.dataloop.ai/api/v1/items/66210e0e8095cc09ba89480f",
      "dataset": "https://gate.dataloop.ai/api/v1/datasets/66210e0c0b653c71684ff7a3",
      "srcAnnotation": "66210b2472b11a36c3e125eb",
      "type": "box",
      "label": "goal-bottom-left",
      "attributes": [],
      "coordinates": [
        {
          "x": 440.8307800336099,
          "y": 356.6575895759225,
          "z": 0
        },
        {
          "x": 781.4492794145477,
          "y": 527.3986758364473,
          "z": 0
        }
      ],
      "metadata": {
        "system": {
          "attributes": {},
          "automated": false,
          "clientId": "abe0cc40-9987-4f9e-aa71-a5cb1c5d0c40",
          "coordinateVersion": "v2",
          "endFrame": 0,
          "endTime": 0,
          "frame": 0,
          "itemLinks": [],
          "objectId": "15",
          "openAnnotationVersion": "1.75.0-prod.1",
          "plottingParams": {},
          "recipeId": "6620cb3bf7dd129c3fb8e289",
          "snapshots_": [],
          "startTime": 0,
          "system": false
        },
        "user": {}
      },
      "creator": "kim.lichtenberg@wearetriple.com",
      "createdAt": "2024-04-18T12:12:05.438Z",
      "updatedBy": "kim.lichtenberg@wearetriple.com",
      "updatedAt": "2024-04-18T12:12:05.438Z",
      "hash": "e40afa14c2eac7defd9e1b132ffd17f2b2a718db",
      "source": "ui"
    },
    {
      "id": "66210e158095cc21fa894d57",
      "datasetId": "66210e0c0b653c71684ff7a3",
      "itemId": "66210e0e8095cc09ba89480f",
      "url": "https://gate.dataloop.ai/api/v1/annotations/66210e158095cc21fa894d57",
      "item": "https://gate.dataloop.ai/api/v1/items/66210e0e8095cc09ba89480f",
      "dataset": "https://gate.dataloop.ai/api/v1/datasets/66210e0c0b653c71684ff7a3",
      "srcAnnotation": "66210b2472b11a2f51e125ec",
      "type": "box",
      "label": "football",
      "attributes": [],
      "coordinates": [
        {
          "x": 926.9906631108026,
          "y": 750.2809578483855,
          "z": 0
        },
        {
          "x": 990.1868945110352,
          "y": 801.6525189166464,
          "z": 0
        }
      ],
      "metadata": {
        "system": {
          "attributes": {},
          "automated": false,
          "clientId": "71f58900-b495-4fd8-93de-f20cd8db91b7",
          "coordinateVersion": "v2",
          "endFrame": 0,
          "endTime": 0,
          "frame": 0,
          "itemLinks": [],
          "objectId": "11",
          "openAnnotationVersion": "1.75.0-prod.1",
          "plottingParams": {},
          "recipeId": "6620cb3bf7dd129c3fb8e289",
          "snapshots_": [],
          "startTime": 0,
          "system": false
        },
        "user": {}
      },
      "creator": "kim.lichtenberg@wearetriple.com",
      "createdAt": "2024-04-18T12:12:05.352Z",
      "updatedBy": "kim.lichtenberg@wearetriple.com",
      "updatedAt": "2024-04-18T12:12:05.352Z",
      "hash": "48689d05bdcaeb815ff2c88ab4ebe678a9873c56",
      "source": "ui"
    },
    {
      "id": "66210e158095cc2f22894dd0",
      "datasetId": "66210e0c0b653c71684ff7a3",
      "itemId": "66210e0e8095cc09ba89480f",
      "url": "https://gate.dataloop.ai/api/v1/annotations/66210e158095cc2f22894dd0",
      "item": "https://gate.dataloop.ai/api/v1/items/66210e0e8095cc09ba89480f",
      "dataset": "https://gate.dataloop.ai/api/v1/datasets/66210e0c0b653c71684ff7a3",
      "srcAnnotation": "66210b2472b11af4cee125ea",
      "type": "box",
      "label": "goal-middle-up",
      "attributes": [],
      "coordinates": [
        {
          "x": 781.5137018345774,
          "y": 184.50420963650305,
          "z": 0
        },
        {
          "x": 1122.5139893720848,
          "y": 355.65001278090523,
          "z": 0
        }
      ],
      "metadata": {
        "system": {
          "attributes": {},
          "automated": false,
          "clientId": "4af79d9d-56db-4f3e-bcf0-195347ba29c1",
          "coordinateVersion": "v2",
          "endFrame": 0,
          "endTime": 0,
          "frame": 0,
          "itemLinks": [],
          "objectId": "13",
          "openAnnotationVersion": "1.75.0-prod.1",
          "plottingParams": {},
          "recipeId": "6620cb3bf7dd129c3fb8e289",
          "snapshots_": [],
          "startTime": 0,
          "system": false
        },
        "user": {}
      },
      "creator": "kim.lichtenberg@wearetriple.com",
      "createdAt": "2024-04-18T12:12:05.917Z",
      "updatedBy": "kim.lichtenberg@wearetriple.com",
      "updatedAt": "2024-04-18T12:12:05.917Z",
      "hash": "d743770c394314e628671802477efef80d008d8b",
      "source": "ui"
    },
    {
      "id": "66210e158095cc6133894d30",
      "datasetId": "66210e0c0b653c71684ff7a3",
      "itemId": "66210e0e8095cc09ba89480f",
      "url": "https://gate.dataloop.ai/api/v1/annotations/66210e158095cc6133894d30",
      "item": "https://gate.dataloop.ai/api/v1/items/66210e0e8095cc09ba89480f",
      "dataset": "https://gate.dataloop.ai/api/v1/datasets/66210e0c0b653c71684ff7a3",
      "srcAnnotation": "66210b2472b11a00b9e125e8",
      "type": "box",
      "label": "goalkeeper",
      "attributes": [],
      "coordinates": [
        {
          "x": 881.6018151695396,
          "y": 268.16736874639696,
          "z": 0
        },
        {
          "x": 1043.769764930761,
          "y": 529.5908061838533,
          "z": 0
        }
      ],
      "metadata": {
        "system": {
          "attributes": {},
          "automated": false,
          "clientId": "8d16104f-2ab4-4369-810f-e51551e8a4ed",
          "coordinateVersion": "v2",
          "endFrame": 0,
          "endTime": 0,
          "frame": 0,
          "itemLinks": [],
          "objectId": "8",
          "openAnnotationVersion": "1.75.0-prod.1",
          "plottingParams": {},
          "recipeId": "6620cb3bf7dd129c3fb8e289",
          "snapshots_": [],
          "startTime": 0,
          "system": false
        },
        "user": {}
      },
      "creator": "kim.lichtenberg@wearetriple.com",
      "createdAt": "2024-04-18T12:12:05.154Z",
      "updatedBy": "kim.lichtenberg@wearetriple.com",
      "updatedAt": "2024-04-18T12:12:05.154Z",
      "hash": "4d30989f06a63989a37c4f314b750f0f97fe73fe",
      "source": "ui"
    },
    {
      "id": "66210e158095cc9687894db1",
      "datasetId": "66210e0c0b653c71684ff7a3",
      "itemId": "66210e0e8095cc09ba89480f",
      "url": "https://gate.dataloop.ai/api/v1/annotations/66210e158095cc9687894db1",
      "item": "https://gate.dataloop.ai/api/v1/items/66210e0e8095cc09ba89480f",
      "dataset": "https://gate.dataloop.ai/api/v1/datasets/66210e0c0b653c71684ff7a3",
      "srcAnnotation": "66210b2472b11aea33e125e9",
      "type": "box",
      "label": "goal-top-left",
      "attributes": [],
      "coordinates": [
        {
          "x": 439.9736108431633,
          "y": 185.4959832765519,
          "z": 0
        },
        {
          "x": 781.3253282655502,
          "y": 356.4766165036492,
          "z": 0
        }
      ],
      "metadata": {
        "system": {
          "attributes": {},
          "automated": false,
          "clientId": "bb1009e5-21e1-4ee7-b9c8-eca9ff640cef",
          "coordinateVersion": "v2",
          "endFrame": 0,
          "endTime": 0,
          "frame": 0,
          "itemLinks": [],
          "objectId": "12",
          "openAnnotationVersion": "1.75.0-prod.1",
          "plottingParams": {},
          "recipeId": "6620cb3bf7dd129c3fb8e289",
          "snapshots_": [],
          "startTime": 0,
          "system": false
        },
        "user": {}
      },
      "creator": "kim.lichtenberg@wearetriple.com",
      "createdAt": "2024-04-18T12:12:05.783Z",
      "updatedBy": "kim.lichtenberg@wearetriple.com",
      "updatedAt": "2024-04-18T12:12:05.783Z",
      "hash": "661a30f6f01b0b9673dad82775fb6000652ac236",
      "source": "ui"
    },
    {
      "id": "66210e158095cc9c79894d93",
      "datasetId": "66210e0c0b653c71684ff7a3",
      "itemId": "66210e0e8095cc09ba89480f",
      "url": "https://gate.dataloop.ai/api/v1/annotations/66210e158095cc9c79894d93",
      "item": "https://gate.dataloop.ai/api/v1/items/66210e0e8095cc09ba89480f",
      "dataset": "https://gate.dataloop.ai/api/v1/datasets/66210e0c0b653c71684ff7a3",
      "srcAnnotation": "66210b2472b11ae4c1e125ee",
      "type": "box",
      "label": "goal-bottom-right",
      "attributes": [],
      "coordinates": [
        {
          "x": 1122.7534324702533,
          "y": 355.9630621337077,
          "z": 0
        },
        {
          "x": 1464.6128025575194,
          "y": 526.6472046358448,
          "z": 0
        }
      ],
      "metadata": {
        "system": {
          "attributes": {},
          "automated": false,
          "clientId": "0570b593-7689-4d60-b6b2-5ecddbe6feb9",
          "coordinateVersion": "v2",
          "endFrame": 0,
          "endTime": 0,
          "frame": 0,
          "itemLinks": [],
          "objectId": "17",
          "openAnnotationVersion": "1.75.0-prod.1",
          "plottingParams": {},
          "recipeId": "6620cb3bf7dd129c3fb8e289",
          "snapshots_": [],
          "startTime": 0,
          "system": false
        },
        "user": {}
      },
      "creator": "kim.lichtenberg@wearetriple.com",
      "createdAt": "2024-04-18T12:12:05.653Z",
      "updatedBy": "kim.lichtenberg@wearetriple.com",
      "updatedAt": "2024-04-18T12:12:05.653Z",
      "hash": "22f3e7c0952a137aa0d214a0bf610ac4a3f7a69c",
      "source": "ui"
    },
    {
      "id": "66210e158095ccf038894d43",
      "datasetId": "66210e0c0b653c71684ff7a3",
      "itemId": "66210e0e8095cc09ba89480f",
      "url": "https://gate.dataloop.ai/api/v1/annotations/66210e158095ccf038894d43",
      "item": "https://gate.dataloop.ai/api/v1/items/66210e0e8095cc09ba89480f",
      "dataset": "https://gate.dataloop.ai/api/v1/datasets/66210e0c0b653c71684ff7a3",
      "srcAnnotation": "66210b2472b11a0b93e125ef",
      "type": "box",
      "label": "goal-middle-down",
      "attributes": [],
      "coordinates": [
        {
          "x": 782.6987917487156,
          "y": 356.43452259216474,
          "z": 0
        },
        {
          "x": 1122.75252977826,
          "y": 527.5917990428802,
          "z": 0
        }
      ],
      "metadata": {
        "system": {
          "attributes": {},
          "automated": false,
          "clientId": "b322daf8-19c2-49d5-976a-c7a11124439f",
          "coordinateVersion": "v2",
          "endFrame": 0,
          "endTime": 0,
          "frame": 0,
          "itemLinks": [],
          "objectId": "16",
          "openAnnotationVersion": "1.75.0-prod.1",
          "plottingParams": {},
          "recipeId": "6620cb3bf7dd129c3fb8e289",
          "snapshots_": [],
          "startTime": 0,
          "system": false
        },
        "user": {}
      },
      "creator": "kim.lichtenberg@wearetriple.com",
      "createdAt": "2024-04-18T12:12:05.253Z",
      "updatedBy": "kim.lichtenberg@wearetriple.com",
      "updatedAt": "2024-04-18T12:12:05.253Z",
      "hash": "e5b97c06bf18b50a15c578cf5cd969371f744dc0",
      "source": "ui"
    },
    {
      "id": "66210e168095cc77e4894de9",
      "datasetId": "66210e0c0b653c71684ff7a3",
      "itemId": "66210e0e8095cc09ba89480f",
      "url": "https://gate.dataloop.ai/api/v1/annotations/66210e168095cc77e4894de9",
      "item": "https://gate.dataloop.ai/api/v1/items/66210e0e8095cc09ba89480f",
      "dataset": "https://gate.dataloop.ai/api/v1/datasets/66210e0c0b653c71684ff7a3",
      "srcAnnotation": "66210b2472b11af55be125ed",
      "type": "box",
      "label": "goal-top-right",
      "attributes": [],
      "coordinates": [
        {
          "x": 1122.8772162808646,
          "y": 184.92413847064014,
          "z": 0
        },
        {
          "x": 1464.4500429182292,
          "y": 355.9358959209328,
          "z": 0
        }
      ],
      "metadata": {
        "system": {
          "attributes": {},
          "automated": false,
          "clientId": "fcf041ce-4693-4c41-9fbb-b737df26f8f2",
          "coordinateVersion": "v2",
          "endFrame": 0,
          "endTime": 0,
          "frame": 0,
          "itemLinks": [],
          "objectId": "14",
          "openAnnotationVersion": "1.75.0-prod.1",
          "plottingParams": {},
          "recipeId": "6620cb3bf7dd129c3fb8e289",
          "snapshots_": [],
          "startTime": 0,
          "system": false
        },
        "user": {}
      },
      "creator": "kim.lichtenberg@wearetriple.com",
      "createdAt": "2024-04-18T12:12:06.018Z",
      "updatedBy": "kim.lichtenberg@wearetriple.com",
      "updatedAt": "2024-04-18T12:12:06.018Z",
      "hash": "acb0a3663be739d4610cdab1d2860dd21626c123",
      "source": "ui"
    }
  ],
  "annotationsCount": 9,
  "annotated": true,
  "srcItem": "6620cb87a5610558c50e798a",
  "srcDataset": "6620cb3b6abc12d47dfc6ce9"
}