{
  "id": "66210e0e8095cc015589484f",
  "datasetId": "66210e0c0b653c71684ff7a3",
  "url": "https://gate.dataloop.ai/api/v1/items/66210e0e8095cc015589484f",
  "dataset": "https://gate.dataloop.ai/api/v1/datasets/66210e0c0b653c71684ff7a3",
  "createdAt": "2024-04-18T12:11:56.514Z",
  "dir": "/part0",
  "filename": "/part0/ezgif-frame-154.jpg",
  "type": "file",
  "hidden": false,
  "metadata": {
    "system": {
      "channels": 3,
      "encoding": "7bit",
      "height": 1080,
      "isBinary": true,
      "mimetype": "image/jpeg",
      "modalities": [],
      "originalname": "ezgif-frame-154.jpg",
      "refs": [],
      "size": 54441,
      "taskStatusLog": [],
      "thumbnailId": "66210e108095cccc018949e6",
      "width": 1920
    }
  },
  "name": "ezgif-frame-154.jpg",
  "creator": "kim.lichtenberg@wearetriple.com",
  "updatedAt": "2024-04-18T12:12:30.210Z",
  "updatedBy": "rubiks@dataloop.ai",
  "stream": "https://gate.dataloop.ai/api/v1/items/66210e0e8095cc015589484f/stream",
  "thumbnail": "https://gate.dataloop.ai/api/v1/items/66210e0e8095cc015589484f/thumbnail",
  "annotations": [
    {
      "id": "66210e228095cc000d8954a0",
      "datasetId": "66210e0c0b653c71684ff7a3",
      "itemId": "66210e0e8095cc015589484f",
      "url": "https://gate.dataloop.ai/api/v1/annotations/66210e228095cc000d8954a0",
      "item": "https://gate.dataloop.ai/api/v1/items/66210e0e8095cc015589484f",
      "dataset": "https://gate.dataloop.ai/api/v1/datasets/66210e0c0b653c71684ff7a3",
      "srcAnnotation": "6620fc9972b11ae99be0fb5a",
      "type": "box",
      "label": "goal-middle-down",
      "attributes": [],
      "coordinates": [
        {
          "x": 783.6051402194696,
          "y": 377.08849673853274,
          "z": 0
        },
        {
          "x": 1122.2938357069306,
          "y": 528.6895270609643,
          "z": 0
        }
      ],
      "metadata": {
        "system": {
          "attributes": {},
          "automated": false,
          "clientId": "fdc1a450-d7b4-4d67-8c37-30324092f999",
          "coordinateVersion": "v2",
          "endFrame": 0,
          "endTime": 0,
          "frame": 0,
          "isOnlyLocal": false,
          "isOpen": false,
          "itemLinks": [],
          "objectId": "45",
          "openAnnotationVersion": "1.75.0-prod.1",
          "plottingParams": {},
          "recipeId": "6620cb3bf7dd129c3fb8e289",
          "snapshots_": [],
          "startTime": 0,
          "system": false
        },
        "user": {}
      },
      "creator": "kim.lichtenberg@wearetriple.com",
      "createdAt": "2024-04-18T12:12:18.489Z",
      "updatedBy": "kim.lichtenberg@wearetriple.com",
      "updatedAt": "2024-04-18T12:12:18.489Z",
      "hash": "275db855187d20408d2139cca3727419cce6fa9c",
      "source": "ui"
    },
    {
      "id": "66210e228095cc018d89548b",
      "datasetId": "66210e0c0b653c71684ff7a3",
      "itemId": "66210e0e8095cc015589484f",
      "url": "https://gate.dataloop.ai/api/v1/annotations/66210e228095cc018d89548b",
      "item": "https://gate.dataloop.ai/api/v1/items/66210e0e8095cc015589484f",
      "dataset": "https://gate.dataloop.ai/api/v1/datasets/66210e0c0b653c71684ff7a3",
      "srcAnnotation": "6620fc9972b11a4944e0fb56",
      "type": "box",
      "label": "goal-middle-up",
      "attributes": [],
      "coordinates": [
        {
          "x": 787.4638500487001,
          "y": 186.82962948470248,
          "z": 0
        },
        {
          "x": 1121.8117329530594,
          "y": 375.8076323827722,
          "z": 0
        }
      ],
      "metadata": {
        "system": {
          "attributes": {},
          "automated": false,
          "clientId": "a7be78ee-c79f-4ce0-9adc-a5a29b790a31",
          "coordinateVersion": "v2",
          "endFrame": 0,
          "endTime": 0,
          "frame": 0,
          "isOnlyLocal": false,
          "isOpen": false,
          "itemLinks": [],
          "objectId": "42",
          "openAnnotationVersion": "1.75.0-prod.1",
          "plottingParams": {},
          "recipeId": "6620cb3bf7dd129c3fb8e289",
          "snapshots_": [],
          "startTime": 0,
          "system": false
        },
        "user": {}
      },
      "creator": "kim.lichtenberg@wearetriple.com",
      "createdAt": "2024-04-18T12:12:18.169Z",
      "updatedBy": "kim.lichtenberg@wearetriple.com",
      "updatedAt": "2024-04-18T12:12:18.169Z",
      "hash": "3314acf664f1215d7cca117e9914c33ec3f7f9f9",
      "source": "ui"
    },
    {
      "id": "66210e228095cc3b3b895487",
      "datasetId": "66210e0c0b653c71684ff7a3",
      "itemId": "66210e0e8095cc015589484f",
      "url": "https://gate.dataloop.ai/api/v1/annotations/66210e228095cc3b3b895487",
      "item": "https://gate.dataloop.ai/api/v1/items/66210e0e8095cc015589484f",
      "dataset": "https://gate.dataloop.ai/api/v1/datasets/66210e0c0b653c71684ff7a3",
      "srcAnnotation": "6620fc9972b11a327ce0fb53",
      "type": "box",
      "label": "goalkeeper",
      "attributes": [],
      "coordinates": [
        {
          "x": 734.2900957721581,
          "y": 368.42469541426385,
          "z": 0
        },
        {
          "x": 871.5760634347984,
          "y": 523.4099929287532,
          "z": 0
        }
      ],
      "metadata": {
        "system": {
          "attributes": {},
          "automated": false,
          "clientId": "78b3ee7c-2fa3-4b40-975d-6d796fdf99ed",
          "coordinateVersion": "v2",
          "endFrame": 0,
          "endTime": 0,
          "frame": 0,
          "isOnlyLocal": false,
          "isOpen": false,
          "itemLinks": [],
          "objectId": "5",
          "openAnnotationVersion": "1.75.0-prod.1",
          "plottingParams": {},
          "recipeId": "6620cb3bf7dd129c3fb8e289",
          "snapshots_": [],
          "startTime": 0,
          "system": false
        },
        "user": {}
      },
      "creator": "kim.lichtenberg@wearetriple.com",
      "createdAt": "2024-04-18T12:12:18.101Z",
      "updatedBy": "kim.lichtenberg@wearetriple.com",
      "updatedAt": "2024-04-18T12:12:18.101Z",
      "hash": "a128e73342b9b7ed80983495011bbcf8eb200ff9",
      "source": "ui"
    },
    {
      "id": "66210e228095cc58c8895498",
      "datasetId": "66210e0c0b653c71684ff7a3",
      "itemId": "66210e0e8095cc015589484f",
      "url": "https://gate.dataloop.ai/api/v1/annotations/66210e228095cc58c8895498",
      "item": "https://gate.dataloop.ai/api/v1/items/66210e0e8095cc015589484f",
      "dataset": "https://gate.dataloop.ai/api/v1/datasets/66210e0c0b653c71684ff7a3",
      "srcAnnotation": "6620fc9972b11ab28ce0fb59",
      "type": "box",
      "label": "goal-top-right",
      "attributes": [],
      "coordinates": [
        {
          "x": 1123.4073036432083,
          "y": 186.01702882423848,
          "z": 0
        },
        {
          "x": 1479.3994063877976,
          "y": 371.0278851907866,
          "z": 0
        }
      ],
      "metadata": {
        "system": {
          "attributes": {},
          "automated": false,
          "clientId": "a9d50df0-2e13-4c2a-9c92-329881aee47a",
          "coordinateVersion": "v2",
          "endFrame": 0,
          "endTime": 0,
          "frame": 0,
          "isOnlyLocal": false,
          "isOpen": false,
          "itemLinks": [],
          "objectId": "43",
          "openAnnotationVersion": "1.75.0-prod.1",
          "plottingParams": {},
          "recipeId": "6620cb3bf7dd129c3fb8e289",
          "snapshots_": [],
          "startTime": 0,
          "system": false
        },
        "user": {}
      },
      "creator": "kim.lichtenberg@wearetriple.com",
      "createdAt": "2024-04-18T12:12:18.362Z",
      "updatedBy": "kim.lichtenberg@wearetriple.com",
      "updatedAt": "2024-04-18T12:12:18.362Z",
      "hash": "8030d0f42769d45a291e67ed1a39f61c5e23ce73",
      "source": "ui"
    },
    {
      "id": "66210e228095cc5fb889548f",
      "datasetId": "66210e0c0b653c71684ff7a3",
      "itemId": "66210e0e8095cc015589484f",
      "url": "https://gate.dataloop.ai/api/v1/annotations/66210e228095cc5fb889548f",
      "item": "https://gate.dataloop.ai/api/v1/items/66210e0e8095cc015589484f",
      "dataset": "https://gate.dataloop.ai/api/v1/datasets/66210e0c0b653c71684ff7a3",
      "srcAnnotation": "6620fc9972b11a4d37e0fb58",
      "type": "box",
      "label": "goal-bottom-left",
      "attributes": [],
      "coordinates": [
        {
          "x": 438.6870362829334,
          "y": 378.0447740063353,
          "z": 0
        },
        {
          "x": 782.3400188174161,
          "y": 529.257885114038,
          "z": 0
        }
      ],
      "metadata": {
        "system": {
          "attributes": {},
          "automated": false,
          "clientId": "e6d2c716-818c-45e4-9598-9e41f2887e06",
          "coordinateVersion": "v2",
          "endFrame": 0,
          "endTime": 0,
          "frame": 0,
          "isOnlyLocal": false,
          "isOpen": false,
          "itemLinks": [],
          "objectId": "44",
          "openAnnotationVersion": "1.75.0-prod.1",
          "plottingParams": {},
          "recipeId": "6620cb3bf7dd129c3fb8e289",
          "snapshots_": [],
          "startTime": 0,
          "system": false
        },
        "user": {}
      },
      "creator": "kim.lichtenberg@wearetriple.com",
      "createdAt": "2024-04-18T12:12:18.232Z",
      "updatedBy": "kim.lichtenberg@wearetriple.com",
      "updatedAt": "2024-04-18T12:12:18.232Z",
      "hash": "f5e5f6f166ead82762cc17c388da35d841d6fc08",
      "source": "ui"
    },
    {
      "id": "66210e228095cc90e3895494",
      "datasetId": "66210e0c0b653c71684ff7a3",
      "itemId": "66210e0e8095cc015589484f",
      "url": "https://gate.dataloop.ai/api/v1/annotations/66210e228095cc90e3895494",
      "item": "https://gate.dataloop.ai/api/v1/items/66210e0e8095cc015589484f",
      "dataset": "https://gate.dataloop.ai/api/v1/datasets/66210e0c0b653c71684ff7a3",
      "srcAnnotation": "6620fc9972b11a6358e0fb55",
      "type": "box",
      "label": "player",
      "attributes": [],
      "coordinates": [
        {
          "x": 805.6624528301883,
          "y": 410.8509433962265,
          "z": 0
        },
        {
          "x": 931.1320855322218,
          "y": 774.0639351850184,
          "z": 0
        }
      ],
      "metadata": {
        "system": {
          "attributes": {},
          "automated": false,
          "clientId": "4eebfc4b-fbc1-4568-b4c9-70ead4d50cfe",
          "coordinateVersion": "v2",
          "endFrame": 0,
          "endTime": 0,
          "frame": 0,
          "itemLinks": [],
          "objectId": "3",
          "openAnnotationVersion": "1.75.0-prod.1",
          "plottingParams": {},
          "recipeId": "6620cb3bf7dd129c3fb8e289",
          "snapshots_": [],
          "startTime": 0,
          "system": false
        },
        "user": {}
      },
      "creator": "kim.lichtenberg@wearetriple.com",
      "createdAt": "2024-04-18T12:12:18.295Z",
      "updatedBy": "kim.lichtenberg@wearetriple.com",
      "updatedAt": "2024-04-18T12:12:18.295Z",
      "hash": "93d332ba56830190f159de4121fba3ac66d0150c",
      "source": "ui"
    },
    {
      "id": "66210e228095ccb09789549c",
      "datasetId": "66210e0c0b653c71684ff7a3",
      "itemId": "66210e0e8095cc015589484f",
      "url": "https://gate.dataloop.ai/api/v1/annotations/66210e228095ccb09789549c",
      "item": "https://gate.dataloop.ai/api/v1/items/66210e0e8095cc015589484f",
      "dataset": "https://gate.dataloop.ai/api/v1/datasets/66210e0c0b653c71684ff7a3",
      "srcAnnotation": "6620fc9972b11ac9ade0fb54",
      "type": "box",
      "label": "goal-top-left",
      "attributes": [],
      "coordinates": [
        {
          "x": 439.62270408758377,
          "y": 187.10780954908023,
          "z": 0
        },
        {
          "x": 786.2045208555475,
          "y": 376.452295283444,
          "z": 0
        }
      ],
      "metadata": {
        "system": {
          "attributes": {},
          "automated": false,
          "clientId": "fd36dcae-f782-49e1-ae0a-105a0bcf12ad",
          "coordinateVersion": "v2",
          "endFrame": 0,
          "endTime": 0,
          "frame": 0,
          "isOnlyLocal": false,
          "isOpen": false,
          "itemLinks": [],
          "objectId": "9",
          "openAnnotationVersion": "1.75.0-prod.1",
          "plottingParams": {},
          "recipeId": "6620cb3bf7dd129c3fb8e289",
          "snapshots_": [],
          "startTime": 0,
          "system": false
        },
        "user": {}
      },
      "creator": "kim.lichtenberg@wearetriple.com",
      "createdAt": "2024-04-18T12:12:18.428Z",
      "updatedBy": "kim.lichtenberg@wearetriple.com",
      "updatedAt": "2024-04-18T12:12:18.428Z",
      "hash": "e319bfe9f46d004d0cbf77b0bd01677a1a2dc989",
      "source": "ui"
    },
    {
      "id": "66210e228095cccfed895483",
      "datasetId": "66210e0c0b653c71684ff7a3",
      "itemId": "66210e0e8095cc015589484f",
      "url": "https://gate.dataloop.ai/api/v1/annotations/66210e228095cccfed895483",
      "item": "https://gate.dataloop.ai/api/v1/items/66210e0e8095cc015589484f",
      "dataset": "https://gate.dataloop.ai/api/v1/datasets/66210e0c0b653c71684ff7a3",
      "srcAnnotation": "6620fc9972b11a0699e0fb52",
      "type": "box",
      "label": "football",
      "attributes": [],
      "coordinates": [
        {
          "x": 1191.6566712321412,
          "y": 406.28704467736816,
          "z": 0
        },
        {
          "x": 1247.3166712321413,
          "y": 448.73704467736803,
          "z": 0
        }
      ],
      "metadata": {
        "system": {
          "attributes": {},
          "automated": false,
          "clientId": "4ae017e9-8b47-4964-b457-8b6103b83c18",
          "coordinateVersion": "v2",
          "endFrame": 0,
          "endTime": 0,
          "frame": 0,
          "itemLinks": [],
          "objectId": "1",
          "openAnnotationVersion": "1.75.0-prod.1",
          "plottingParams": {},
          "recipeId": "6620cb3bf7dd129c3fb8e289",
          "snapshots_": [],
          "startTime": 0,
          "system": false
        },
        "user": {}
      },
      "creator": "kim.lichtenberg@wearetriple.com",
      "createdAt": "2024-04-18T12:12:18.035Z",
      "updatedBy": "kim.lichtenberg@wearetriple.com",
      "updatedAt": "2024-04-18T12:12:18.035Z",
      "hash": "498c1b40ec4e3c022bf4775d8df83f9cf05800a1",
      "source": "ui"
    },
    {
      "id": "66210e228095ccf01c8954a4",
      "datasetId": "66210e0c0b653c71684ff7a3",
      "itemId": "66210e0e8095cc015589484f",
      "url": "https://gate.dataloop.ai/api/v1/annotations/66210e228095ccf01c8954a4",
      "item": "https://gate.dataloop.ai/api/v1/items/66210e0e8095cc015589484f",
      "dataset": "https://gate.dataloop.ai/api/v1/datasets/66210e0c0b653c71684ff7a3",
      "srcAnnotation": "6620fc9972b11aed00e0fb57",
      "type": "box",
      "label": "goal-bottom-right",
      "attributes": [],
      "coordinates": [
        {
          "x": 1122.7637256013522,
          "y": 372.58425441743736,
          "z": 0
        },
        {
          "x": 1477.0447721083076,
          "y": 523.9165490725115,
          "z": 0
        }
      ],
      "metadata": {
        "system": {
          "attributes": {},
          "automated": false,
          "clientId": "b30d7b65-55d0-4352-8f12-40a4d9ad325b",
          "coordinateVersion": "v2",
          "endFrame": 0,
          "endTime": 0,
          "frame": 0,
          "isOnlyLocal": false,
          "isOpen": false,
          "itemLinks": [],
          "objectId": "51",
          "openAnnotationVersion": "1.75.0-prod.1",
          "plottingParams": {},
          "recipeId": "6620cb3bf7dd129c3fb8e289",
          "snapshots_": [],
          "startTime": 0,
          "system": false
        },
        "user": {}
      },
      "creator": "kim.lichtenberg@wearetriple.com",
      "createdAt": "2024-04-18T12:12:18.551Z",
      "updatedBy": "kim.lichtenberg@wearetriple.com",
      "updatedAt": "2024-04-18T12:12:18.551Z",
      "hash": "cdb625f1363ed8375023bf6c27239c1a4b28b95f",
      "source": "ui"
    }
  ],
  "annotationsCount": 9,
  "annotated": true,
  "srcItem": "6620cb89a5610573590e7996",
  "srcDataset": "6620cb3b6abc12d47dfc6ce9"
}