{
  "id": "66210e0e8095ccb129894855",
  "datasetId": "66210e0c0b653c71684ff7a3",
  "url": "https://gate.dataloop.ai/api/v1/items/66210e0e8095ccb129894855",
  "dataset": "https://gate.dataloop.ai/api/v1/datasets/66210e0c0b653c71684ff7a3",
  "createdAt": "2024-04-18T12:11:56.513Z",
  "dir": "/part0",
  "filename": "/part0/ezgif-frame-148.jpg",
  "type": "file",
  "hidden": false,
  "metadata": {
    "system": {
      "channels": 3,
      "encoding": "7bit",
      "height": 1080,
      "isBinary": true,
      "mimetype": "image/jpeg",
      "modalities": [],
      "originalname": "ezgif-frame-148.jpg",
      "refs": [],
      "size": 54218,
      "taskStatusLog": [],
      "thumbnailId": "66210e108095cca8e88949e5",
      "width": 1920
    }
  },
  "name": "ezgif-frame-148.jpg",
  "creator": "kim.lichtenberg@wearetriple.com",
  "updatedAt": "2024-04-18T12:12:29.824Z",
  "updatedBy": "rubiks@dataloop.ai",
  "stream": "https://gate.dataloop.ai/api/v1/items/66210e0e8095ccb129894855/stream",
  "thumbnail": "https://gate.dataloop.ai/api/v1/items/66210e0e8095ccb129894855/thumbnail",
  "annotations": [
    {
      "id": "66210e1a8095cc0189895151",
      "datasetId": "66210e0c0b653c71684ff7a3",
      "itemId": "66210e0e8095ccb129894855",
      "url": "https://gate.dataloop.ai/api/v1/annotations/66210e1a8095cc0189895151",
      "item": "https://gate.dataloop.ai/api/v1/items/66210e0e8095ccb129894855",
      "dataset": "https://gate.dataloop.ai/api/v1/datasets/66210e0c0b653c71684ff7a3",
      "srcAnnotation": "662109d472b11a00c1e12028",
      "type": "box",
      "label": "goal-middle-down",
      "attributes": [],
      "coordinates": [
        {
          "x": 786.3761759478302,
          "y": 356.88704544601455,
          "z": 0
        },
        {
          "x": 1131.8877720194241,
          "y": 528.0443218967301,
          "z": 0
        }
      ],
      "metadata": {
        "system": {
          "attributes": {},
          "automated": false,
          "clientId": "6ccb66d8-4a0d-4650-9efd-0f453bddb6ed",
          "coordinateVersion": "v2",
          "endFrame": 0,
          "endTime": 0,
          "frame": 0,
          "itemLinks": [],
          "objectId": "17",
          "openAnnotationVersion": "1.75.0-prod.1",
          "plottingParams": {},
          "recipeId": "6620cb3bf7dd129c3fb8e289",
          "snapshots_": [],
          "startTime": 0,
          "system": false
        },
        "user": {}
      },
      "creator": "kim.lichtenberg@wearetriple.com",
      "createdAt": "2024-04-18T12:12:10.156Z",
      "updatedBy": "kim.lichtenberg@wearetriple.com",
      "updatedAt": "2024-04-18T12:12:10.156Z",
      "hash": "5ba43032f616ca5fe1cdbdad1010638669701922",
      "source": "ui"
    },
    {
      "id": "66210e1a8095cc0bd18951a5",
      "datasetId": "66210e0c0b653c71684ff7a3",
      "itemId": "66210e0e8095ccb129894855",
      "url": "https://gate.dataloop.ai/api/v1/annotations/66210e1a8095cc0bd18951a5",
      "item": "https://gate.dataloop.ai/api/v1/items/66210e0e8095ccb129894855",
      "dataset": "https://gate.dataloop.ai/api/v1/datasets/66210e0c0b653c71684ff7a3",
      "srcAnnotation": "662109d472b11a6718e12027",
      "type": "box",
      "label": "goalkeeper",
      "attributes": [],
      "coordinates": [
        {
          "x": 716.133941764773,
          "y": 358.8493307594573,
          "z": 0
        },
        {
          "x": 867.4134102206993,
          "y": 531.3122244028187,
          "z": 0
        }
      ],
      "metadata": {
        "system": {
          "attributes": {},
          "automated": false,
          "clientId": "fa4012d9-a8fc-4618-8d63-11388215a4fc",
          "coordinateVersion": "v2",
          "endFrame": 0,
          "endTime": 0,
          "frame": 0,
          "itemLinks": [],
          "objectId": "8",
          "openAnnotationVersion": "1.75.0-prod.1",
          "plottingParams": {},
          "recipeId": "6620cb3bf7dd129c3fb8e289",
          "snapshots_": [],
          "startTime": 0,
          "system": false
        },
        "user": {}
      },
      "creator": "kim.lichtenberg@wearetriple.com",
      "createdAt": "2024-04-18T12:12:10.693Z",
      "updatedBy": "kim.lichtenberg@wearetriple.com",
      "updatedAt": "2024-04-18T12:12:10.693Z",
      "hash": "64d44e935e75a755f4941a8af8b2bab6a71afc14",
      "source": "ui"
    },
    {
      "id": "66210e1a8095cc36f489518d",
      "datasetId": "66210e0c0b653c71684ff7a3",
      "itemId": "66210e0e8095ccb129894855",
      "url": "https://gate.dataloop.ai/api/v1/annotations/66210e1a8095cc36f489518d",
      "item": "https://gate.dataloop.ai/api/v1/items/66210e0e8095ccb129894855",
      "dataset": "https://gate.dataloop.ai/api/v1/datasets/66210e0c0b653c71684ff7a3",
      "srcAnnotation": "662109d472b11a4be5e12026",
      "type": "box",
      "label": "goal-bottom-right",
      "attributes": [],
      "coordinates": [
        {
          "x": 1132.4840189496022,
          "y": 356.7277076203303,
          "z": 0
        },
        {
          "x": 1478.0943974229706,
          "y": 527.4118501224675,
          "z": 0
        }
      ],
      "metadata": {
        "system": {
          "attributes": {},
          "automated": false,
          "clientId": "57f0786d-a9f6-447c-8e07-587bb8ae962d",
          "coordinateVersion": "v2",
          "endFrame": 0,
          "endTime": 0,
          "frame": 0,
          "itemLinks": [],
          "objectId": "16",
          "openAnnotationVersion": "1.75.0-prod.1",
          "plottingParams": {},
          "recipeId": "6620cb3bf7dd129c3fb8e289",
          "snapshots_": [],
          "startTime": 0,
          "system": false
        },
        "user": {}
      },
      "creator": "kim.lichtenberg@wearetriple.com",
      "createdAt": "2024-04-18T12:12:10.535Z",
      "updatedBy": "kim.lichtenberg@wearetriple.com",
      "updatedAt": "2024-04-18T12:12:10.535Z",
      "hash": "9d27457eacca979dc12cd6a942e03803d7aa668c",
      "source": "ui"
    },
    {
      "id": "66210e1a8095cc653289516e",
      "datasetId": "66210e0c0b653c71684ff7a3",
      "itemId": "66210e0e8095ccb129894855",
      "url": "https://gate.dataloop.ai/api/v1/annotations/66210e1a8095cc653289516e",
      "item": "https://gate.dataloop.ai/api/v1/items/66210e0e8095ccb129894855",
      "dataset": "https://gate.dataloop.ai/api/v1/datasets/66210e0c0b653c71684ff7a3",
      "srcAnnotation": "662109d472b11a086be12029",
      "type": "box",
      "label": "goal-middle-up",
      "attributes": [],
      "coordinates": [
        {
          "x": 787.2226429881566,
          "y": 184.80387501510285,
          "z": 0
        },
        {
          "x": 1132.8401490891217,
          "y": 355.94967815950514,
          "z": 0
        }
      ],
      "metadata": {
        "system": {
          "attributes": {},
          "automated": false,
          "clientId": "9281d302-532b-49e8-a0ee-c7b11943d600",
          "coordinateVersion": "v2",
          "endFrame": 0,
          "endTime": 0,
          "frame": 0,
          "itemLinks": [],
          "objectId": "14",
          "openAnnotationVersion": "1.75.0-prod.1",
          "plottingParams": {},
          "recipeId": "6620cb3bf7dd129c3fb8e289",
          "snapshots_": [],
          "startTime": 0,
          "system": false
        },
        "user": {}
      },
      "creator": "kim.lichtenberg@wearetriple.com",
      "createdAt": "2024-04-18T12:12:10.346Z",
      "updatedBy": "kim.lichtenberg@wearetriple.com",
      "updatedAt": "2024-04-18T12:12:10.346Z",
      "hash": "950955ca29c246568f76e5d4529d58f734db7565",
      "source": "ui"
    },
    {
      "id": "66210e1a8095ccf8838951bc",
      "datasetId": "66210e0c0b653c71684ff7a3",
      "itemId": "66210e0e8095ccb129894855",
      "url": "https://gate.dataloop.ai/api/v1/annotations/66210e1a8095ccf8838951bc",
      "item": "https://gate.dataloop.ai/api/v1/items/66210e0e8095ccb129894855",
      "dataset": "https://gate.dataloop.ai/api/v1/datasets/66210e0c0b653c71684ff7a3",
      "srcAnnotation": "662109d472b11a73eee12023",
      "type": "box",
      "label": "goal-top-left",
      "attributes": [],
      "coordinates": [
        {
          "x": 439.9736108431632,
          "y": 185.4959832765519,
          "z": 0
        },
        {
          "x": 786.0491518716674,
          "y": 356.47661650364927,
          "z": 0
        }
      ],
      "metadata": {
        "system": {
          "attributes": {},
          "automated": false,
          "clientId": "60669d37-c067-46c7-899d-10ae0048dba6",
          "coordinateVersion": "v2",
          "endFrame": 0,
          "endTime": 0,
          "frame": 0,
          "itemLinks": [],
          "objectId": "13",
          "openAnnotationVersion": "1.75.0-prod.1",
          "plottingParams": {},
          "recipeId": "6620cb3bf7dd129c3fb8e289",
          "snapshots_": [],
          "startTime": 0,
          "system": false
        },
        "user": {}
      },
      "creator": "kim.lichtenberg@wearetriple.com",
      "createdAt": "2024-04-18T12:12:10.939Z",
      "updatedBy": "kim.lichtenberg@wearetriple.com",
      "updatedAt": "2024-04-18T12:12:10.939Z",
      "hash": "52e334489124457e79b4e4c1c8037a2dba23647e",
      "source": "ui"
    },
    {
      "id": "66210e1b8095cc29bd8951d6",
      "datasetId": "66210e0c0b653c71684ff7a3",
      "itemId": "66210e0e8095ccb129894855",
      "url": "https://gate.dataloop.ai/api/v1/annotations/66210e1b8095cc29bd8951d6",
      "item": "https://gate.dataloop.ai/api/v1/items/66210e0e8095ccb129894855",
      "dataset": "https://gate.dataloop.ai/api/v1/datasets/66210e0c0b653c71684ff7a3",
      "srcAnnotation": "662109d472b11a7875e12024",
      "type": "box",
      "label": "goal-bottom-left",
      "attributes": [],
      "coordinates": [
        {
          "x": 439.98045014195174,
          "y": 356.8764559754766,
          "z": 0
        },
        {
          "x": 785.8222426265738,
          "y": 527.6175422360013,
          "z": 0
        }
      ],
      "metadata": {
        "system": {
          "attributes": {},
          "automated": false,
          "clientId": "750fb71e-5396-491a-be54-226f4132a5f4",
          "coordinateVersion": "v2",
          "endFrame": 0,
          "endTime": 0,
          "frame": 0,
          "itemLinks": [],
          "objectId": "18",
          "openAnnotationVersion": "1.75.0-prod.1",
          "plottingParams": {},
          "recipeId": "6620cb3bf7dd129c3fb8e289",
          "snapshots_": [],
          "startTime": 0,
          "system": false
        },
        "user": {}
      },
      "creator": "kim.lichtenberg@wearetriple.com",
      "createdAt": "2024-04-18T12:12:11.110Z",
      "updatedBy": "kim.lichtenberg@wearetriple.com",
      "updatedAt": "2024-04-18T12:12:11.110Z",
      "hash": "73693783ade52e389e861fdf30fec9edb1317ce1",
      "source": "ui"
    },
    {
      "id": "66210e1b8095cc5b5689522c",
      "datasetId": "66210e0c0b653c71684ff7a3",
      "itemId": "66210e0e8095ccb129894855",
      "url": "https://gate.dataloop.ai/api/v1/annotations/66210e1b8095cc5b5689522c",
      "item": "https://gate.dataloop.ai/api/v1/items/66210e0e8095ccb129894855",
      "dataset": "https://gate.dataloop.ai/api/v1/datasets/66210e0c0b653c71684ff7a3",
      "srcAnnotation": "662109d472b11aeca0e12022",
      "type": "box",
      "label": "player",
      "attributes": [],
      "coordinates": [
        {
          "x": 806.5993289236926,
          "y": 437.4225419772058,
          "z": 0
        },
        {
          "x": 1011.7216490878926,
          "y": 769.9005533246667,
          "z": 0
        }
      ],
      "metadata": {
        "system": {
          "attributes": {},
          "automated": false,
          "clientId": "2b0a21ee-cdee-46d9-bfd2-c2fe112e7cf9",
          "coordinateVersion": "v2",
          "endFrame": 0,
          "endTime": 0,
          "frame": 0,
          "itemLinks": [],
          "objectId": "9",
          "openAnnotationVersion": "1.75.0-prod.1",
          "plottingParams": {},
          "recipeId": "6620cb3bf7dd129c3fb8e289",
          "snapshots_": [],
          "startTime": 0,
          "system": false
        },
        "user": {}
      },
      "creator": "kim.lichtenberg@wearetriple.com",
      "createdAt": "2024-04-18T12:12:11.692Z",
      "updatedBy": "kim.lichtenberg@wearetriple.com",
      "updatedAt": "2024-04-18T12:12:11.692Z",
      "hash": "3465855bc1eb5014bcd9cba1d12c9836a5c3e42b",
      "source": "ui"
    },
    {
      "id": "66210e1b8095ccdc7a89520d",
      "datasetId": "66210e0c0b653c71684ff7a3",
      "itemId": "66210e0e8095ccb129894855",
      "url": "https://gate.dataloop.ai/api/v1/annotations/66210e1b8095ccdc7a89520d",
      "item": "https://gate.dataloop.ai/api/v1/items/66210e0e8095ccb129894855",
      "dataset": "https://gate.dataloop.ai/api/v1/datasets/66210e0c0b653c71684ff7a3",
      "srcAnnotation": "662109d472b11a9ec7e1202a",
      "type": "box",
      "label": "goal-top-right",
      "attributes": [],
      "coordinates": [
        {
          "x": 1133.9629815308285,
          "y": 184.92413847064014,
          "z": 0
        },
        {
          "x": 1480.2009622246799,
          "y": 355.93589592093286,
          "z": 0
        }
      ],
      "metadata": {
        "system": {
          "attributes": {},
          "automated": false,
          "clientId": "b0e2151f-6a4c-4a4d-afbb-0b07421a61e0",
          "coordinateVersion": "v2",
          "endFrame": 0,
          "endTime": 0,
          "frame": 0,
          "itemLinks": [],
          "objectId": "15",
          "openAnnotationVersion": "1.75.0-prod.1",
          "plottingParams": {},
          "recipeId": "6620cb3bf7dd129c3fb8e289",
          "snapshots_": [],
          "startTime": 0,
          "system": false
        },
        "user": {}
      },
      "creator": "kim.lichtenberg@wearetriple.com",
      "createdAt": "2024-04-18T12:12:11.492Z",
      "updatedBy": "kim.lichtenberg@wearetriple.com",
      "updatedAt": "2024-04-18T12:12:11.492Z",
      "hash": "bf21e44f43bb6099262fd418f22d90efff7e4ae5",
      "source": "ui"
    },
    {
      "id": "66210e1b8095cce0208951f3",
      "datasetId": "66210e0c0b653c71684ff7a3",
      "itemId": "66210e0e8095ccb129894855",
      "url": "https://gate.dataloop.ai/api/v1/annotations/66210e1b8095cce0208951f3",
      "item": "https://gate.dataloop.ai/api/v1/items/66210e0e8095ccb129894855",
      "dataset": "https://gate.dataloop.ai/api/v1/datasets/66210e0c0b653c71684ff7a3",
      "srcAnnotation": "662109d472b11a9b99e12025",
      "type": "box",
      "label": "football",
      "attributes": [],
      "coordinates": [
        {
          "x": 1140.8609905842447,
          "y": 288.2092522487909,
          "z": 0
        },
        {
          "x": 1181.256466958171,
          "y": 327.4000128501381,
          "z": 0
        }
      ],
      "metadata": {
        "system": {
          "attributes": {},
          "automated": false,
          "clientId": "38b31431-7f6e-4294-9fe6-180a5c746d16",
          "coordinateVersion": "v2",
          "endFrame": 0,
          "endTime": 0,
          "frame": 0,
          "itemLinks": [],
          "objectId": "11",
          "openAnnotationVersion": "1.75.0-prod.1",
          "plottingParams": {},
          "recipeId": "6620cb3bf7dd129c3fb8e289",
          "snapshots_": [],
          "startTime": 0,
          "system": false
        },
        "user": {}
      },
      "creator": "kim.lichtenberg@wearetriple.com",
      "createdAt": "2024-04-18T12:12:11.281Z",
      "updatedBy": "kim.lichtenberg@wearetriple.com",
      "updatedAt": "2024-04-18T12:12:11.281Z",
      "hash": "8041e61faf177af9dcd43aedd3fb8671039abdc4",
      "source": "ui"
    }
  ],
  "annotationsCount": 9,
  "annotated": true,
  "srcItem": "6620cb886cc974e5d9572844",
  "srcDataset": "6620cb3b6abc12d47dfc6ce9"
}