{
  "id": "66210e0e8095cc283789485e",
  "datasetId": "66210e0c0b653c71684ff7a3",
  "url": "https://gate.dataloop.ai/api/v1/items/66210e0e8095cc283789485e",
  "dataset": "https://gate.dataloop.ai/api/v1/datasets/66210e0c0b653c71684ff7a3",
  "createdAt": "2024-04-18T12:11:56.515Z",
  "dir": "/part0",
  "filename": "/part0/ezgif-frame-179.jpg",
  "type": "file",
  "hidden": false,
  "metadata": {
    "system": {
      "channels": 3,
      "encoding": "7bit",
      "height": 1080,
      "isBinary": true,
      "mimetype": "image/jpeg",
      "modalities": [],
      "originalname": "ezgif-frame-179.jpg",
      "refs": [],
      "size": 56113,
      "taskStatusLog": [],
      "thumbnailId": "66210e118095cca8d2894a0e",
      "width": 1920
    }
  },
  "name": "ezgif-frame-179.jpg",
  "creator": "kim.lichtenberg@wearetriple.com",
  "updatedAt": "2024-04-18T12:12:30.425Z",
  "updatedBy": "rubiks@dataloop.ai",
  "stream": "https://gate.dataloop.ai/api/v1/items/66210e0e8095cc283789485e/stream",
  "thumbnail": "https://gate.dataloop.ai/api/v1/items/66210e0e8095cc283789485e/thumbnail",
  "annotations": [
    {
      "id": "66210e258095cc1ca1895568",
      "datasetId": "66210e0c0b653c71684ff7a3",
      "itemId": "66210e0e8095cc283789485e",
      "url": "https://gate.dataloop.ai/api/v1/annotations/66210e258095cc1ca1895568",
      "item": "https://gate.dataloop.ai/api/v1/items/66210e0e8095cc283789485e",
      "dataset": "https://gate.dataloop.ai/api/v1/datasets/66210e0c0b653c71684ff7a3",
      "srcAnnotation": "6620fbaec819db158a981188",
      "type": "box",
      "label": "goal-top-right",
      "attributes": [],
      "coordinates": [
        {
          "x": 1109.9232072237482,
          "y": 233.5121050067239,
          "z": 0
        },
        {
          "x": 1410.2287249676674,
          "y": 381.3134886676626,
          "z": 0
        }
      ],
      "metadata": {
        "system": {
          "attributes": {},
          "automated": false,
          "clientId": "ed8b3180-409d-4d80-afad-c15e9d2196ad",
          "coordinateVersion": "v2",
          "endFrame": 0,
          "endTime": 0,
          "frame": 0,
          "itemLinks": [],
          "objectId": "43",
          "openAnnotationVersion": "1.75.0-prod.1",
          "plottingParams": {},
          "recipeId": "6620cb3bf7dd129c3fb8e289",
          "snapshots_": [],
          "startTime": 0,
          "system": false
        },
        "user": {}
      },
      "creator": "kim.lichtenberg@wearetriple.com",
      "createdAt": "2024-04-18T12:12:21.452Z",
      "updatedBy": "kim.lichtenberg@wearetriple.com",
      "updatedAt": "2024-04-18T12:12:21.452Z",
      "hash": "6a02f203bd79b71cac5d798f76131884aea1e9ba",
      "source": "ui"
    },
    {
      "id": "66210e258095cc3937895573",
      "datasetId": "66210e0c0b653c71684ff7a3",
      "itemId": "66210e0e8095cc283789485e",
      "url": "https://gate.dataloop.ai/api/v1/annotations/66210e258095cc3937895573",
      "item": "https://gate.dataloop.ai/api/v1/items/66210e0e8095cc283789485e",
      "dataset": "https://gate.dataloop.ai/api/v1/datasets/66210e0c0b653c71684ff7a3",
      "srcAnnotation": "6620fbaec819db8c6a98118f",
      "type": "box",
      "label": "goal-middle-down",
      "attributes": [],
      "coordinates": [
        {
          "x": 810.062128965418,
          "y": 381.52566120113283,
          "z": 0
        },
        {
          "x": 1110.1030884076936,
          "y": 529.3270448620716,
          "z": 0
        }
      ],
      "metadata": {
        "system": {
          "attributes": {},
          "automated": false,
          "clientId": "6e8365c4-0c8b-431e-9b7f-c8264419ee85",
          "coordinateVersion": "v2",
          "endFrame": 0,
          "endTime": 0,
          "frame": 0,
          "itemLinks": [],
          "objectId": "45",
          "openAnnotationVersion": "1.75.0-prod.1",
          "plottingParams": {},
          "recipeId": "6620cb3bf7dd129c3fb8e289",
          "snapshots_": [],
          "startTime": 0,
          "system": false
        },
        "user": {}
      },
      "creator": "kim.lichtenberg@wearetriple.com",
      "createdAt": "2024-04-18T12:12:21.629Z",
      "updatedBy": "kim.lichtenberg@wearetriple.com",
      "updatedAt": "2024-04-18T12:12:21.629Z",
      "hash": "3d3b35fb31cfe150ff48dd25e169aae5592317a1",
      "source": "ui"
    },
    {
      "id": "66210e258095cc4b79895577",
      "datasetId": "66210e0c0b653c71684ff7a3",
      "itemId": "66210e0e8095cc283789485e",
      "url": "https://gate.dataloop.ai/api/v1/annotations/66210e258095cc4b79895577",
      "item": "https://gate.dataloop.ai/api/v1/items/66210e0e8095cc283789485e",
      "dataset": "https://gate.dataloop.ai/api/v1/datasets/66210e0c0b653c71684ff7a3",
      "srcAnnotation": "6620fbaec819db90e698118b",
      "type": "box",
      "label": "football",
      "attributes": [],
      "coordinates": [
        {
          "x": 930.3359165151602,
          "y": 727.9851578849152,
          "z": 0
        },
        {
          "x": 985.9959165151603,
          "y": 770.435157884915,
          "z": 0
        }
      ],
      "metadata": {
        "system": {
          "attributes": {},
          "automated": false,
          "clientId": "9ef3e53a-7888-40a2-9e05-2b40bf7eb9da",
          "coordinateVersion": "v2",
          "endFrame": 0,
          "endTime": 0,
          "frame": 0,
          "itemLinks": [],
          "objectId": "1",
          "openAnnotationVersion": "1.75.0-prod.1",
          "plottingParams": {},
          "recipeId": "6620cb3bf7dd129c3fb8e289",
          "snapshots_": [],
          "startTime": 0,
          "system": false
        },
        "user": {}
      },
      "creator": "kim.lichtenberg@wearetriple.com",
      "createdAt": "2024-04-18T12:12:21.683Z",
      "updatedBy": "kim.lichtenberg@wearetriple.com",
      "updatedAt": "2024-04-18T12:12:21.683Z",
      "hash": "d5f699e01ec1d1e9081a9a6afe6269bf3cb42027",
      "source": "ui"
    },
    {
      "id": "66210e258095cc64ad89556d",
      "datasetId": "66210e0c0b653c71684ff7a3",
      "itemId": "66210e0e8095cc283789485e",
      "url": "https://gate.dataloop.ai/api/v1/annotations/66210e258095cc64ad89556d",
      "item": "https://gate.dataloop.ai/api/v1/items/66210e0e8095cc283789485e",
      "dataset": "https://gate.dataloop.ai/api/v1/datasets/66210e0c0b653c71684ff7a3",
      "srcAnnotation": "6620fbaec819db5ff3981191",
      "type": "box",
      "label": "player",
      "attributes": [],
      "coordinates": [
        {
          "x": 513.2096226415092,
          "y": 544.8132075471699,
          "z": 0
        },
        {
          "x": 660.3409394383168,
          "y": 945.75320754717,
          "z": 0
        }
      ],
      "metadata": {
        "system": {
          "attributes": {},
          "automated": false,
          "clientId": "5e587ddc-bcc1-4d95-bf0c-7663ff7aca95",
          "coordinateVersion": "v2",
          "endFrame": 0,
          "endTime": 0,
          "frame": 0,
          "itemLinks": [],
          "objectId": "3",
          "openAnnotationVersion": "1.75.0-prod.1",
          "plottingParams": {},
          "recipeId": "6620cb3bf7dd129c3fb8e289",
          "snapshots_": [],
          "startTime": 0,
          "system": false
        },
        "user": {}
      },
      "creator": "kim.lichtenberg@wearetriple.com",
      "createdAt": "2024-04-18T12:12:21.521Z",
      "updatedBy": "kim.lichtenberg@wearetriple.com",
      "updatedAt": "2024-04-18T12:12:21.521Z",
      "hash": "0ef4e6d95760de7c953abdc9dad581bff09f355f",
      "source": "ui"
    },
    {
      "id": "66210e258095cc7ad3895580",
      "datasetId": "66210e0c0b653c71684ff7a3",
      "itemId": "66210e0e8095cc283789485e",
      "url": "https://gate.dataloop.ai/api/v1/annotations/66210e258095cc7ad3895580",
      "item": "https://gate.dataloop.ai/api/v1/items/66210e0e8095cc283789485e",
      "dataset": "https://gate.dataloop.ai/api/v1/datasets/66210e0c0b653c71684ff7a3",
      "srcAnnotation": "6620fbaec819dbd83298118a",
      "type": "box",
      "label": "goalkeeper",
      "attributes": [],
      "coordinates": [
        {
          "x": 914.3486494548595,
          "y": 296.40531334308605,
          "z": 0
        },
        {
          "x": 1037.6137992838549,
          "y": 537.9841513347723,
          "z": 0
        }
      ],
      "metadata": {
        "system": {
          "attributes": {},
          "automated": false,
          "clientId": "027fd862-1350-46e2-8427-e43de20054d9",
          "coordinateVersion": "v2",
          "endFrame": 0,
          "endTime": 0,
          "frame": 0,
          "itemLinks": [],
          "objectId": "5",
          "openAnnotationVersion": "1.75.0-prod.1",
          "plottingParams": {},
          "recipeId": "6620cb3bf7dd129c3fb8e289",
          "snapshots_": [],
          "startTime": 0,
          "system": false
        },
        "user": {}
      },
      "creator": "kim.lichtenberg@wearetriple.com",
      "createdAt": "2024-04-18T12:12:21.800Z",
      "updatedBy": "kim.lichtenberg@wearetriple.com",
      "updatedAt": "2024-04-18T12:12:21.800Z",
      "hash": "b71754b420a71e9d73ac5d25f504ee00e65a97ab",
      "source": "ui"
    },
    {
      "id": "66210e258095cc7b9a89557c",
      "datasetId": "66210e0c0b653c71684ff7a3",
      "itemId": "66210e0e8095cc283789485e",
      "url": "https://gate.dataloop.ai/api/v1/annotations/66210e258095cc7b9a89557c",
      "item": "https://gate.dataloop.ai/api/v1/items/66210e0e8095cc283789485e",
      "dataset": "https://gate.dataloop.ai/api/v1/datasets/66210e0c0b653c71684ff7a3",
      "srcAnnotation": "6620fbaec819dbb903981189",
      "type": "box",
      "label": "goal-bottom-right",
      "attributes": [],
      "coordinates": [
        {
          "x": 1110.1232125446336,
          "y": 381.7760335497094,
          "z": 0
        },
        {
          "x": 1410.1641719869094,
          "y": 529.577417210648,
          "z": 0
        }
      ],
      "metadata": {
        "system": {
          "attributes": {},
          "automated": false,
          "clientId": "b2486a87-d045-4f16-a33a-f8672b371c48",
          "coordinateVersion": "v2",
          "endFrame": 0,
          "endTime": 0,
          "frame": 0,
          "itemLinks": [],
          "objectId": "51",
          "openAnnotationVersion": "1.75.0-prod.1",
          "plottingParams": {},
          "recipeId": "6620cb3bf7dd129c3fb8e289",
          "snapshots_": [],
          "startTime": 0,
          "system": false
        },
        "user": {}
      },
      "creator": "kim.lichtenberg@wearetriple.com",
      "createdAt": "2024-04-18T12:12:21.740Z",
      "updatedBy": "kim.lichtenberg@wearetriple.com",
      "updatedAt": "2024-04-18T12:12:21.740Z",
      "hash": "9a0f5a10bf393a98a99ddfbe7d6cb5277f60aab6",
      "source": "ui"
    },
    {
      "id": "66210e258095cc8051895563",
      "datasetId": "66210e0c0b653c71684ff7a3",
      "itemId": "66210e0e8095cc283789485e",
      "url": "https://gate.dataloop.ai/api/v1/annotations/66210e258095cc8051895563",
      "item": "https://gate.dataloop.ai/api/v1/items/66210e0e8095cc283789485e",
      "dataset": "https://gate.dataloop.ai/api/v1/datasets/66210e0c0b653c71684ff7a3",
      "srcAnnotation": "6620fbaec819db04ec981190",
      "type": "box",
      "label": "goal-middle-up",
      "attributes": [],
      "coordinates": [
        {
          "x": 810.1311204331535,
          "y": 233.400564430087,
          "z": 0
        },
        {
          "x": 1109.6152633201598,
          "y": 381.20194809102566,
          "z": 0
        }
      ],
      "metadata": {
        "system": {
          "attributes": {},
          "automated": false,
          "clientId": "ac078fd0-fa05-4361-be91-cddac28b6312",
          "coordinateVersion": "v2",
          "endFrame": 0,
          "endTime": 0,
          "frame": 0,
          "itemLinks": [],
          "objectId": "42",
          "openAnnotationVersion": "1.75.0-prod.1",
          "plottingParams": {},
          "recipeId": "6620cb3bf7dd129c3fb8e289",
          "snapshots_": [],
          "startTime": 0,
          "system": false
        },
        "user": {}
      },
      "creator": "kim.lichtenberg@wearetriple.com",
      "createdAt": "2024-04-18T12:12:21.378Z",
      "updatedBy": "kim.lichtenberg@wearetriple.com",
      "updatedAt": "2024-04-18T12:12:21.378Z",
      "hash": "398ed887dcef40ddc5b35128a943354413073fbf",
      "source": "ui"
    },
    {
      "id": "66210e258095ccac3b895571",
      "datasetId": "66210e0c0b653c71684ff7a3",
      "itemId": "66210e0e8095cc283789485e",
      "url": "https://gate.dataloop.ai/api/v1/annotations/66210e258095ccac3b895571",
      "item": "https://gate.dataloop.ai/api/v1/items/66210e0e8095cc283789485e",
      "dataset": "https://gate.dataloop.ai/api/v1/datasets/66210e0c0b653c71684ff7a3",
      "srcAnnotation": "6620fbaec819db7eda98118d",
      "type": "box",
      "label": "goal-top-left",
      "attributes": [],
      "coordinates": [
        {
          "x": 509.7484670736494,
          "y": 233.36789275458096,
          "z": 0
        },
        {
          "x": 809.7894265159249,
          "y": 381.16927641551956,
          "z": 0
        }
      ],
      "metadata": {
        "system": {
          "attributes": {},
          "automated": false,
          "clientId": "721581d9-40ce-4245-bb80-ff66439cb013",
          "coordinateVersion": "v2",
          "endFrame": 0,
          "endTime": 0,
          "frame": 0,
          "itemLinks": [],
          "objectId": "9",
          "openAnnotationVersion": "1.75.0-prod.1",
          "plottingParams": {},
          "recipeId": "6620cb3bf7dd129c3fb8e289",
          "snapshots_": [],
          "startTime": 0,
          "system": false
        },
        "user": {}
      },
      "creator": "kim.lichtenberg@wearetriple.com",
      "createdAt": "2024-04-18T12:12:21.572Z",
      "updatedBy": "kim.lichtenberg@wearetriple.com",
      "updatedAt": "2024-04-18T12:12:21.572Z",
      "hash": "c6a39efdb48c754da762c8f05c4d41d025d035a8",
      "source": "ui"
    },
    {
      "id": "66210e258095ccddff895588",
      "datasetId": "66210e0c0b653c71684ff7a3",
      "itemId": "66210e0e8095cc283789485e",
      "url": "https://gate.dataloop.ai/api/v1/annotations/66210e258095ccddff895588",
      "item": "https://gate.dataloop.ai/api/v1/items/66210e0e8095cc283789485e",
      "dataset": "https://gate.dataloop.ai/api/v1/datasets/66210e0c0b653c71684ff7a3",
      "srcAnnotation": "6620fe4e088a999aacd3b666",
      "type": "box",
      "label": "circle",
      "attributes": [],
      "coordinates": [
        {
          "x": 919.42,
          "y": 751.51,
          "z": 0
        },
        {
          "x": 1004.75,
          "y": 769.9,
          "z": 0
        }
      ],
      "metadata": {
        "system": {
          "attributes": {},
          "automated": false,
          "clientId": "de1f3ba6-ceab-4ff0-8f48-9d076731394a",
          "coordinateVersion": "v2",
          "endFrame": 0,
          "endTime": 0,
          "frame": 0,
          "itemLinks": [],
          "objectId": "52",
          "openAnnotationVersion": "1.75.0-prod.1",
          "recipeId": "6620cb3bf7dd129c3fb8e289",
          "snapshots_": [],
          "startTime": 0,
          "system": false
        },
        "user": {}
      },
      "creator": "kim.lichtenberg@wearetriple.com",
      "createdAt": "2024-04-18T12:12:21.921Z",
      "updatedBy": "kim.lichtenberg@wearetriple.com",
      "updatedAt": "2024-04-18T12:12:21.921Z",
      "hash": "01b13f59c2e40c1460ad84e630c97ade6885cc85",
      "source": "ui"
    },
    {
      "id": "66210e258095ccf825895584",
      "datasetId": "66210e0c0b653c71684ff7a3",
      "itemId": "66210e0e8095cc283789485e",
      "url": "https://gate.dataloop.ai/api/v1/annotations/66210e258095ccf825895584",
      "item": "https://gate.dataloop.ai/api/v1/items/66210e0e8095cc283789485e",
      "dataset": "https://gate.dataloop.ai/api/v1/datasets/66210e0c0b653c71684ff7a3",
      "srcAnnotation": "6620fbaec819dbee7f98118e",
      "type": "box",
      "label": "goal-bottom-left",
      "attributes": [],
      "coordinates": [
        {
          "x": 509.6575499411782,
          "y": 381.4565014530996,
          "z": 0
        },
        {
          "x": 809.6985093834538,
          "y": 529.2578851140381,
          "z": 0
        }
      ],
      "metadata": {
        "system": {
          "attributes": {},
          "automated": false,
          "clientId": "b7bbcd01-1dd6-49f2-b2b9-650242937305",
          "coordinateVersion": "v2",
          "endFrame": 0,
          "endTime": 0,
          "frame": 0,
          "itemLinks": [],
          "objectId": "44",
          "openAnnotationVersion": "1.75.0-prod.1",
          "plottingParams": {},
          "recipeId": "6620cb3bf7dd129c3fb8e289",
          "snapshots_": [],
          "startTime": 0,
          "system": false
        },
        "user": {}
      },
      "creator": "kim.lichtenberg@wearetriple.com",
      "createdAt": "2024-04-18T12:12:21.862Z",
      "updatedBy": "kim.lichtenberg@wearetriple.com",
      "updatedAt": "2024-04-18T12:12:21.862Z",
      "hash": "44c8d0e1b6d578fd303abf3405c4461d8f648c23",
      "source": "ui"
    }
  ],
  "annotationsCount": 10,
  "annotated": true,
  "srcItem": "6620cb8aa623008e12c92e6e",
  "srcDataset": "6620cb3b6abc12d47dfc6ce9"
}