{
  "id": "66210e0e8095cc553d894835",
  "datasetId": "66210e0c0b653c71684ff7a3",
  "url": "https://gate.dataloop.ai/api/v1/items/66210e0e8095cc553d894835",
  "dataset": "https://gate.dataloop.ai/api/v1/datasets/66210e0c0b653c71684ff7a3",
  "createdAt": "2024-04-18T12:11:56.513Z",
  "dir": "/part0",
  "filename": "/part0/ezgif-frame-146.jpg",
  "type": "file",
  "hidden": false,
  "metadata": {
    "system": {
      "channels": 3,
      "encoding": "7bit",
      "height": 1080,
      "isBinary": true,
      "mimetype": "image/jpeg",
      "modalities": [],
      "originalname": "ezgif-frame-146.jpg",
      "refs": [],
      "size": 54410,
      "taskStatusLog": [],
      "thumbnailId": "66210e118095cc324a894a23",
      "width": 1920
    }
  },
  "name": "ezgif-frame-146.jpg",
  "creator": "kim.lichtenberg@wearetriple.com",
  "updatedAt": "2024-04-18T12:12:30.001Z",
  "updatedBy": "rubiks@dataloop.ai",
  "stream": "https://gate.dataloop.ai/api/v1/items/66210e0e8095cc553d894835/stream",
  "thumbnail": "https://gate.dataloop.ai/api/v1/items/66210e0e8095cc553d894835/thumbnail",
  "annotations": [
    {
      "id": "66210e1e8095cc0bc28953ba",
      "datasetId": "66210e0c0b653c71684ff7a3",
      "itemId": "66210e0e8095cc553d894835",
      "url": "https://gate.dataloop.ai/api/v1/annotations/66210e1e8095cc0bc28953ba",
      "item": "https://gate.dataloop.ai/api/v1/items/66210e0e8095cc553d894835",
      "dataset": "https://gate.dataloop.ai/api/v1/datasets/66210e0c0b653c71684ff7a3",
      "srcAnnotation": "6621094417cb466492304142",
      "type": "box",
      "label": "goal-middle-up",
      "attributes": [],
      "coordinates": [
        {
          "x": 787.2226429881566,
          "y": 184.80387501510285,
          "z": 0
        },
        {
          "x": 1132.8401490891217,
          "y": 355.94967815950514,
          "z": 0
        }
      ],
      "metadata": {
        "system": {
          "attributes": {},
          "automated": false,
          "clientId": "8069b79f-3934-454b-a69d-9885d703945b",
          "coordinateVersion": "v2",
          "endFrame": 0,
          "endTime": 0,
          "frame": 0,
          "itemLinks": [],
          "objectId": "14",
          "openAnnotationVersion": "1.75.0-prod.1",
          "plottingParams": {},
          "recipeId": "6620cb3bf7dd129c3fb8e289",
          "snapshots_": [],
          "startTime": 0,
          "system": false
        },
        "user": {}
      },
      "creator": "kim.lichtenberg@wearetriple.com",
      "createdAt": "2024-04-18T12:12:14.953Z",
      "updatedBy": "kim.lichtenberg@wearetriple.com",
      "updatedAt": "2024-04-18T12:12:14.953Z",
      "hash": "2847c9357e7b6586462a7aa17e4a247d322a21f5",
      "source": "ui"
    },
    {
      "id": "66210e1e8095cc0cda8953a9",
      "datasetId": "66210e0c0b653c71684ff7a3",
      "itemId": "66210e0e8095cc553d894835",
      "url": "https://gate.dataloop.ai/api/v1/annotations/66210e1e8095cc0cda8953a9",
      "item": "https://gate.dataloop.ai/api/v1/items/66210e0e8095cc553d894835",
      "dataset": "https://gate.dataloop.ai/api/v1/datasets/66210e0c0b653c71684ff7a3",
      "srcAnnotation": "6621094417cb461fdb304140",
      "type": "box",
      "label": "football",
      "attributes": [],
      "coordinates": [
        {
          "x": 1068.8404232154253,
          "y": 414.55968921129625,
          "z": 0
        },
        {
          "x": 1129.2204232154254,
          "y": 460.7896892112964,
          "z": 0
        }
      ],
      "metadata": {
        "system": {
          "attributes": {},
          "automated": false,
          "clientId": "3dff2a26-f862-4dc4-b479-78441aabfe83",
          "coordinateVersion": "v2",
          "endFrame": 0,
          "endTime": 0,
          "frame": 0,
          "itemLinks": [],
          "objectId": "11",
          "openAnnotationVersion": "1.75.0-prod.1",
          "plottingParams": {},
          "recipeId": "6620cb3bf7dd129c3fb8e289",
          "snapshots_": [],
          "startTime": 0,
          "system": false
        },
        "user": {}
      },
      "creator": "kim.lichtenberg@wearetriple.com",
      "createdAt": "2024-04-18T12:12:14.695Z",
      "updatedBy": "kim.lichtenberg@wearetriple.com",
      "updatedAt": "2024-04-18T12:12:14.695Z",
      "hash": "5ef00927b2fe0000e18e7d901d31a92e0cb0dbe0",
      "source": "ui"
    },
    {
      "id": "66210e1e8095cc375b8953b2",
      "datasetId": "66210e0c0b653c71684ff7a3",
      "itemId": "66210e0e8095cc553d894835",
      "url": "https://gate.dataloop.ai/api/v1/annotations/66210e1e8095cc375b8953b2",
      "item": "https://gate.dataloop.ai/api/v1/items/66210e0e8095cc553d894835",
      "dataset": "https://gate.dataloop.ai/api/v1/datasets/66210e0c0b653c71684ff7a3",
      "srcAnnotation": "6621094417cb463145304146",
      "type": "box",
      "label": "goal-bottom-left",
      "attributes": [],
      "coordinates": [
        {
          "x": 439.98045014195174,
          "y": 356.8764559754766,
          "z": 0
        },
        {
          "x": 785.8222426265738,
          "y": 527.6175422360013,
          "z": 0
        }
      ],
      "metadata": {
        "system": {
          "attributes": {},
          "automated": false,
          "clientId": "d340026f-a73b-40d2-b72b-ee7d47664408",
          "coordinateVersion": "v2",
          "endFrame": 0,
          "endTime": 0,
          "frame": 0,
          "itemLinks": [],
          "objectId": "18",
          "openAnnotationVersion": "1.75.0-prod.1",
          "plottingParams": {},
          "recipeId": "6620cb3bf7dd129c3fb8e289",
          "snapshots_": [],
          "startTime": 0,
          "system": false
        },
        "user": {}
      },
      "creator": "kim.lichtenberg@wearetriple.com",
      "createdAt": "2024-04-18T12:12:14.826Z",
      "updatedBy": "kim.lichtenberg@wearetriple.com",
      "updatedAt": "2024-04-18T12:12:14.826Z",
      "hash": "095751339c3d1c5fbc6ed2bb5201220f4482323c",
      "source": "ui"
    },
    {
      "id": "66210e1e8095cc42c68953ad",
      "datasetId": "66210e0c0b653c71684ff7a3",
      "itemId": "66210e0e8095cc553d894835",
      "url": "https://gate.dataloop.ai/api/v1/annotations/66210e1e8095cc42c68953ad",
      "item": "https://gate.dataloop.ai/api/v1/items/66210e0e8095cc553d894835",
      "dataset": "https://gate.dataloop.ai/api/v1/datasets/66210e0c0b653c71684ff7a3",
      "srcAnnotation": "6621094417cb462631304144",
      "type": "box",
      "label": "goal-bottom-right",
      "attributes": [],
      "coordinates": [
        {
          "x": 1132.4840189496022,
          "y": 356.7277076203303,
          "z": 0
        },
        {
          "x": 1478.0943974229706,
          "y": 527.4118501224675,
          "z": 0
        }
      ],
      "metadata": {
        "system": {
          "attributes": {},
          "automated": false,
          "clientId": "f9c9ccb7-980e-47ef-ab3f-5f197db2e0f1",
          "coordinateVersion": "v2",
          "endFrame": 0,
          "endTime": 0,
          "frame": 0,
          "itemLinks": [],
          "objectId": "16",
          "openAnnotationVersion": "1.75.0-prod.1",
          "plottingParams": {},
          "recipeId": "6620cb3bf7dd129c3fb8e289",
          "snapshots_": [],
          "startTime": 0,
          "system": false
        },
        "user": {}
      },
      "creator": "kim.lichtenberg@wearetriple.com",
      "createdAt": "2024-04-18T12:12:14.765Z",
      "updatedBy": "kim.lichtenberg@wearetriple.com",
      "updatedAt": "2024-04-18T12:12:14.765Z",
      "hash": "57853ec7daaee7cc0525623f0e1e841150ecc612",
      "source": "ui"
    },
    {
      "id": "66210e1e8095cc45fc8953b6",
      "datasetId": "66210e0c0b653c71684ff7a3",
      "itemId": "66210e0e8095cc553d894835",
      "url": "https://gate.dataloop.ai/api/v1/annotations/66210e1e8095cc45fc8953b6",
      "item": "https://gate.dataloop.ai/api/v1/items/66210e0e8095cc553d894835",
      "dataset": "https://gate.dataloop.ai/api/v1/datasets/66210e0c0b653c71684ff7a3",
      "srcAnnotation": "6621094417cb464625304141",
      "type": "box",
      "label": "goal-top-left",
      "attributes": [],
      "coordinates": [
        {
          "x": 439.9736108431632,
          "y": 185.4959832765519,
          "z": 0
        },
        {
          "x": 786.0491518716674,
          "y": 356.47661650364927,
          "z": 0
        }
      ],
      "metadata": {
        "system": {
          "attributes": {},
          "automated": false,
          "clientId": "67d4eb4b-4ef6-4d1c-8f19-cd38b4568058",
          "coordinateVersion": "v2",
          "endFrame": 0,
          "endTime": 0,
          "frame": 0,
          "itemLinks": [],
          "objectId": "13",
          "openAnnotationVersion": "1.75.0-prod.1",
          "plottingParams": {},
          "recipeId": "6620cb3bf7dd129c3fb8e289",
          "snapshots_": [],
          "startTime": 0,
          "system": false
        },
        "user": {}
      },
      "creator": "kim.lichtenberg@wearetriple.com",
      "createdAt": "2024-04-18T12:12:14.889Z",
      "updatedBy": "kim.lichtenberg@wearetriple.com",
      "updatedAt": "2024-04-18T12:12:14.889Z",
      "hash": "05de1d13a2c38f52e79f18df2b0c3c51b332262c",
      "source": "ui"
    },
    {
      "id": "66210e1f8095cc24368953be",
      "datasetId": "66210e0c0b653c71684ff7a3",
      "itemId": "66210e0e8095cc553d894835",
      "url": "https://gate.dataloop.ai/api/v1/annotations/66210e1f8095cc24368953be",
      "item": "https://gate.dataloop.ai/api/v1/items/66210e0e8095cc553d894835",
      "dataset": "https://gate.dataloop.ai/api/v1/datasets/66210e0c0b653c71684ff7a3",
      "srcAnnotation": "6621094417cb469a5d304145",
      "type": "box",
      "label": "goal-middle-down",
      "attributes": [],
      "coordinates": [
        {
          "x": 786.3761759478302,
          "y": 356.88704544601455,
          "z": 0
        },
        {
          "x": 1131.8877720194241,
          "y": 528.0443218967301,
          "z": 0
        }
      ],
      "metadata": {
        "system": {
          "attributes": {},
          "automated": false,
          "clientId": "28207f5a-02fa-4c68-9897-bbe69ab65e09",
          "coordinateVersion": "v2",
          "endFrame": 0,
          "endTime": 0,
          "frame": 0,
          "itemLinks": [],
          "objectId": "17",
          "openAnnotationVersion": "1.75.0-prod.1",
          "plottingParams": {},
          "recipeId": "6620cb3bf7dd129c3fb8e289",
          "snapshots_": [],
          "startTime": 0,
          "system": false
        },
        "user": {}
      },
      "creator": "kim.lichtenberg@wearetriple.com",
      "createdAt": "2024-04-18T12:12:15.009Z",
      "updatedBy": "kim.lichtenberg@wearetriple.com",
      "updatedAt": "2024-04-18T12:12:15.009Z",
      "hash": "af5acfbd8a568cd481c9fde7a43d5d9ab8488c53",
      "source": "ui"
    },
    {
      "id": "66210e1f8095cc29bc8953ca",
      "datasetId": "66210e0c0b653c71684ff7a3",
      "itemId": "66210e0e8095cc553d894835",
      "url": "https://gate.dataloop.ai/api/v1/annotations/66210e1f8095cc29bc8953ca",
      "item": "https://gate.dataloop.ai/api/v1/items/66210e0e8095cc553d894835",
      "dataset": "https://gate.dataloop.ai/api/v1/datasets/66210e0c0b653c71684ff7a3",
      "srcAnnotation": "6621094417cb46f16030413e",
      "type": "box",
      "label": "goalkeeper",
      "attributes": [],
      "coordinates": [
        {
          "x": 732.0718867924527,
          "y": 378.771762044057,
          "z": 0
        },
        {
          "x": 883.3513552483788,
          "y": 543.8639622641508,
          "z": 0
        }
      ],
      "metadata": {
        "system": {
          "attributes": {},
          "automated": false,
          "clientId": "d5bc0dcd-0a94-4e3d-bea5-432f1c3f784d",
          "coordinateVersion": "v2",
          "endFrame": 0,
          "endTime": 0,
          "frame": 0,
          "itemLinks": [],
          "objectId": "8",
          "openAnnotationVersion": "1.75.0-prod.1",
          "plottingParams": {},
          "recipeId": "6620cb3bf7dd129c3fb8e289",
          "snapshots_": [],
          "startTime": 0,
          "system": false
        },
        "user": {}
      },
      "creator": "kim.lichtenberg@wearetriple.com",
      "createdAt": "2024-04-18T12:12:15.195Z",
      "updatedBy": "kim.lichtenberg@wearetriple.com",
      "updatedAt": "2024-04-18T12:12:15.195Z",
      "hash": "107af79256a35254c6a35cebef94719cd1ac38e8",
      "source": "ui"
    },
    {
      "id": "66210e1f8095cc45a38953c2",
      "datasetId": "66210e0c0b653c71684ff7a3",
      "itemId": "66210e0e8095cc553d894835",
      "url": "https://gate.dataloop.ai/api/v1/annotations/66210e1f8095cc45a38953c2",
      "item": "https://gate.dataloop.ai/api/v1/items/66210e0e8095cc553d894835",
      "dataset": "https://gate.dataloop.ai/api/v1/datasets/66210e0c0b653c71684ff7a3",
      "srcAnnotation": "6621094417cb46c923304143",
      "type": "box",
      "label": "goal-top-right",
      "attributes": [],
      "coordinates": [
        {
          "x": 1133.9629815308285,
          "y": 184.92413847064014,
          "z": 0
        },
        {
          "x": 1480.2009622246799,
          "y": 355.93589592093286,
          "z": 0
        }
      ],
      "metadata": {
        "system": {
          "attributes": {},
          "automated": false,
          "clientId": "90088c96-921c-4a88-a6e2-1833c9232e26",
          "coordinateVersion": "v2",
          "endFrame": 0,
          "endTime": 0,
          "frame": 0,
          "itemLinks": [],
          "objectId": "15",
          "openAnnotationVersion": "1.75.0-prod.1",
          "plottingParams": {},
          "recipeId": "6620cb3bf7dd129c3fb8e289",
          "snapshots_": [],
          "startTime": 0,
          "system": false
        },
        "user": {}
      },
      "creator": "kim.lichtenberg@wearetriple.com",
      "createdAt": "2024-04-18T12:12:15.071Z",
      "updatedBy": "kim.lichtenberg@wearetriple.com",
      "updatedAt": "2024-04-18T12:12:15.071Z",
      "hash": "7fe2ea52a933648aac80a5def166812dfe4c4503",
      "source": "ui"
    },
    {
      "id": "66210e1f8095ccd0198953c6",
      "datasetId": "66210e0c0b653c71684ff7a3",
      "itemId": "66210e0e8095cc553d894835",
      "url": "https://gate.dataloop.ai/api/v1/annotations/66210e1f8095ccd0198953c6",
      "item": "https://gate.dataloop.ai/api/v1/items/66210e0e8095cc553d894835",
      "dataset": "https://gate.dataloop.ai/api/v1/datasets/66210e0c0b653c71684ff7a3",
      "srcAnnotation": "6621094417cb46d65d30413f",
      "type": "box",
      "label": "player",
      "attributes": [],
      "coordinates": [
        {
          "x": 819.6248897693799,
          "y": 471.9857835980099,
          "z": 0
        },
        {
          "x": 964.9017540902724,
          "y": 788.9083140339427,
          "z": 0
        }
      ],
      "metadata": {
        "system": {
          "attributes": {},
          "automated": false,
          "clientId": "056ddec7-31bc-4580-95bf-dc7ad236d549",
          "coordinateVersion": "v2",
          "endFrame": 0,
          "endTime": 0,
          "frame": 0,
          "itemLinks": [],
          "objectId": "9",
          "openAnnotationVersion": "1.75.0-prod.1",
          "plottingParams": {},
          "recipeId": "6620cb3bf7dd129c3fb8e289",
          "snapshots_": [],
          "startTime": 0,
          "system": false
        },
        "user": {}
      },
      "creator": "kim.lichtenberg@wearetriple.com",
      "createdAt": "2024-04-18T12:12:15.136Z",
      "updatedBy": "kim.lichtenberg@wearetriple.com",
      "updatedAt": "2024-04-18T12:12:15.136Z",
      "hash": "6e0cef8c8d14ecd60afc4ff4e0e8aa2e157f5029",
      "source": "ui"
    }
  ],
  "annotationsCount": 9,
  "annotated": true,
  "srcItem": "6620cb88a9bd20053917e1a0",
  "srcDataset": "6620cb3b6abc12d47dfc6ce9"
}