{
  "id": "66210e0e8095cc844b8947e4",
  "datasetId": "66210e0c0b653c71684ff7a3",
  "url": "https://gate.dataloop.ai/api/v1/items/66210e0e8095cc844b8947e4",
  "dataset": "https://gate.dataloop.ai/api/v1/datasets/66210e0c0b653c71684ff7a3",
  "createdAt": "2024-04-18T12:11:56.517Z",
  "dir": "/part0",
  "filename": "/part0/ezgif-frame-191.jpg",
  "type": "file",
  "hidden": false,
  "metadata": {
    "system": {
      "channels": 3,
      "encoding": "7bit",
      "height": 1080,
      "isBinary": true,
      "mimetype": "image/jpeg",
      "modalities": [],
      "originalname": "ezgif-frame-191.jpg",
      "refs": [],
      "size": 56871,
      "taskStatusLog": [],
      "thumbnailId": "66210e108095cc10a9894a08",
      "width": 1920
    }
  },
  "name": "ezgif-frame-191.jpg",
  "creator": "kim.lichtenberg@wearetriple.com",
  "updatedAt": "2024-04-18T12:12:36.066Z",
  "updatedBy": "rubiks@dataloop.ai",
  "stream": "https://gate.dataloop.ai/api/v1/items/66210e0e8095cc844b8947e4/stream",
  "thumbnail": "https://gate.dataloop.ai/api/v1/items/66210e0e8095cc844b8947e4/thumbnail",
  "annotations": [
    {
      "id": "66210e1c8095cc14088952fb",
      "datasetId": "66210e0c0b653c71684ff7a3",
      "itemId": "66210e0e8095cc844b8947e4",
      "url": "https://gate.dataloop.ai/api/v1/annotations/66210e1c8095cc14088952fb",
      "item": "https://gate.dataloop.ai/api/v1/items/66210e0e8095cc844b8947e4",
      "dataset": "https://gate.dataloop.ai/api/v1/datasets/66210e0c0b653c71684ff7a3",
      "srcAnnotation": "6620f03fc819db231b97f8f5",
      "type": "box",
      "label": "goal-top-right",
      "attributes": [],
      "coordinates": [
        {
          "x": 1109.9232072237482,
          "y": 233.5121050067239,
          "z": 0
        },
        {
          "x": 1410.2287249676674,
          "y": 381.3134886676626,
          "z": 0
        }
      ],
      "metadata": {
        "system": {
          "attributes": {},
          "automated": false,
          "clientId": "5085d9d9-eedd-4b27-b820-9b62292a9009",
          "coordinateVersion": "v2",
          "endFrame": 0,
          "endTime": 0,
          "frame": 0,
          "itemLinks": [],
          "objectId": "43",
          "openAnnotationVersion": "1.75.0-prod.1",
          "plottingParams": {},
          "recipeId": "6620cb3bf7dd129c3fb8e289",
          "snapshots_": [],
          "startTime": 0,
          "system": false
        },
        "user": {}
      },
      "creator": "kim.lichtenberg@wearetriple.com",
      "createdAt": "2024-04-18T12:12:13.004Z",
      "updatedBy": "kim.lichtenberg@wearetriple.com",
      "updatedAt": "2024-04-18T12:12:13.004Z",
      "hash": "de38b223858cd58e969abfa8a7b091b11c3a96ab",
      "source": "ui"
    },
    {
      "id": "66210e1d8095cc031c89530e",
      "datasetId": "66210e0c0b653c71684ff7a3",
      "itemId": "66210e0e8095cc844b8947e4",
      "url": "https://gate.dataloop.ai/api/v1/annotations/66210e1d8095cc031c89530e",
      "item": "https://gate.dataloop.ai/api/v1/items/66210e0e8095cc844b8947e4",
      "dataset": "https://gate.dataloop.ai/api/v1/datasets/66210e0c0b653c71684ff7a3",
      "srcAnnotation": "6620f03fc819db266397f8f4",
      "type": "box",
      "label": "goalkeeper",
      "attributes": [],
      "coordinates": [
        {
          "x": 853.0524750463594,
          "y": 291.2577676591774,
          "z": 0
        },
        {
          "x": 1026.538375673364,
          "y": 532.8366056508636,
          "z": 0
        }
      ],
      "metadata": {
        "system": {
          "attributes": {},
          "automated": false,
          "clientId": "8b4dd88f-ad25-428c-b9a2-d36d259e8e2f",
          "coordinateVersion": "v2",
          "endFrame": 0,
          "endTime": 0,
          "frame": 0,
          "itemLinks": [],
          "objectId": "5",
          "openAnnotationVersion": "1.75.0-prod.1",
          "plottingParams": {},
          "recipeId": "6620cb3bf7dd129c3fb8e289",
          "snapshots_": [],
          "startTime": 0,
          "system": false
        },
        "user": {}
      },
      "creator": "kim.lichtenberg@wearetriple.com",
      "createdAt": "2024-04-18T12:12:13.134Z",
      "updatedBy": "kim.lichtenberg@wearetriple.com",
      "updatedAt": "2024-04-18T12:12:13.134Z",
      "hash": "d16e4a16975a58c8b950cb364217682fdcb355f1",
      "source": "ui"
    },
    {
      "id": "66210e1d8095cc05ac89534f",
      "datasetId": "66210e0c0b653c71684ff7a3",
      "itemId": "66210e0e8095cc844b8947e4",
      "url": "https://gate.dataloop.ai/api/v1/annotations/66210e1d8095cc05ac89534f",
      "item": "https://gate.dataloop.ai/api/v1/items/66210e0e8095cc844b8947e4",
      "dataset": "https://gate.dataloop.ai/api/v1/datasets/66210e0c0b653c71684ff7a3",
      "srcAnnotation": "6620f03fc819dbe29897f8f0",
      "type": "box",
      "label": "goal-middle-down",
      "attributes": [],
      "coordinates": [
        {
          "x": 810.062128965418,
          "y": 381.52566120113283,
          "z": 0
        },
        {
          "x": 1110.1030884076936,
          "y": 529.3270448620716,
          "z": 0
        }
      ],
      "metadata": {
        "system": {
          "attributes": {},
          "automated": false,
          "clientId": "9163b7b8-3ad3-4445-82b1-5212d486581b",
          "coordinateVersion": "v2",
          "endFrame": 0,
          "endTime": 0,
          "frame": 0,
          "itemLinks": [],
          "objectId": "45",
          "openAnnotationVersion": "1.75.0-prod.1",
          "plottingParams": {},
          "recipeId": "6620cb3bf7dd129c3fb8e289",
          "snapshots_": [],
          "startTime": 0,
          "system": false
        },
        "user": {}
      },
      "creator": "kim.lichtenberg@wearetriple.com",
      "createdAt": "2024-04-18T12:12:13.676Z",
      "updatedBy": "kim.lichtenberg@wearetriple.com",
      "updatedAt": "2024-04-18T12:12:13.676Z",
      "hash": "ed00c8c033655b51398808d9f64801764ae85bfc",
      "source": "ui"
    },
    {
      "id": "66210e1d8095cc206289533f",
      "datasetId": "66210e0c0b653c71684ff7a3",
      "itemId": "66210e0e8095cc844b8947e4",
      "url": "https://gate.dataloop.ai/api/v1/annotations/66210e1d8095cc206289533f",
      "item": "https://gate.dataloop.ai/api/v1/items/66210e0e8095cc844b8947e4",
      "dataset": "https://gate.dataloop.ai/api/v1/datasets/66210e0c0b653c71684ff7a3",
      "srcAnnotation": "6620f03fc819db7cbe97f8f2",
      "type": "box",
      "label": "football",
      "attributes": [],
      "coordinates": [
        {
          "x": 932.6414352561449,
          "y": 727.6703559219591,
          "z": 0
        },
        {
          "x": 988.3014352561446,
          "y": 770.120355921959,
          "z": 0
        }
      ],
      "metadata": {
        "system": {
          "attributes": {},
          "automated": false,
          "clientId": "e2186efd-b509-4911-a8af-39f307f0337d",
          "coordinateVersion": "v2",
          "endFrame": 0,
          "endTime": 0,
          "frame": 0,
          "isOnlyLocal": false,
          "isOpen": false,
          "itemLinks": [],
          "objectId": "1",
          "openAnnotationVersion": "1.75.0-prod.1",
          "plottingParams": {},
          "recipeId": "6620cb3bf7dd129c3fb8e289",
          "snapshots_": [],
          "startTime": 0,
          "system": false
        },
        "user": {}
      },
      "creator": "kim.lichtenberg@wearetriple.com",
      "createdAt": "2024-04-18T12:12:13.512Z",
      "updatedBy": "kim.lichtenberg@wearetriple.com",
      "updatedAt": "2024-04-18T12:12:13.512Z",
      "hash": "277b3b2dbd29da32dae9a8f65a90191670f1c2ea",
      "source": "ui"
    },
    {
      "id": "66210e1d8095cc3ae6895348",
      "datasetId": "66210e0c0b653c71684ff7a3",
      "itemId": "66210e0e8095cc844b8947e4",
      "url": "https://gate.dataloop.ai/api/v1/annotations/66210e1d8095cc3ae6895348",
      "item": "https://gate.dataloop.ai/api/v1/items/66210e0e8095cc844b8947e4",
      "dataset": "https://gate.dataloop.ai/api/v1/datasets/66210e0c0b653c71684ff7a3",
      "srcAnnotation": "6620f03fc819dbbf1597f8f6",
      "type": "box",
      "label": "goal-bottom-right",
      "attributes": [],
      "coordinates": [
        {
          "x": 1110.1232125446336,
          "y": 381.7760335497094,
          "z": 0
        },
        {
          "x": 1410.1641719869094,
          "y": 529.577417210648,
          "z": 0
        }
      ],
      "metadata": {
        "system": {
          "attributes": {},
          "automated": false,
          "clientId": "031dd069-c664-4288-a707-186565610203",
          "coordinateVersion": "v2",
          "endFrame": 0,
          "endTime": 0,
          "frame": 0,
          "itemLinks": [],
          "objectId": "51",
          "openAnnotationVersion": "1.75.0-prod.1",
          "plottingParams": {},
          "recipeId": "6620cb3bf7dd129c3fb8e289",
          "snapshots_": [],
          "startTime": 0,
          "system": false
        },
        "user": {}
      },
      "creator": "kim.lichtenberg@wearetriple.com",
      "createdAt": "2024-04-18T12:12:13.590Z",
      "updatedBy": "kim.lichtenberg@wearetriple.com",
      "updatedAt": "2024-04-18T12:12:13.590Z",
      "hash": "3b25b46e84cc0b867c96d8d15a898dc0cedfe5dd",
      "source": "ui"
    },
    {
      "id": "66210e1d8095cc6ce9895337",
      "datasetId": "66210e0c0b653c71684ff7a3",
      "itemId": "66210e0e8095cc844b8947e4",
      "url": "https://gate.dataloop.ai/api/v1/annotations/66210e1d8095cc6ce9895337",
      "item": "https://gate.dataloop.ai/api/v1/items/66210e0e8095cc844b8947e4",
      "dataset": "https://gate.dataloop.ai/api/v1/datasets/66210e0c0b653c71684ff7a3",
      "srcAnnotation": "6620f03fc819db637297f8ef",
      "type": "box",
      "label": "player",
      "attributes": [],
      "coordinates": [
        {
          "x": 513.2096226415092,
          "y": 544.8132075471699,
          "z": 0
        },
        {
          "x": 660.3409394383168,
          "y": 945.75320754717,
          "z": 0
        }
      ],
      "metadata": {
        "system": {
          "attributes": {},
          "automated": false,
          "clientId": "4946f960-36cd-45a0-b15a-c79e598665c6",
          "coordinateVersion": "v2",
          "endFrame": 0,
          "endTime": 0,
          "frame": 0,
          "itemLinks": [],
          "objectId": "3",
          "openAnnotationVersion": "1.75.0-prod.1",
          "plottingParams": {},
          "recipeId": "6620cb3bf7dd129c3fb8e289",
          "snapshots_": [],
          "startTime": 0,
          "system": false
        },
        "user": {}
      },
      "creator": "kim.lichtenberg@wearetriple.com",
      "createdAt": "2024-04-18T12:12:13.409Z",
      "updatedBy": "kim.lichtenberg@wearetriple.com",
      "updatedAt": "2024-04-18T12:12:13.409Z",
      "hash": "10770336568e415aaa2ed46df90367d161e6c8f3",
      "source": "ui"
    },
    {
      "id": "66210e1d8095cc6cf089535f",
      "datasetId": "66210e0c0b653c71684ff7a3",
      "itemId": "66210e0e8095cc844b8947e4",
      "url": "https://gate.dataloop.ai/api/v1/annotations/66210e1d8095cc6cf089535f",
      "item": "https://gate.dataloop.ai/api/v1/items/66210e0e8095cc844b8947e4",
      "dataset": "https://gate.dataloop.ai/api/v1/datasets/66210e0c0b653c71684ff7a3",
      "srcAnnotation": "662102d5c819dbc502982695",
      "type": "box",
      "label": "circle",
      "attributes": [],
      "coordinates": [
        {
          "x": 931.18,
          "y": 755.84,
          "z": 0
        },
        {
          "x": 992.5699999999999,
          "y": 767.49,
          "z": 0
        }
      ],
      "metadata": {
        "system": {
          "attributes": {},
          "automated": false,
          "clientId": "ecf9e88f-32f3-43a2-9728-82ae2e63c106",
          "coordinateVersion": "v2",
          "endFrame": 0,
          "endTime": 0,
          "frame": 0,
          "itemLinks": [],
          "objectId": "53",
          "openAnnotationVersion": "1.75.0-prod.1",
          "recipeId": "6620cb3bf7dd129c3fb8e289",
          "snapshots_": [],
          "startTime": 0,
          "system": false
        },
        "user": {}
      },
      "creator": "kim.lichtenberg@wearetriple.com",
      "createdAt": "2024-04-18T12:12:13.814Z",
      "updatedBy": "kim.lichtenberg@wearetriple.com",
      "updatedAt": "2024-04-18T12:12:13.814Z",
      "hash": "d0cb4938f6713d90c0cbd2f35cddea06bd772f2a",
      "source": "ui"
    },
    {
      "id": "66210e1d8095cc7d65895356",
      "datasetId": "66210e0c0b653c71684ff7a3",
      "itemId": "66210e0e8095cc844b8947e4",
      "url": "https://gate.dataloop.ai/api/v1/annotations/66210e1d8095cc7d65895356",
      "item": "https://gate.dataloop.ai/api/v1/items/66210e0e8095cc844b8947e4",
      "dataset": "https://gate.dataloop.ai/api/v1/datasets/66210e0c0b653c71684ff7a3",
      "srcAnnotation": "6620f03fc819dbf48397f8f3",
      "type": "box",
      "label": "goal-bottom-left",
      "attributes": [],
      "coordinates": [
        {
          "x": 509.6575499411782,
          "y": 381.4565014530996,
          "z": 0
        },
        {
          "x": 809.6985093834538,
          "y": 529.2578851140381,
          "z": 0
        }
      ],
      "metadata": {
        "system": {
          "attributes": {},
          "automated": false,
          "clientId": "044628a8-f26a-4d17-91f5-7452d98ab45f",
          "coordinateVersion": "v2",
          "endFrame": 0,
          "endTime": 0,
          "frame": 0,
          "itemLinks": [],
          "objectId": "44",
          "openAnnotationVersion": "1.75.0-prod.1",
          "plottingParams": {},
          "recipeId": "6620cb3bf7dd129c3fb8e289",
          "snapshots_": [],
          "startTime": 0,
          "system": false
        },
        "user": {}
      },
      "creator": "kim.lichtenberg@wearetriple.com",
      "createdAt": "2024-04-18T12:12:13.745Z",
      "updatedBy": "kim.lichtenberg@wearetriple.com",
      "updatedAt": "2024-04-18T12:12:13.745Z",
      "hash": "aeeb8f410cd01e953fc8c3d97b0e18eefca33e09",
      "source": "ui"
    },
    {
      "id": "66210e1d8095cc974489532c",
      "datasetId": "66210e0c0b653c71684ff7a3",
      "itemId": "66210e0e8095cc844b8947e4",
      "url": "https://gate.dataloop.ai/api/v1/annotations/66210e1d8095cc974489532c",
      "item": "https://gate.dataloop.ai/api/v1/items/66210e0e8095cc844b8947e4",
      "dataset": "https://gate.dataloop.ai/api/v1/datasets/66210e0c0b653c71684ff7a3",
      "srcAnnotation": "6620f03fc819db4e0d97f8f1",
      "type": "box",
      "label": "goal-middle-up",
      "attributes": [],
      "coordinates": [
        {
          "x": 810.1311204331535,
          "y": 233.400564430087,
          "z": 0
        },
        {
          "x": 1109.6152633201598,
          "y": 381.20194809102566,
          "z": 0
        }
      ],
      "metadata": {
        "system": {
          "attributes": {},
          "automated": false,
          "clientId": "2eb765c2-55d7-46b9-861b-fb72ae41ea9c",
          "coordinateVersion": "v2",
          "endFrame": 0,
          "endTime": 0,
          "frame": 0,
          "itemLinks": [],
          "objectId": "42",
          "openAnnotationVersion": "1.75.0-prod.1",
          "plottingParams": {},
          "recipeId": "6620cb3bf7dd129c3fb8e289",
          "snapshots_": [],
          "startTime": 0,
          "system": false
        },
        "user": {}
      },
      "creator": "kim.lichtenberg@wearetriple.com",
      "createdAt": "2024-04-18T12:12:13.307Z",
      "updatedBy": "kim.lichtenberg@wearetriple.com",
      "updatedAt": "2024-04-18T12:12:13.307Z",
      "hash": "4f6d936e42bca8f97de9c11481ac6796e70472c4",
      "source": "ui"
    },
    {
      "id": "66210e1d8095cce31b89531b",
      "datasetId": "66210e0c0b653c71684ff7a3",
      "itemId": "66210e0e8095cc844b8947e4",
      "url": "https://gate.dataloop.ai/api/v1/annotations/66210e1d8095cce31b89531b",
      "item": "https://gate.dataloop.ai/api/v1/items/66210e0e8095cc844b8947e4",
      "dataset": "https://gate.dataloop.ai/api/v1/datasets/66210e0c0b653c71684ff7a3",
      "srcAnnotation": "6620f03fc819db34ff97f8ed",
      "type": "box",
      "label": "goal-top-left",
      "attributes": [],
      "coordinates": [
        {
          "x": 509.7484670736494,
          "y": 233.36789275458096,
          "z": 0
        },
        {
          "x": 809.7894265159249,
          "y": 381.16927641551956,
          "z": 0
        }
      ],
      "metadata": {
        "system": {
          "attributes": {},
          "automated": false,
          "clientId": "2456a385-b53e-4398-8387-0e4f0bd527d9",
          "coordinateVersion": "v2",
          "endFrame": 0,
          "endTime": 0,
          "frame": 0,
          "itemLinks": [],
          "objectId": "9",
          "openAnnotationVersion": "1.75.0-prod.1",
          "plottingParams": {},
          "recipeId": "6620cb3bf7dd129c3fb8e289",
          "snapshots_": [],
          "startTime": 0,
          "system": false
        },
        "user": {}
      },
      "creator": "kim.lichtenberg@wearetriple.com",
      "createdAt": "2024-04-18T12:12:13.214Z",
      "updatedBy": "kim.lichtenberg@wearetriple.com",
      "updatedAt": "2024-04-18T12:12:13.214Z",
      "hash": "1fd2bd28c8274b09940e8f48e29898d600949bf9",
      "source": "ui"
    }
  ],
  "annotationsCount": 10,
  "annotated": true,
  "srcItem": "6620cb8c6cc974d9bc572873",
  "srcDataset": "6620cb3b6abc12d47dfc6ce9"
}