{
  "id": "66210e0e8095cc21f889484d",
  "datasetId": "66210e0c0b653c71684ff7a3",
  "url": "https://gate.dataloop.ai/api/v1/items/66210e0e8095cc21f889484d",
  "dataset": "https://gate.dataloop.ai/api/v1/datasets/66210e0c0b653c71684ff7a3",
  "createdAt": "2024-04-18T12:11:56.513Z",
  "dir": "/part0",
  "filename": "/part0/ezgif-frame-149.jpg",
  "type": "file",
  "hidden": false,
  "metadata": {
    "system": {
      "channels": 3,
      "encoding": "7bit",
      "height": 1080,
      "isBinary": true,
      "mimetype": "image/jpeg",
      "modalities": [],
      "originalname": "ezgif-frame-149.jpg",
      "refs": [],
      "size": 53817,
      "taskStatusLog": [],
      "thumbnailId": "66210e108095cc7a728949c7",
      "width": 1920
    }
  },
  "name": "ezgif-frame-149.jpg",
  "creator": "kim.lichtenberg@wearetriple.com",
  "updatedAt": "2024-04-18T12:12:29.911Z",
  "updatedBy": "rubiks@dataloop.ai",
  "stream": "https://gate.dataloop.ai/api/v1/items/66210e0e8095cc21f889484d/stream",
  "thumbnail": "https://gate.dataloop.ai/api/v1/items/66210e0e8095cc21f889484d/thumbnail",
  "annotations": [
    {
      "id": "66210e1d8095cc03c7895354",
      "datasetId": "66210e0c0b653c71684ff7a3",
      "itemId": "66210e0e8095cc21f889484d",
      "url": "https://gate.dataloop.ai/api/v1/annotations/66210e1d8095cc03c7895354",
      "item": "https://gate.dataloop.ai/api/v1/items/66210e0e8095cc21f889484d",
      "dataset": "https://gate.dataloop.ai/api/v1/datasets/66210e0c0b653c71684ff7a3",
      "srcAnnotation": "6621098217cb46b1523041af",
      "type": "box",
      "label": "goal-middle-down",
      "attributes": [],
      "coordinates": [
        {
          "x": 786.3761759478302,
          "y": 356.88704544601455,
          "z": 0
        },
        {
          "x": 1131.8877720194241,
          "y": 528.0443218967301,
          "z": 0
        }
      ],
      "metadata": {
        "system": {
          "attributes": {},
          "automated": false,
          "clientId": "abf36ebf-fbad-4fdc-a35e-25dab0d93a82",
          "coordinateVersion": "v2",
          "endFrame": 0,
          "endTime": 0,
          "frame": 0,
          "itemLinks": [],
          "objectId": "17",
          "openAnnotationVersion": "1.75.0-prod.1",
          "plottingParams": {},
          "recipeId": "6620cb3bf7dd129c3fb8e289",
          "snapshots_": [],
          "startTime": 0,
          "system": false
        },
        "user": {}
      },
      "creator": "kim.lichtenberg@wearetriple.com",
      "createdAt": "2024-04-18T12:12:13.713Z",
      "updatedBy": "kim.lichtenberg@wearetriple.com",
      "updatedAt": "2024-04-18T12:12:13.713Z",
      "hash": "b99f1d93ab6906c1d38950e673eacda308afcc3e",
      "source": "ui"
    },
    {
      "id": "66210e1d8095cc115289530a",
      "datasetId": "66210e0c0b653c71684ff7a3",
      "itemId": "66210e0e8095cc21f889484d",
      "url": "https://gate.dataloop.ai/api/v1/annotations/66210e1d8095cc115289530a",
      "item": "https://gate.dataloop.ai/api/v1/items/66210e0e8095cc21f889484d",
      "dataset": "https://gate.dataloop.ai/api/v1/datasets/66210e0c0b653c71684ff7a3",
      "srcAnnotation": "6621098217cb4601613041ac",
      "type": "box",
      "label": "goalkeeper",
      "attributes": [],
      "coordinates": [
        {
          "x": 716.133941764773,
          "y": 358.8493307594573,
          "z": 0
        },
        {
          "x": 867.4134102206993,
          "y": 531.3122244028187,
          "z": 0
        }
      ],
      "metadata": {
        "system": {
          "attributes": {},
          "automated": false,
          "clientId": "d6687264-483b-4cb5-a4e4-821cd8d78cd0",
          "coordinateVersion": "v2",
          "endFrame": 0,
          "endTime": 0,
          "frame": 0,
          "itemLinks": [],
          "objectId": "8",
          "openAnnotationVersion": "1.75.0-prod.1",
          "plottingParams": {},
          "recipeId": "6620cb3bf7dd129c3fb8e289",
          "snapshots_": [],
          "startTime": 0,
          "system": false
        },
        "user": {}
      },
      "creator": "kim.lichtenberg@wearetriple.com",
      "createdAt": "2024-04-18T12:12:13.103Z",
      "updatedBy": "kim.lichtenberg@wearetriple.com",
      "updatedAt": "2024-04-18T12:12:13.103Z",
      "hash": "5b7f52bac2cf24f9bbd1e8bcbf1de2db54871ad2",
      "source": "ui"
    },
    {
      "id": "66210e1d8095cc1cd8895335",
      "datasetId": "66210e0c0b653c71684ff7a3",
      "itemId": "66210e0e8095cc21f889484d",
      "url": "https://gate.dataloop.ai/api/v1/annotations/66210e1d8095cc1cd8895335",
      "item": "https://gate.dataloop.ai/api/v1/items/66210e0e8095cc21f889484d",
      "dataset": "https://gate.dataloop.ai/api/v1/datasets/66210e0c0b653c71684ff7a3",
      "srcAnnotation": "6621098217cb464aa33041aa",
      "type": "box",
      "label": "goal-top-right",
      "attributes": [],
      "coordinates": [
        {
          "x": 1133.9629815308285,
          "y": 184.92413847064014,
          "z": 0
        },
        {
          "x": 1480.2009622246799,
          "y": 355.93589592093286,
          "z": 0
        }
      ],
      "metadata": {
        "system": {
          "attributes": {},
          "automated": false,
          "clientId": "818b5960-4240-4e31-8098-a64422878f8c",
          "coordinateVersion": "v2",
          "endFrame": 0,
          "endTime": 0,
          "frame": 0,
          "itemLinks": [],
          "objectId": "15",
          "openAnnotationVersion": "1.75.0-prod.1",
          "plottingParams": {},
          "recipeId": "6620cb3bf7dd129c3fb8e289",
          "snapshots_": [],
          "startTime": 0,
          "system": false
        },
        "user": {}
      },
      "creator": "kim.lichtenberg@wearetriple.com",
      "createdAt": "2024-04-18T12:12:13.392Z",
      "updatedBy": "kim.lichtenberg@wearetriple.com",
      "updatedAt": "2024-04-18T12:12:13.392Z",
      "hash": "353cfa3ee1688aa658b191351ee269079e4e8531",
      "source": "ui"
    },
    {
      "id": "66210e1d8095cc39cb895318",
      "datasetId": "66210e0c0b653c71684ff7a3",
      "itemId": "66210e0e8095cc21f889484d",
      "url": "https://gate.dataloop.ai/api/v1/annotations/66210e1d8095cc39cb895318",
      "item": "https://gate.dataloop.ai/api/v1/items/66210e0e8095cc21f889484d",
      "dataset": "https://gate.dataloop.ai/api/v1/datasets/66210e0c0b653c71684ff7a3",
      "srcAnnotation": "6621098217cb4613c83041a8",
      "type": "box",
      "label": "goal-bottom-right",
      "attributes": [],
      "coordinates": [
        {
          "x": 1132.4840189496022,
          "y": 356.7277076203303,
          "z": 0
        },
        {
          "x": 1478.0943974229706,
          "y": 527.4118501224675,
          "z": 0
        }
      ],
      "metadata": {
        "system": {
          "attributes": {},
          "automated": false,
          "clientId": "b2153eb6-e90b-4cab-b18d-24fe11e2b95d",
          "coordinateVersion": "v2",
          "endFrame": 0,
          "endTime": 0,
          "frame": 0,
          "itemLinks": [],
          "objectId": "16",
          "openAnnotationVersion": "1.75.0-prod.1",
          "plottingParams": {},
          "recipeId": "6620cb3bf7dd129c3fb8e289",
          "snapshots_": [],
          "startTime": 0,
          "system": false
        },
        "user": {}
      },
      "creator": "kim.lichtenberg@wearetriple.com",
      "createdAt": "2024-04-18T12:12:13.195Z",
      "updatedBy": "kim.lichtenberg@wearetriple.com",
      "updatedAt": "2024-04-18T12:12:13.195Z",
      "hash": "a18cdeb0a7a5c66481623c40ca52b71a9506bb22",
      "source": "ui"
    },
    {
      "id": "66210e1d8095cc3ff6895327",
      "datasetId": "66210e0c0b653c71684ff7a3",
      "itemId": "66210e0e8095cc21f889484d",
      "url": "https://gate.dataloop.ai/api/v1/annotations/66210e1d8095cc3ff6895327",
      "item": "https://gate.dataloop.ai/api/v1/items/66210e0e8095cc21f889484d",
      "dataset": "https://gate.dataloop.ai/api/v1/datasets/66210e0c0b653c71684ff7a3",
      "srcAnnotation": "6621098217cb4640cc3041a9",
      "type": "box",
      "label": "goal-middle-up",
      "attributes": [],
      "coordinates": [
        {
          "x": 787.2226429881566,
          "y": 184.80387501510285,
          "z": 0
        },
        {
          "x": 1132.8401490891217,
          "y": 355.94967815950514,
          "z": 0
        }
      ],
      "metadata": {
        "system": {
          "attributes": {},
          "automated": false,
          "clientId": "8a9ed6aa-2b19-4f83-b8ce-98dd09262d4e",
          "coordinateVersion": "v2",
          "endFrame": 0,
          "endTime": 0,
          "frame": 0,
          "itemLinks": [],
          "objectId": "14",
          "openAnnotationVersion": "1.75.0-prod.1",
          "plottingParams": {},
          "recipeId": "6620cb3bf7dd129c3fb8e289",
          "snapshots_": [],
          "startTime": 0,
          "system": false
        },
        "user": {}
      },
      "creator": "kim.lichtenberg@wearetriple.com",
      "createdAt": "2024-04-18T12:12:13.282Z",
      "updatedBy": "kim.lichtenberg@wearetriple.com",
      "updatedAt": "2024-04-18T12:12:13.282Z",
      "hash": "4d93dd4f5514e974daf7ff89b9715bf83088c428",
      "source": "ui"
    },
    {
      "id": "66210e1d8095cc4606895343",
      "datasetId": "66210e0c0b653c71684ff7a3",
      "itemId": "66210e0e8095cc21f889484d",
      "url": "https://gate.dataloop.ai/api/v1/annotations/66210e1d8095cc4606895343",
      "item": "https://gate.dataloop.ai/api/v1/items/66210e0e8095cc21f889484d",
      "dataset": "https://gate.dataloop.ai/api/v1/datasets/66210e0c0b653c71684ff7a3",
      "srcAnnotation": "6621098217cb46689e3041b0",
      "type": "box",
      "label": "player",
      "attributes": [],
      "coordinates": [
        {
          "x": 806.5993289236926,
          "y": 437.4225419772058,
          "z": 0
        },
        {
          "x": 1011.7216490878926,
          "y": 769.9005533246667,
          "z": 0
        }
      ],
      "metadata": {
        "system": {
          "attributes": {},
          "automated": false,
          "clientId": "101729a1-5383-4de1-94b1-da69c8d2f0eb",
          "coordinateVersion": "v2",
          "endFrame": 0,
          "endTime": 0,
          "frame": 0,
          "itemLinks": [],
          "objectId": "9",
          "openAnnotationVersion": "1.75.0-prod.1",
          "plottingParams": {},
          "recipeId": "6620cb3bf7dd129c3fb8e289",
          "snapshots_": [],
          "startTime": 0,
          "system": false
        },
        "user": {}
      },
      "creator": "kim.lichtenberg@wearetriple.com",
      "createdAt": "2024-04-18T12:12:13.561Z",
      "updatedBy": "kim.lichtenberg@wearetriple.com",
      "updatedAt": "2024-04-18T12:12:13.561Z",
      "hash": "a3b21a60b0096fd359a088ade0c281a570ad57c9",
      "source": "ui"
    },
    {
      "id": "66210e1d8095cc529389534c",
      "datasetId": "66210e0c0b653c71684ff7a3",
      "itemId": "66210e0e8095cc21f889484d",
      "url": "https://gate.dataloop.ai/api/v1/annotations/66210e1d8095cc529389534c",
      "item": "https://gate.dataloop.ai/api/v1/items/66210e0e8095cc21f889484d",
      "dataset": "https://gate.dataloop.ai/api/v1/datasets/66210e0c0b653c71684ff7a3",
      "srcAnnotation": "6621098217cb4673733041ae",
      "type": "box",
      "label": "goal-top-left",
      "attributes": [],
      "coordinates": [
        {
          "x": 439.9736108431632,
          "y": 185.4959832765519,
          "z": 0
        },
        {
          "x": 786.0491518716674,
          "y": 356.47661650364927,
          "z": 0
        }
      ],
      "metadata": {
        "system": {
          "attributes": {},
          "automated": false,
          "clientId": "1503e644-9dde-49f0-a78e-ddc5bd8f861f",
          "coordinateVersion": "v2",
          "endFrame": 0,
          "endTime": 0,
          "frame": 0,
          "itemLinks": [],
          "objectId": "13",
          "openAnnotationVersion": "1.75.0-prod.1",
          "plottingParams": {},
          "recipeId": "6620cb3bf7dd129c3fb8e289",
          "snapshots_": [],
          "startTime": 0,
          "system": false
        },
        "user": {}
      },
      "creator": "kim.lichtenberg@wearetriple.com",
      "createdAt": "2024-04-18T12:12:13.638Z",
      "updatedBy": "kim.lichtenberg@wearetriple.com",
      "updatedAt": "2024-04-18T12:12:13.638Z",
      "hash": "ee4406e4f0b978598e7c7d03f976965db1c96506",
      "source": "ui"
    },
    {
      "id": "66210e1d8095cc737489535c",
      "datasetId": "66210e0c0b653c71684ff7a3",
      "itemId": "66210e0e8095cc21f889484d",
      "url": "https://gate.dataloop.ai/api/v1/annotations/66210e1d8095cc737489535c",
      "item": "https://gate.dataloop.ai/api/v1/items/66210e0e8095cc21f889484d",
      "dataset": "https://gate.dataloop.ai/api/v1/datasets/66210e0c0b653c71684ff7a3",
      "srcAnnotation": "6621098217cb46c0ce3041ad",
      "type": "box",
      "label": "goal-bottom-left",
      "attributes": [],
      "coordinates": [
        {
          "x": 439.98045014195174,
          "y": 356.8764559754766,
          "z": 0
        },
        {
          "x": 785.8222426265738,
          "y": 527.6175422360013,
          "z": 0
        }
      ],
      "metadata": {
        "system": {
          "attributes": {},
          "automated": false,
          "clientId": "b146af5a-20cc-4c1d-bea2-42ce16959c51",
          "coordinateVersion": "v2",
          "endFrame": 0,
          "endTime": 0,
          "frame": 0,
          "itemLinks": [],
          "objectId": "18",
          "openAnnotationVersion": "1.75.0-prod.1",
          "plottingParams": {},
          "recipeId": "6620cb3bf7dd129c3fb8e289",
          "snapshots_": [],
          "startTime": 0,
          "system": false
        },
        "user": {}
      },
      "creator": "kim.lichtenberg@wearetriple.com",
      "createdAt": "2024-04-18T12:12:13.801Z",
      "updatedBy": "kim.lichtenberg@wearetriple.com",
      "updatedAt": "2024-04-18T12:12:13.801Z",
      "hash": "84c8f61c76b039a2efcfa23df12242ed25587656",
      "source": "ui"
    },
    {
      "id": "66210e1d8095cc862389533c",
      "datasetId": "66210e0c0b653c71684ff7a3",
      "itemId": "66210e0e8095cc21f889484d",
      "url": "https://gate.dataloop.ai/api/v1/annotations/66210e1d8095cc862389533c",
      "item": "https://gate.dataloop.ai/api/v1/items/66210e0e8095cc21f889484d",
      "dataset": "https://gate.dataloop.ai/api/v1/datasets/66210e0c0b653c71684ff7a3",
      "srcAnnotation": "6621098217cb46521e3041ab",
      "type": "box",
      "label": "football",
      "attributes": [],
      "coordinates": [
        {
          "x": 1149.274819109169,
          "y": 254.51152263266607,
          "z": 0
        },
        {
          "x": 1209.6548191091688,
          "y": 300.7415226326662,
          "z": 0
        }
      ],
      "metadata": {
        "system": {
          "attributes": {},
          "automated": false,
          "clientId": "ba1fed8d-ad9e-4494-99b7-dc3edbaab724",
          "coordinateVersion": "v2",
          "endFrame": 0,
          "endTime": 0,
          "frame": 0,
          "isOnlyLocal": false,
          "isOpen": false,
          "itemLinks": [],
          "objectId": "11",
          "openAnnotationVersion": "1.75.0-prod.1",
          "plottingParams": {},
          "recipeId": "6620cb3bf7dd129c3fb8e289",
          "snapshots_": [],
          "startTime": 0,
          "system": false
        },
        "user": {}
      },
      "creator": "kim.lichtenberg@wearetriple.com",
      "createdAt": "2024-04-18T12:12:13.481Z",
      "updatedBy": "kim.lichtenberg@wearetriple.com",
      "updatedAt": "2024-04-18T12:12:13.481Z",
      "hash": "475b58f78e93b336d59d2b2db8082954951fb336",
      "source": "ui"
    }
  ],
  "annotationsCount": 9,
  "annotated": true,
  "srcItem": "6620cb88a62300319bc92e59",
  "srcDataset": "6620cb3b6abc12d47dfc6ce9"
}