{
  "id": "66210e0f8095cc5499894894",
  "datasetId": "66210e0c0b653c71684ff7a3",
  "url": "https://gate.dataloop.ai/api/v1/items/66210e0f8095cc5499894894",
  "dataset": "https://gate.dataloop.ai/api/v1/datasets/66210e0c0b653c71684ff7a3",
  "createdAt": "2024-04-18T12:11:56.515Z",
  "dir": "/part0",
  "filename": "/part0/ezgif-frame-180.jpg",
  "type": "file",
  "hidden": false,
  "metadata": {
    "system": {
      "channels": 3,
      "encoding": "7bit",
      "height": 1080,
      "isBinary": true,
      "mimetype": "image/jpeg",
      "modalities": [],
      "originalname": "ezgif-frame-180.jpg",
      "refs": [],
      "size": 56281,
      "taskStatusLog": [],
      "thumbnailId": "66210e118095cc583a894a0f",
      "width": 1920
    }
  },
  "name": "ezgif-frame-180.jpg",
  "creator": "kim.lichtenberg@wearetriple.com",
  "updatedAt": "2024-04-18T12:12:30.338Z",
  "updatedBy": "rubiks@dataloop.ai",
  "stream": "https://gate.dataloop.ai/api/v1/items/66210e0f8095cc5499894894/stream",
  "thumbnail": "https://gate.dataloop.ai/api/v1/items/66210e0f8095cc5499894894/thumbnail",
  "annotations": [
    {
      "id": "66210e248095cc0a1f895507",
      "datasetId": "66210e0c0b653c71684ff7a3",
      "itemId": "66210e0f8095cc5499894894",
      "url": "https://gate.dataloop.ai/api/v1/annotations/66210e248095cc0a1f895507",
      "item": "https://gate.dataloop.ai/api/v1/items/66210e0f8095cc5499894894",
      "dataset": "https://gate.dataloop.ai/api/v1/datasets/66210e0c0b653c71684ff7a3",
      "srcAnnotation": "6620fbcbc7f03437661a9303",
      "type": "box",
      "label": "goal-bottom-right",
      "attributes": [],
      "coordinates": [
        {
          "x": 1110.1232125446336,
          "y": 381.7760335497094,
          "z": 0
        },
        {
          "x": 1410.1641719869094,
          "y": 529.577417210648,
          "z": 0
        }
      ],
      "metadata": {
        "system": {
          "attributes": {},
          "automated": false,
          "clientId": "85c549da-07e9-4e9d-aa35-7e13ef0f8575",
          "coordinateVersion": "v2",
          "endFrame": 0,
          "endTime": 0,
          "frame": 0,
          "itemLinks": [],
          "objectId": "51",
          "openAnnotationVersion": "1.75.0-prod.1",
          "plottingParams": {},
          "recipeId": "6620cb3bf7dd129c3fb8e289",
          "snapshots_": [],
          "startTime": 0,
          "system": false
        },
        "user": {}
      },
      "creator": "kim.lichtenberg@wearetriple.com",
      "createdAt": "2024-04-18T12:12:20.038Z",
      "updatedBy": "kim.lichtenberg@wearetriple.com",
      "updatedAt": "2024-04-18T12:12:20.038Z",
      "hash": "40e50949f41707d18f5dd670eb439dff86433f03",
      "source": "ui"
    },
    {
      "id": "66210e248095cc1641895514",
      "datasetId": "66210e0c0b653c71684ff7a3",
      "itemId": "66210e0f8095cc5499894894",
      "url": "https://gate.dataloop.ai/api/v1/annotations/66210e248095cc1641895514",
      "item": "https://gate.dataloop.ai/api/v1/items/66210e0f8095cc5499894894",
      "dataset": "https://gate.dataloop.ai/api/v1/datasets/66210e0c0b653c71684ff7a3",
      "srcAnnotation": "6620fbcbc7f0346b5c1a9307",
      "type": "box",
      "label": "football",
      "attributes": [],
      "coordinates": [
        {
          "x": 930.3359165151602,
          "y": 727.9851578849152,
          "z": 0
        },
        {
          "x": 985.9959165151603,
          "y": 770.435157884915,
          "z": 0
        }
      ],
      "metadata": {
        "system": {
          "attributes": {},
          "automated": false,
          "clientId": "8558f645-4f27-4422-866d-ed1a42316651",
          "coordinateVersion": "v2",
          "endFrame": 0,
          "endTime": 0,
          "frame": 0,
          "isOnlyLocal": false,
          "isOpen": false,
          "itemLinks": [],
          "objectId": "1",
          "openAnnotationVersion": "1.75.0-prod.1",
          "plottingParams": {},
          "recipeId": "6620cb3bf7dd129c3fb8e289",
          "snapshots_": [],
          "startTime": 0,
          "system": false
        },
        "user": {}
      },
      "creator": "kim.lichtenberg@wearetriple.com",
      "createdAt": "2024-04-18T12:12:20.228Z",
      "updatedBy": "kim.lichtenberg@wearetriple.com",
      "updatedAt": "2024-04-18T12:12:20.228Z",
      "hash": "e01de439109e910ccd5177bc2159e4b07f86c47e",
      "source": "ui"
    },
    {
      "id": "66210e248095cc17d389551b",
      "datasetId": "66210e0c0b653c71684ff7a3",
      "itemId": "66210e0f8095cc5499894894",
      "url": "https://gate.dataloop.ai/api/v1/annotations/66210e248095cc17d389551b",
      "item": "https://gate.dataloop.ai/api/v1/items/66210e0f8095cc5499894894",
      "dataset": "https://gate.dataloop.ai/api/v1/datasets/66210e0c0b653c71684ff7a3",
      "srcAnnotation": "6620fbcbc7f034839a1a9301",
      "type": "box",
      "label": "goal-middle-down",
      "attributes": [],
      "coordinates": [
        {
          "x": 810.062128965418,
          "y": 381.52566120113283,
          "z": 0
        },
        {
          "x": 1110.1030884076936,
          "y": 529.3270448620716,
          "z": 0
        }
      ],
      "metadata": {
        "system": {
          "attributes": {},
          "automated": false,
          "clientId": "e60f59bd-7a18-4ad7-806a-be21efdd9657",
          "coordinateVersion": "v2",
          "endFrame": 0,
          "endTime": 0,
          "frame": 0,
          "itemLinks": [],
          "objectId": "45",
          "openAnnotationVersion": "1.75.0-prod.1",
          "plottingParams": {},
          "recipeId": "6620cb3bf7dd129c3fb8e289",
          "snapshots_": [],
          "startTime": 0,
          "system": false
        },
        "user": {}
      },
      "creator": "kim.lichtenberg@wearetriple.com",
      "createdAt": "2024-04-18T12:12:20.349Z",
      "updatedBy": "kim.lichtenberg@wearetriple.com",
      "updatedAt": "2024-04-18T12:12:20.349Z",
      "hash": "58f951bc607e403ff8ad356bff4a7f6be5f6915d",
      "source": "ui"
    },
    {
      "id": "66210e248095cc4e8489550b",
      "datasetId": "66210e0c0b653c71684ff7a3",
      "itemId": "66210e0f8095cc5499894894",
      "url": "https://gate.dataloop.ai/api/v1/annotations/66210e248095cc4e8489550b",
      "item": "https://gate.dataloop.ai/api/v1/items/66210e0f8095cc5499894894",
      "dataset": "https://gate.dataloop.ai/api/v1/datasets/66210e0c0b653c71684ff7a3",
      "srcAnnotation": "6620fbcbc7f03447c01a9302",
      "type": "box",
      "label": "goal-top-right",
      "attributes": [],
      "coordinates": [
        {
          "x": 1109.9232072237482,
          "y": 233.5121050067239,
          "z": 0
        },
        {
          "x": 1410.2287249676674,
          "y": 381.3134886676626,
          "z": 0
        }
      ],
      "metadata": {
        "system": {
          "attributes": {},
          "automated": false,
          "clientId": "18d8beeb-7c02-4967-bf8f-5bbffc73c33d",
          "coordinateVersion": "v2",
          "endFrame": 0,
          "endTime": 0,
          "frame": 0,
          "itemLinks": [],
          "objectId": "43",
          "openAnnotationVersion": "1.75.0-prod.1",
          "plottingParams": {},
          "recipeId": "6620cb3bf7dd129c3fb8e289",
          "snapshots_": [],
          "startTime": 0,
          "system": false
        },
        "user": {}
      },
      "creator": "kim.lichtenberg@wearetriple.com",
      "createdAt": "2024-04-18T12:12:20.107Z",
      "updatedBy": "kim.lichtenberg@wearetriple.com",
      "updatedAt": "2024-04-18T12:12:20.107Z",
      "hash": "f144113273c25b8c4797c65f300a87effd4ebd67",
      "source": "ui"
    },
    {
      "id": "66210e248095cc5445895517",
      "datasetId": "66210e0c0b653c71684ff7a3",
      "itemId": "66210e0f8095cc5499894894",
      "url": "https://gate.dataloop.ai/api/v1/annotations/66210e248095cc5445895517",
      "item": "https://gate.dataloop.ai/api/v1/items/66210e0f8095cc5499894894",
      "dataset": "https://gate.dataloop.ai/api/v1/datasets/66210e0c0b653c71684ff7a3",
      "srcAnnotation": "6620fbcbc7f0347fe31a9304",
      "type": "box",
      "label": "goalkeeper",
      "attributes": [],
      "coordinates": [
        {
          "x": 914.3486494548595,
          "y": 296.40531334308605,
          "z": 0
        },
        {
          "x": 1037.6137992838549,
          "y": 537.9841513347723,
          "z": 0
        }
      ],
      "metadata": {
        "system": {
          "attributes": {},
          "automated": false,
          "clientId": "790aee07-44dc-41ba-aac8-6c2392e07ca7",
          "coordinateVersion": "v2",
          "endFrame": 0,
          "endTime": 0,
          "frame": 0,
          "itemLinks": [],
          "objectId": "5",
          "openAnnotationVersion": "1.75.0-prod.1",
          "plottingParams": {},
          "recipeId": "6620cb3bf7dd129c3fb8e289",
          "snapshots_": [],
          "startTime": 0,
          "system": false
        },
        "user": {}
      },
      "creator": "kim.lichtenberg@wearetriple.com",
      "createdAt": "2024-04-18T12:12:20.285Z",
      "updatedBy": "kim.lichtenberg@wearetriple.com",
      "updatedAt": "2024-04-18T12:12:20.285Z",
      "hash": "4f722dc4b41fba61a47bcba9a000272864aeecc0",
      "source": "ui"
    },
    {
      "id": "66210e248095cc625e89552d",
      "datasetId": "66210e0c0b653c71684ff7a3",
      "itemId": "66210e0f8095cc5499894894",
      "url": "https://gate.dataloop.ai/api/v1/annotations/66210e248095cc625e89552d",
      "item": "https://gate.dataloop.ai/api/v1/items/66210e0f8095cc5499894894",
      "dataset": "https://gate.dataloop.ai/api/v1/datasets/66210e0c0b653c71684ff7a3",
      "srcAnnotation": "6620fe32c7f034c7be1a97f4",
      "type": "box",
      "label": "circle",
      "attributes": [],
      "coordinates": [
        {
          "x": 934.25,
          "y": 754.44,
          "z": 0
        },
        {
          "x": 988.93,
          "y": 766.09,
          "z": 0
        }
      ],
      "metadata": {
        "system": {
          "attributes": {},
          "automated": false,
          "clientId": "cfd41fba-3fd0-4b03-91b4-66edde8f0cc2",
          "coordinateVersion": "v2",
          "endFrame": 0,
          "endTime": 0,
          "frame": 0,
          "itemLinks": [],
          "objectId": "53",
          "openAnnotationVersion": "1.75.0-prod.1",
          "recipeId": "6620cb3bf7dd129c3fb8e289",
          "snapshots_": [],
          "startTime": 0,
          "system": false
        },
        "user": {}
      },
      "creator": "kim.lichtenberg@wearetriple.com",
      "createdAt": "2024-04-18T12:12:20.589Z",
      "updatedBy": "kim.lichtenberg@wearetriple.com",
      "updatedAt": "2024-04-18T12:12:20.589Z",
      "hash": "70899a9c20fd25d06ddbab303b2843b9e841d936",
      "source": "ui"
    },
    {
      "id": "66210e248095cc7c01895520",
      "datasetId": "66210e0c0b653c71684ff7a3",
      "itemId": "66210e0f8095cc5499894894",
      "url": "https://gate.dataloop.ai/api/v1/annotations/66210e248095cc7c01895520",
      "item": "https://gate.dataloop.ai/api/v1/items/66210e0f8095cc5499894894",
      "dataset": "https://gate.dataloop.ai/api/v1/datasets/66210e0c0b653c71684ff7a3",
      "srcAnnotation": "6620fbcbc7f0349d5a1a9305",
      "type": "box",
      "label": "goal-top-left",
      "attributes": [],
      "coordinates": [
        {
          "x": 509.7484670736494,
          "y": 233.36789275458096,
          "z": 0
        },
        {
          "x": 809.7894265159249,
          "y": 381.16927641551956,
          "z": 0
        }
      ],
      "metadata": {
        "system": {
          "attributes": {},
          "automated": false,
          "clientId": "3f392981-5612-458c-afa6-f502dcc08a9f",
          "coordinateVersion": "v2",
          "endFrame": 0,
          "endTime": 0,
          "frame": 0,
          "itemLinks": [],
          "objectId": "9",
          "openAnnotationVersion": "1.75.0-prod.1",
          "plottingParams": {},
          "recipeId": "6620cb3bf7dd129c3fb8e289",
          "snapshots_": [],
          "startTime": 0,
          "system": false
        },
        "user": {}
      },
      "creator": "kim.lichtenberg@wearetriple.com",
      "createdAt": "2024-04-18T12:12:20.410Z",
      "updatedBy": "kim.lichtenberg@wearetriple.com",
      "updatedAt": "2024-04-18T12:12:20.410Z",
      "hash": "a041a0197cca145d219c474e5ee0d2bcf5c3da38",
      "source": "ui"
    },
    {
      "id": "66210e248095cc80a0895529",
      "datasetId": "66210e0c0b653c71684ff7a3",
      "itemId": "66210e0f8095cc5499894894",
      "url": "https://gate.dataloop.ai/api/v1/annotations/66210e248095cc80a0895529",
      "item": "https://gate.dataloop.ai/api/v1/items/66210e0f8095cc5499894894",
      "dataset": "https://gate.dataloop.ai/api/v1/datasets/66210e0c0b653c71684ff7a3",
      "srcAnnotation": "6620fbcbc7f034ed431a92fe",
      "type": "box",
      "label": "goal-middle-up",
      "attributes": [],
      "coordinates": [
        {
          "x": 810.1311204331535,
          "y": 233.400564430087,
          "z": 0
        },
        {
          "x": 1109.6152633201598,
          "y": 381.20194809102566,
          "z": 0
        }
      ],
      "metadata": {
        "system": {
          "attributes": {},
          "automated": false,
          "clientId": "0c70eca2-7eb2-4a59-87a2-d9db107c7f1f",
          "coordinateVersion": "v2",
          "endFrame": 0,
          "endTime": 0,
          "frame": 0,
          "itemLinks": [],
          "objectId": "42",
          "openAnnotationVersion": "1.75.0-prod.1",
          "plottingParams": {},
          "recipeId": "6620cb3bf7dd129c3fb8e289",
          "snapshots_": [],
          "startTime": 0,
          "system": false
        },
        "user": {}
      },
      "creator": "kim.lichtenberg@wearetriple.com",
      "createdAt": "2024-04-18T12:12:20.530Z",
      "updatedBy": "kim.lichtenberg@wearetriple.com",
      "updatedAt": "2024-04-18T12:12:20.530Z",
      "hash": "98bfd0864646ebf3ab0d30af218a7d384867805e",
      "source": "ui"
    },
    {
      "id": "66210e248095cc9b9c895510",
      "datasetId": "66210e0c0b653c71684ff7a3",
      "itemId": "66210e0f8095cc5499894894",
      "url": "https://gate.dataloop.ai/api/v1/annotations/66210e248095cc9b9c895510",
      "item": "https://gate.dataloop.ai/api/v1/items/66210e0f8095cc5499894894",
      "dataset": "https://gate.dataloop.ai/api/v1/datasets/66210e0c0b653c71684ff7a3",
      "srcAnnotation": "6620fbcbc7f034607d1a9306",
      "type": "box",
      "label": "goal-bottom-left",
      "attributes": [],
      "coordinates": [
        {
          "x": 509.6575499411782,
          "y": 381.4565014530996,
          "z": 0
        },
        {
          "x": 809.6985093834538,
          "y": 529.2578851140381,
          "z": 0
        }
      ],
      "metadata": {
        "system": {
          "attributes": {},
          "automated": false,
          "clientId": "108a057f-2490-4ab0-b7c0-ec27499f53b2",
          "coordinateVersion": "v2",
          "endFrame": 0,
          "endTime": 0,
          "frame": 0,
          "itemLinks": [],
          "objectId": "44",
          "openAnnotationVersion": "1.75.0-prod.1",
          "plottingParams": {},
          "recipeId": "6620cb3bf7dd129c3fb8e289",
          "snapshots_": [],
          "startTime": 0,
          "system": false
        },
        "user": {}
      },
      "creator": "kim.lichtenberg@wearetriple.com",
      "createdAt": "2024-04-18T12:12:20.169Z",
      "updatedBy": "kim.lichtenberg@wearetriple.com",
      "updatedAt": "2024-04-18T12:12:20.169Z",
      "hash": "a22815c2adab9a1cf61a8bf43f90bd71857fbdb5",
      "source": "ui"
    },
    {
      "id": "66210e248095ccd62c895524",
      "datasetId": "66210e0c0b653c71684ff7a3",
      "itemId": "66210e0f8095cc5499894894",
      "url": "https://gate.dataloop.ai/api/v1/annotations/66210e248095ccd62c895524",
      "item": "https://gate.dataloop.ai/api/v1/items/66210e0f8095cc5499894894",
      "dataset": "https://gate.dataloop.ai/api/v1/datasets/66210e0c0b653c71684ff7a3",
      "srcAnnotation": "6620fbcbc7f034d6c11a92ff",
      "type": "box",
      "label": "player",
      "attributes": [],
      "coordinates": [
        {
          "x": 513.2096226415092,
          "y": 544.8132075471699,
          "z": 0
        },
        {
          "x": 660.3409394383168,
          "y": 945.75320754717,
          "z": 0
        }
      ],
      "metadata": {
        "system": {
          "attributes": {},
          "automated": false,
          "clientId": "353dcb1e-b573-4562-ade6-24d4a2ee1761",
          "coordinateVersion": "v2",
          "endFrame": 0,
          "endTime": 0,
          "frame": 0,
          "itemLinks": [],
          "objectId": "3",
          "openAnnotationVersion": "1.75.0-prod.1",
          "plottingParams": {},
          "recipeId": "6620cb3bf7dd129c3fb8e289",
          "snapshots_": [],
          "startTime": 0,
          "system": false
        },
        "user": {}
      },
      "creator": "kim.lichtenberg@wearetriple.com",
      "createdAt": "2024-04-18T12:12:20.473Z",
      "updatedBy": "kim.lichtenberg@wearetriple.com",
      "updatedAt": "2024-04-18T12:12:20.473Z",
      "hash": "943c4010ea2283eab643af34eb5c781c487859de",
      "source": "ui"
    }
  ],
  "annotationsCount": 10,
  "annotated": true,
  "srcItem": "6620cb8a6cc9749ee3572865",
  "srcDataset": "6620cb3b6abc12d47dfc6ce9"
}