{
  "id": "66210e0e8095cc47f08947ee",
  "datasetId": "66210e0c0b653c71684ff7a3",
  "url": "https://gate.dataloop.ai/api/v1/items/66210e0e8095cc47f08947ee",
  "dataset": "https://gate.dataloop.ai/api/v1/datasets/66210e0c0b653c71684ff7a3",
  "createdAt": "2024-04-18T12:11:56.519Z",
  "dir": "/part0",
  "filename": "/part0/ezgif-frame-194.jpg",
  "type": "file",
  "hidden": false,
  "metadata": {
    "system": {
      "channels": 3,
      "encoding": "7bit",
      "height": 1080,
      "isBinary": true,
      "mimetype": "image/jpeg",
      "modalities": [],
      "originalname": "ezgif-frame-194.jpg",
      "refs": [],
      "size": 54525,
      "taskStatusLog": [],
      "thumbnailId": "66210e118095cc3b93894a24",
      "width": 1920
    }
  },
  "name": "ezgif-frame-194.jpg",
  "creator": "kim.lichtenberg@wearetriple.com",
  "updatedAt": "2024-04-18T12:12:36.420Z",
  "updatedBy": "rubiks@dataloop.ai",
  "stream": "https://gate.dataloop.ai/api/v1/items/66210e0e8095cc47f08947ee/stream",
  "thumbnail": "https://gate.dataloop.ai/api/v1/items/66210e0e8095cc47f08947ee/thumbnail",
  "annotations": [
    {
      "id": "66210e238095cc049a8954f4",
      "datasetId": "66210e0c0b653c71684ff7a3",
      "itemId": "66210e0e8095cc47f08947ee",
      "url": "https://gate.dataloop.ai/api/v1/annotations/66210e238095cc049a8954f4",
      "item": "https://gate.dataloop.ai/api/v1/items/66210e0e8095cc47f08947ee",
      "dataset": "https://gate.dataloop.ai/api/v1/datasets/66210e0c0b653c71684ff7a3",
      "srcAnnotation": "6620ef6c72b11a208fe0d95e",
      "type": "box",
      "label": "goal-top-right",
      "attributes": [],
      "coordinates": [
        {
          "x": 1109.9232072237482,
          "y": 233.5121050067239,
          "z": 0
        },
        {
          "x": 1410.2287249676674,
          "y": 381.3134886676626,
          "z": 0
        }
      ],
      "metadata": {
        "system": {
          "attributes": {},
          "automated": false,
          "clientId": "a0652804-bb0b-4266-8600-165de3b612c1",
          "coordinateVersion": "v2",
          "endFrame": 0,
          "endTime": 0,
          "frame": 0,
          "itemLinks": [],
          "objectId": "43",
          "openAnnotationVersion": "1.75.0-prod.1",
          "plottingParams": {},
          "recipeId": "6620cb3bf7dd129c3fb8e289",
          "snapshots_": [],
          "startTime": 0,
          "system": false
        },
        "user": {}
      },
      "creator": "kim.lichtenberg@wearetriple.com",
      "createdAt": "2024-04-18T12:12:19.748Z",
      "updatedBy": "kim.lichtenberg@wearetriple.com",
      "updatedAt": "2024-04-18T12:12:19.748Z",
      "hash": "9063406688e542f9daf14e69b2d50d10c31c5d5b",
      "source": "ui"
    },
    {
      "id": "66210e238095cc16f58954f0",
      "datasetId": "66210e0c0b653c71684ff7a3",
      "itemId": "66210e0e8095cc47f08947ee",
      "url": "https://gate.dataloop.ai/api/v1/annotations/66210e238095cc16f58954f0",
      "item": "https://gate.dataloop.ai/api/v1/items/66210e0e8095cc47f08947ee",
      "dataset": "https://gate.dataloop.ai/api/v1/datasets/66210e0c0b653c71684ff7a3",
      "srcAnnotation": "6620ef6c72b11a0ddce0d95c",
      "type": "box",
      "label": "football",
      "attributes": [],
      "coordinates": [
        {
          "x": 933.1661051944053,
          "y": 727.9851578849152,
          "z": 0
        },
        {
          "x": 988.8261051944053,
          "y": 770.4351578849152,
          "z": 0
        }
      ],
      "metadata": {
        "system": {
          "attributes": {},
          "automated": false,
          "clientId": "71268ba3-dfb3-416c-a7fe-091eaa30e864",
          "coordinateVersion": "v2",
          "endFrame": 0,
          "endTime": 0,
          "frame": 0,
          "itemLinks": [],
          "objectId": "1",
          "openAnnotationVersion": "1.75.0-prod.1",
          "plottingParams": {},
          "recipeId": "6620cb3bf7dd129c3fb8e289",
          "snapshots_": [],
          "startTime": 0,
          "system": false
        },
        "user": {}
      },
      "creator": "kim.lichtenberg@wearetriple.com",
      "createdAt": "2024-04-18T12:12:19.685Z",
      "updatedBy": "kim.lichtenberg@wearetriple.com",
      "updatedAt": "2024-04-18T12:12:19.685Z",
      "hash": "3fd304d062776b2ba281c790e1d7a11e21d18164",
      "source": "ui"
    },
    {
      "id": "66210e238095cc1ee0895500",
      "datasetId": "66210e0c0b653c71684ff7a3",
      "itemId": "66210e0e8095cc47f08947ee",
      "url": "https://gate.dataloop.ai/api/v1/annotations/66210e238095cc1ee0895500",
      "item": "https://gate.dataloop.ai/api/v1/items/66210e0e8095cc47f08947ee",
      "dataset": "https://gate.dataloop.ai/api/v1/datasets/66210e0c0b653c71684ff7a3",
      "srcAnnotation": "6620ef6c72b11a586ce0d957",
      "type": "box",
      "label": "goal-middle-up",
      "attributes": [],
      "coordinates": [
        {
          "x": 810.1311204331535,
          "y": 233.400564430087,
          "z": 0
        },
        {
          "x": 1109.6152633201598,
          "y": 381.20194809102566,
          "z": 0
        }
      ],
      "metadata": {
        "system": {
          "attributes": {},
          "automated": false,
          "clientId": "2ef0f40b-46f2-4725-b2ea-be40082cbbec",
          "coordinateVersion": "v2",
          "endFrame": 0,
          "endTime": 0,
          "frame": 0,
          "itemLinks": [],
          "objectId": "42",
          "openAnnotationVersion": "1.75.0-prod.1",
          "plottingParams": {},
          "recipeId": "6620cb3bf7dd129c3fb8e289",
          "snapshots_": [],
          "startTime": 0,
          "system": false
        },
        "user": {}
      },
      "creator": "kim.lichtenberg@wearetriple.com",
      "createdAt": "2024-04-18T12:12:19.923Z",
      "updatedBy": "kim.lichtenberg@wearetriple.com",
      "updatedAt": "2024-04-18T12:12:19.923Z",
      "hash": "479da940101e407bac4c635b72c2cb7008d67a75",
      "source": "ui"
    },
    {
      "id": "66210e238095cc3293895504",
      "datasetId": "66210e0c0b653c71684ff7a3",
      "itemId": "66210e0e8095cc47f08947ee",
      "url": "https://gate.dataloop.ai/api/v1/annotations/66210e238095cc3293895504",
      "item": "https://gate.dataloop.ai/api/v1/items/66210e0e8095cc47f08947ee",
      "dataset": "https://gate.dataloop.ai/api/v1/datasets/66210e0c0b653c71684ff7a3",
      "srcAnnotation": "6620ef6c72b11a5a90e0d95b",
      "type": "box",
      "label": "goal-middle-down",
      "attributes": [],
      "coordinates": [
        {
          "x": 810.062128965418,
          "y": 381.52566120113283,
          "z": 0
        },
        {
          "x": 1110.1030884076936,
          "y": 529.3270448620716,
          "z": 0
        }
      ],
      "metadata": {
        "system": {
          "attributes": {},
          "automated": false,
          "clientId": "bd9fcf7d-4629-4172-897a-30c467e6bcbe",
          "coordinateVersion": "v2",
          "endFrame": 0,
          "endTime": 0,
          "frame": 0,
          "itemLinks": [],
          "objectId": "45",
          "openAnnotationVersion": "1.75.0-prod.1",
          "plottingParams": {},
          "recipeId": "6620cb3bf7dd129c3fb8e289",
          "snapshots_": [],
          "startTime": 0,
          "system": false
        },
        "user": {}
      },
      "creator": "kim.lichtenberg@wearetriple.com",
      "createdAt": "2024-04-18T12:12:19.988Z",
      "updatedBy": "kim.lichtenberg@wearetriple.com",
      "updatedAt": "2024-04-18T12:12:19.988Z",
      "hash": "06a4104303d2e1a53afb99a22a7fd0f76e4716e8",
      "source": "ui"
    },
    {
      "id": "66210e238095cc41918954fc",
      "datasetId": "66210e0c0b653c71684ff7a3",
      "itemId": "66210e0e8095cc47f08947ee",
      "url": "https://gate.dataloop.ai/api/v1/annotations/66210e238095cc41918954fc",
      "item": "https://gate.dataloop.ai/api/v1/items/66210e0e8095cc47f08947ee",
      "dataset": "https://gate.dataloop.ai/api/v1/datasets/66210e0c0b653c71684ff7a3",
      "srcAnnotation": "6620ef6c72b11a3b88e0d95a",
      "type": "box",
      "label": "goal-bottom-left",
      "attributes": [],
      "coordinates": [
        {
          "x": 509.6575499411782,
          "y": 381.4565014530996,
          "z": 0
        },
        {
          "x": 809.6985093834538,
          "y": 529.2578851140381,
          "z": 0
        }
      ],
      "metadata": {
        "system": {
          "attributes": {},
          "automated": false,
          "clientId": "0e08221a-16db-492b-92cc-772ba98829c7",
          "coordinateVersion": "v2",
          "endFrame": 0,
          "endTime": 0,
          "frame": 0,
          "itemLinks": [],
          "objectId": "44",
          "openAnnotationVersion": "1.75.0-prod.1",
          "plottingParams": {},
          "recipeId": "6620cb3bf7dd129c3fb8e289",
          "snapshots_": [],
          "startTime": 0,
          "system": false
        },
        "user": {}
      },
      "creator": "kim.lichtenberg@wearetriple.com",
      "createdAt": "2024-04-18T12:12:19.864Z",
      "updatedBy": "kim.lichtenberg@wearetriple.com",
      "updatedAt": "2024-04-18T12:12:19.864Z",
      "hash": "a07f2a6bb83413a9f99b290a15f7d3a657e4f494",
      "source": "ui"
    },
    {
      "id": "66210e238095cc969d8954f8",
      "datasetId": "66210e0c0b653c71684ff7a3",
      "itemId": "66210e0e8095cc47f08947ee",
      "url": "https://gate.dataloop.ai/api/v1/annotations/66210e238095cc969d8954f8",
      "item": "https://gate.dataloop.ai/api/v1/items/66210e0e8095cc47f08947ee",
      "dataset": "https://gate.dataloop.ai/api/v1/datasets/66210e0c0b653c71684ff7a3",
      "srcAnnotation": "6620ef6c72b11a3544e0d956",
      "type": "box",
      "label": "goal-top-left",
      "attributes": [],
      "coordinates": [
        {
          "x": 509.7484670736494,
          "y": 233.36789275458096,
          "z": 0
        },
        {
          "x": 809.7894265159249,
          "y": 381.16927641551956,
          "z": 0
        }
      ],
      "metadata": {
        "system": {
          "attributes": {},
          "automated": false,
          "clientId": "92fbc628-64d2-4990-a977-66703e140cd2",
          "coordinateVersion": "v2",
          "endFrame": 0,
          "endTime": 0,
          "frame": 0,
          "itemLinks": [],
          "objectId": "9",
          "openAnnotationVersion": "1.75.0-prod.1",
          "plottingParams": {},
          "recipeId": "6620cb3bf7dd129c3fb8e289",
          "snapshots_": [],
          "startTime": 0,
          "system": false
        },
        "user": {}
      },
      "creator": "kim.lichtenberg@wearetriple.com",
      "createdAt": "2024-04-18T12:12:19.807Z",
      "updatedBy": "kim.lichtenberg@wearetriple.com",
      "updatedAt": "2024-04-18T12:12:19.807Z",
      "hash": "f37c20340128c372e07117185ddc9213f538ed22",
      "source": "ui"
    },
    {
      "id": "66210e248095cc0e97895508",
      "datasetId": "66210e0c0b653c71684ff7a3",
      "itemId": "66210e0e8095cc47f08947ee",
      "url": "https://gate.dataloop.ai/api/v1/annotations/66210e248095cc0e97895508",
      "item": "https://gate.dataloop.ai/api/v1/items/66210e0e8095cc47f08947ee",
      "dataset": "https://gate.dataloop.ai/api/v1/datasets/66210e0c0b653c71684ff7a3",
      "srcAnnotation": "6620ef6c72b11a5e47e0d95d",
      "type": "box",
      "label": "player",
      "attributes": [],
      "coordinates": [
        {
          "x": 513.2096226415092,
          "y": 544.8132075471699,
          "z": 0
        },
        {
          "x": 660.3409394383168,
          "y": 945.75320754717,
          "z": 0
        }
      ],
      "metadata": {
        "system": {
          "attributes": {},
          "automated": false,
          "clientId": "c6f58f40-af21-4615-9776-9f2006533c91",
          "coordinateVersion": "v2",
          "endFrame": 0,
          "endTime": 0,
          "frame": 0,
          "itemLinks": [],
          "objectId": "3",
          "openAnnotationVersion": "1.75.0-prod.1",
          "plottingParams": {},
          "recipeId": "6620cb3bf7dd129c3fb8e289",
          "snapshots_": [],
          "startTime": 0,
          "system": false
        },
        "user": {}
      },
      "creator": "kim.lichtenberg@wearetriple.com",
      "createdAt": "2024-04-18T12:12:20.050Z",
      "updatedBy": "kim.lichtenberg@wearetriple.com",
      "updatedAt": "2024-04-18T12:12:20.050Z",
      "hash": "f7060cc6eb15e04e60227ac94380bd60846c1899",
      "source": "ui"
    },
    {
      "id": "66210e248095cc514489550f",
      "datasetId": "66210e0c0b653c71684ff7a3",
      "itemId": "66210e0e8095cc47f08947ee",
      "url": "https://gate.dataloop.ai/api/v1/annotations/66210e248095cc514489550f",
      "item": "https://gate.dataloop.ai/api/v1/items/66210e0e8095cc47f08947ee",
      "dataset": "https://gate.dataloop.ai/api/v1/datasets/66210e0c0b653c71684ff7a3",
      "srcAnnotation": "6620ef6c72b11aaea1e0d959",
      "type": "box",
      "label": "goalkeeper",
      "attributes": [],
      "coordinates": [
        {
          "x": 894.3734970244861,
          "y": 295.91040918346675,
          "z": 0
        },
        {
          "x": 1025.4557360339024,
          "y": 532.5981840511444,
          "z": 0
        }
      ],
      "metadata": {
        "system": {
          "attributes": {},
          "automated": false,
          "clientId": "c85ed568-edda-4b8b-9dba-b2958e70e82b",
          "coordinateVersion": "v2",
          "endFrame": 0,
          "endTime": 0,
          "frame": 0,
          "itemLinks": [],
          "objectId": "5",
          "openAnnotationVersion": "1.75.0-prod.1",
          "plottingParams": {},
          "recipeId": "6620cb3bf7dd129c3fb8e289",
          "snapshots_": [],
          "startTime": 0,
          "system": false
        },
        "user": {}
      },
      "creator": "kim.lichtenberg@wearetriple.com",
      "createdAt": "2024-04-18T12:12:20.167Z",
      "updatedBy": "kim.lichtenberg@wearetriple.com",
      "updatedAt": "2024-04-18T12:12:20.167Z",
      "hash": "8bafe2c131dfbfbe2c9d0d65ceb26123bf31af8a",
      "source": "ui"
    },
    {
      "id": "66210e248095ccee5589550c",
      "datasetId": "66210e0c0b653c71684ff7a3",
      "itemId": "66210e0e8095cc47f08947ee",
      "url": "https://gate.dataloop.ai/api/v1/annotations/66210e248095ccee5589550c",
      "item": "https://gate.dataloop.ai/api/v1/items/66210e0e8095cc47f08947ee",
      "dataset": "https://gate.dataloop.ai/api/v1/datasets/66210e0c0b653c71684ff7a3",
      "srcAnnotation": "6620ef6c72b11a7dade0d958",
      "type": "box",
      "label": "goal-bottom-right",
      "attributes": [],
      "coordinates": [
        {
          "x": 1110.1232125446336,
          "y": 381.7760335497094,
          "z": 0
        },
        {
          "x": 1410.1641719869094,
          "y": 529.577417210648,
          "z": 0
        }
      ],
      "metadata": {
        "system": {
          "attributes": {},
          "automated": false,
          "clientId": "f8509d6e-5940-4668-9e8f-7469243dd436",
          "coordinateVersion": "v2",
          "endFrame": 0,
          "endTime": 0,
          "frame": 0,
          "itemLinks": [],
          "objectId": "51",
          "openAnnotationVersion": "1.75.0-prod.1",
          "plottingParams": {},
          "recipeId": "6620cb3bf7dd129c3fb8e289",
          "snapshots_": [],
          "startTime": 0,
          "system": false
        },
        "user": {}
      },
      "creator": "kim.lichtenberg@wearetriple.com",
      "createdAt": "2024-04-18T12:12:20.110Z",
      "updatedBy": "kim.lichtenberg@wearetriple.com",
      "updatedAt": "2024-04-18T12:12:20.110Z",
      "hash": "61be121983b99653047f280051126e07f45fb5b7",
      "source": "ui"
    },
    {
      "id": "66210e248095ccf1fe895513",
      "datasetId": "66210e0c0b653c71684ff7a3",
      "itemId": "66210e0e8095cc47f08947ee",
      "url": "https://gate.dataloop.ai/api/v1/annotations/66210e248095ccf1fe895513",
      "item": "https://gate.dataloop.ai/api/v1/items/66210e0e8095cc47f08947ee",
      "dataset": "https://gate.dataloop.ai/api/v1/datasets/66210e0c0b653c71684ff7a3",
      "srcAnnotation": "66210473c7f034433d1aa586",
      "type": "box",
      "label": "circle",
      "attributes": [],
      "coordinates": [
        {
          "x": 931.3,
          "y": 757.44,
          "z": 0
        },
        {
          "x": 990.17,
          "y": 765.47,
          "z": 0
        }
      ],
      "metadata": {
        "system": {
          "attributes": {},
          "automated": false,
          "clientId": "33dcd9ba-0812-41d5-aaad-5e1492a67ce1",
          "coordinateVersion": "v2",
          "endFrame": 0,
          "endTime": 0,
          "frame": 0,
          "itemLinks": [],
          "objectId": "53",
          "openAnnotationVersion": "1.75.0-prod.1",
          "recipeId": "6620cb3bf7dd129c3fb8e289",
          "snapshots_": [],
          "startTime": 0,
          "system": false
        },
        "user": {}
      },
      "creator": "kim.lichtenberg@wearetriple.com",
      "createdAt": "2024-04-18T12:12:20.222Z",
      "updatedBy": "kim.lichtenberg@wearetriple.com",
      "updatedAt": "2024-04-18T12:12:20.222Z",
      "hash": "8b12a022d88330e3859ce674734599e6ce6247dc",
      "source": "ui"
    }
  ],
  "annotationsCount": 10,
  "annotated": true,
  "srcItem": "6620cb8da9bd205e4417e1d1",
  "srcDataset": "6620cb3b6abc12d47dfc6ce9"
}