{
  "id": "66210e0e8095cc23498947c3",
  "datasetId": "66210e0c0b653c71684ff7a3",
  "url": "https://gate.dataloop.ai/api/v1/items/66210e0e8095cc23498947c3",
  "dataset": "https://gate.dataloop.ai/api/v1/datasets/66210e0c0b653c71684ff7a3",
  "createdAt": "2024-04-18T12:11:56.516Z",
  "dir": "/part0",
  "filename": "/part0/ezgif-frame-178.jpg",
  "type": "file",
  "hidden": false,
  "metadata": {
    "system": {
      "channels": 3,
      "encoding": "7bit",
      "height": 1080,
      "isBinary": true,
      "mimetype": "image/jpeg",
      "modalities": [],
      "originalname": "ezgif-frame-178.jpg",
      "refs": [],
      "size": 55477,
      "taskStatusLog": [],
      "thumbnailId": "66210e118095cc64cb894a15",
      "width": 1920
    }
  },
  "name": "ezgif-frame-178.jpg",
  "creator": "kim.lichtenberg@wearetriple.com",
  "updatedAt": "2024-04-18T12:12:35.758Z",
  "updatedBy": "rubiks@dataloop.ai",
  "stream": "https://gate.dataloop.ai/api/v1/items/66210e0e8095cc23498947c3/stream",
  "thumbnail": "https://gate.dataloop.ai/api/v1/items/66210e0e8095cc23498947c3/thumbnail",
  "annotations": [
    {
      "id": "66210e118095cc29a1894ad5",
      "datasetId": "66210e0c0b653c71684ff7a3",
      "itemId": "66210e0e8095cc23498947c3",
      "url": "https://gate.dataloop.ai/api/v1/annotations/66210e118095cc29a1894ad5",
      "item": "https://gate.dataloop.ai/api/v1/items/66210e0e8095cc23498947c3",
      "dataset": "https://gate.dataloop.ai/api/v1/datasets/66210e0c0b653c71684ff7a3",
      "srcAnnotation": "6620fb94c7f034256c1a92ca",
      "type": "box",
      "label": "goal-top-right",
      "attributes": [],
      "coordinates": [
        {
          "x": 1109.9232072237482,
          "y": 233.5121050067239,
          "z": 0
        },
        {
          "x": 1410.2287249676674,
          "y": 381.3134886676626,
          "z": 0
        }
      ],
      "metadata": {
        "system": {
          "attributes": {},
          "automated": false,
          "clientId": "ffb02e38-2c23-46f7-8b38-bcde828ba16c",
          "coordinateVersion": "v2",
          "endFrame": 0,
          "endTime": 0,
          "frame": 0,
          "itemLinks": [],
          "objectId": "43",
          "openAnnotationVersion": "1.75.0-prod.1",
          "plottingParams": {},
          "recipeId": "6620cb3bf7dd129c3fb8e289",
          "snapshots_": [],
          "startTime": 0,
          "system": false
        },
        "user": {}
      },
      "creator": "kim.lichtenberg@wearetriple.com",
      "createdAt": "2024-04-18T12:12:01.965Z",
      "updatedBy": "kim.lichtenberg@wearetriple.com",
      "updatedAt": "2024-04-18T12:12:01.965Z",
      "hash": "9bb197a9dc9641f6e274d3a019049f180ffaa935",
      "source": "ui"
    },
    {
      "id": "66210e128095cc3e58894af9",
      "datasetId": "66210e0c0b653c71684ff7a3",
      "itemId": "66210e0e8095cc23498947c3",
      "url": "https://gate.dataloop.ai/api/v1/annotations/66210e128095cc3e58894af9",
      "item": "https://gate.dataloop.ai/api/v1/items/66210e0e8095cc23498947c3",
      "dataset": "https://gate.dataloop.ai/api/v1/datasets/66210e0c0b653c71684ff7a3",
      "srcAnnotation": "6620fb94c7f03464411a92c8",
      "type": "box",
      "label": "goalkeeper",
      "attributes": [],
      "coordinates": [
        {
          "x": 901.1411022850482,
          "y": 292.63172843742564,
          "z": 0
        },
        {
          "x": 1024.4062521140436,
          "y": 534.2105664291119,
          "z": 0
        }
      ],
      "metadata": {
        "system": {
          "attributes": {},
          "automated": false,
          "clientId": "529ca3c8-9730-471d-9273-fcd1b0c40de6",
          "coordinateVersion": "v2",
          "endFrame": 0,
          "endTime": 0,
          "frame": 0,
          "itemLinks": [],
          "objectId": "5",
          "openAnnotationVersion": "1.75.0-prod.1",
          "plottingParams": {},
          "recipeId": "6620cb3bf7dd129c3fb8e289",
          "snapshots_": [],
          "startTime": 0,
          "system": false
        },
        "user": {}
      },
      "creator": "kim.lichtenberg@wearetriple.com",
      "createdAt": "2024-04-18T12:12:02.209Z",
      "updatedBy": "kim.lichtenberg@wearetriple.com",
      "updatedAt": "2024-04-18T12:12:02.209Z",
      "hash": "8a9d5829ca9e276ed30d7fabac7d6d608407465d",
      "source": "ui"
    },
    {
      "id": "66210e128095cc5106894b5b",
      "datasetId": "66210e0c0b653c71684ff7a3",
      "itemId": "66210e0e8095cc23498947c3",
      "url": "https://gate.dataloop.ai/api/v1/annotations/66210e128095cc5106894b5b",
      "item": "https://gate.dataloop.ai/api/v1/items/66210e0e8095cc23498947c3",
      "dataset": "https://gate.dataloop.ai/api/v1/datasets/66210e0c0b653c71684ff7a3",
      "srcAnnotation": "6620fb94c7f034c73c1a92c9",
      "type": "box",
      "label": "goal-middle-up",
      "attributes": [],
      "coordinates": [
        {
          "x": 810.1311204331535,
          "y": 233.400564430087,
          "z": 0
        },
        {
          "x": 1109.6152633201598,
          "y": 381.20194809102566,
          "z": 0
        }
      ],
      "metadata": {
        "system": {
          "attributes": {},
          "automated": false,
          "clientId": "a2f1df21-3e24-4edc-a581-f0c507f2cea0",
          "coordinateVersion": "v2",
          "endFrame": 0,
          "endTime": 0,
          "frame": 0,
          "itemLinks": [],
          "objectId": "42",
          "openAnnotationVersion": "1.75.0-prod.1",
          "plottingParams": {},
          "recipeId": "6620cb3bf7dd129c3fb8e289",
          "snapshots_": [],
          "startTime": 0,
          "system": false
        },
        "user": {}
      },
      "creator": "kim.lichtenberg@wearetriple.com",
      "createdAt": "2024-04-18T12:12:02.730Z",
      "updatedBy": "kim.lichtenberg@wearetriple.com",
      "updatedAt": "2024-04-18T12:12:02.730Z",
      "hash": "db3df1526c750f04a7cfb38598fb381be5211697",
      "source": "ui"
    },
    {
      "id": "66210e128095cc544e894b1a",
      "datasetId": "66210e0c0b653c71684ff7a3",
      "itemId": "66210e0e8095cc23498947c3",
      "url": "https://gate.dataloop.ai/api/v1/annotations/66210e128095cc544e894b1a",
      "item": "https://gate.dataloop.ai/api/v1/items/66210e0e8095cc23498947c3",
      "dataset": "https://gate.dataloop.ai/api/v1/datasets/66210e0c0b653c71684ff7a3",
      "srcAnnotation": "6620fb94c7f034b3f91a92cf",
      "type": "box",
      "label": "goal-top-left",
      "attributes": [],
      "coordinates": [
        {
          "x": 509.7484670736494,
          "y": 233.36789275458096,
          "z": 0
        },
        {
          "x": 809.7894265159249,
          "y": 381.16927641551956,
          "z": 0
        }
      ],
      "metadata": {
        "system": {
          "attributes": {},
          "automated": false,
          "clientId": "e413384a-dbf5-4f88-b023-121f6c84cfe5",
          "coordinateVersion": "v2",
          "endFrame": 0,
          "endTime": 0,
          "frame": 0,
          "itemLinks": [],
          "objectId": "9",
          "openAnnotationVersion": "1.75.0-prod.1",
          "plottingParams": {},
          "recipeId": "6620cb3bf7dd129c3fb8e289",
          "snapshots_": [],
          "startTime": 0,
          "system": false
        },
        "user": {}
      },
      "creator": "kim.lichtenberg@wearetriple.com",
      "createdAt": "2024-04-18T12:12:02.412Z",
      "updatedBy": "kim.lichtenberg@wearetriple.com",
      "updatedAt": "2024-04-18T12:12:02.412Z",
      "hash": "c3a4f076704c79221e314598f1b1b46f06a6583c",
      "source": "ui"
    },
    {
      "id": "66210e128095cc5ca4894b07",
      "datasetId": "66210e0c0b653c71684ff7a3",
      "itemId": "66210e0e8095cc23498947c3",
      "url": "https://gate.dataloop.ai/api/v1/annotations/66210e128095cc5ca4894b07",
      "item": "https://gate.dataloop.ai/api/v1/items/66210e0e8095cc23498947c3",
      "dataset": "https://gate.dataloop.ai/api/v1/datasets/66210e0c0b653c71684ff7a3",
      "srcAnnotation": "6620fb94c7f034ab0b1a92ce",
      "type": "box",
      "label": "football",
      "attributes": [],
      "coordinates": [
        {
          "x": 930.3359165151602,
          "y": 727.9851578849152,
          "z": 0
        },
        {
          "x": 985.9959165151603,
          "y": 770.435157884915,
          "z": 0
        }
      ],
      "metadata": {
        "system": {
          "attributes": {},
          "automated": false,
          "clientId": "036ec9aa-d59e-427a-8250-146d6de04b87",
          "coordinateVersion": "v2",
          "endFrame": 0,
          "endTime": 0,
          "frame": 0,
          "itemLinks": [],
          "objectId": "1",
          "openAnnotationVersion": "1.75.0-prod.1",
          "plottingParams": {},
          "recipeId": "6620cb3bf7dd129c3fb8e289",
          "snapshots_": [],
          "startTime": 0,
          "system": false
        },
        "user": {}
      },
      "creator": "kim.lichtenberg@wearetriple.com",
      "createdAt": "2024-04-18T12:12:02.313Z",
      "updatedBy": "kim.lichtenberg@wearetriple.com",
      "updatedAt": "2024-04-18T12:12:02.313Z",
      "hash": "c7fb3040d8eacef117073977136b6f680179e058",
      "source": "ui"
    },
    {
      "id": "66210e128095cc6588894ae7",
      "datasetId": "66210e0c0b653c71684ff7a3",
      "itemId": "66210e0e8095cc23498947c3",
      "url": "https://gate.dataloop.ai/api/v1/annotations/66210e128095cc6588894ae7",
      "item": "https://gate.dataloop.ai/api/v1/items/66210e0e8095cc23498947c3",
      "dataset": "https://gate.dataloop.ai/api/v1/datasets/66210e0c0b653c71684ff7a3",
      "srcAnnotation": "6620fb94c7f034321a1a92cd",
      "type": "box",
      "label": "goal-bottom-right",
      "attributes": [],
      "coordinates": [
        {
          "x": 1110.1232125446336,
          "y": 381.7760335497094,
          "z": 0
        },
        {
          "x": 1410.1641719869094,
          "y": 529.577417210648,
          "z": 0
        }
      ],
      "metadata": {
        "system": {
          "attributes": {},
          "automated": false,
          "clientId": "2a177d65-5012-4e0f-bb2e-0102da847122",
          "coordinateVersion": "v2",
          "endFrame": 0,
          "endTime": 0,
          "frame": 0,
          "itemLinks": [],
          "objectId": "51",
          "openAnnotationVersion": "1.75.0-prod.1",
          "plottingParams": {},
          "recipeId": "6620cb3bf7dd129c3fb8e289",
          "snapshots_": [],
          "startTime": 0,
          "system": false
        },
        "user": {}
      },
      "creator": "kim.lichtenberg@wearetriple.com",
      "createdAt": "2024-04-18T12:12:02.112Z",
      "updatedBy": "kim.lichtenberg@wearetriple.com",
      "updatedAt": "2024-04-18T12:12:02.112Z",
      "hash": "0f537892afdef31cabbff412001633c41b03d372",
      "source": "ui"
    },
    {
      "id": "66210e128095ccbcb0894b43",
      "datasetId": "66210e0c0b653c71684ff7a3",
      "itemId": "66210e0e8095cc23498947c3",
      "url": "https://gate.dataloop.ai/api/v1/annotations/66210e128095ccbcb0894b43",
      "item": "https://gate.dataloop.ai/api/v1/items/66210e0e8095cc23498947c3",
      "dataset": "https://gate.dataloop.ai/api/v1/datasets/66210e0c0b653c71684ff7a3",
      "srcAnnotation": "6620fb94c7f034c3a81a92c7",
      "type": "box",
      "label": "goal-middle-down",
      "attributes": [],
      "coordinates": [
        {
          "x": 810.062128965418,
          "y": 381.52566120113283,
          "z": 0
        },
        {
          "x": 1110.1030884076936,
          "y": 529.3270448620716,
          "z": 0
        }
      ],
      "metadata": {
        "system": {
          "attributes": {},
          "automated": false,
          "clientId": "9911eee7-2efb-4a04-9ec0-8008ff5c1c86",
          "coordinateVersion": "v2",
          "endFrame": 0,
          "endTime": 0,
          "frame": 0,
          "itemLinks": [],
          "objectId": "45",
          "openAnnotationVersion": "1.75.0-prod.1",
          "plottingParams": {},
          "recipeId": "6620cb3bf7dd129c3fb8e289",
          "snapshots_": [],
          "startTime": 0,
          "system": false
        },
        "user": {}
      },
      "creator": "kim.lichtenberg@wearetriple.com",
      "createdAt": "2024-04-18T12:12:02.632Z",
      "updatedBy": "kim.lichtenberg@wearetriple.com",
      "updatedAt": "2024-04-18T12:12:02.632Z",
      "hash": "a69e7f740fde8f07d7e8d987e080cb5848c9d9e0",
      "source": "ui"
    },
    {
      "id": "66210e128095ccd725894b6d",
      "datasetId": "66210e0c0b653c71684ff7a3",
      "itemId": "66210e0e8095cc23498947c3",
      "url": "https://gate.dataloop.ai/api/v1/annotations/66210e128095ccd725894b6d",
      "item": "https://gate.dataloop.ai/api/v1/items/66210e0e8095cc23498947c3",
      "dataset": "https://gate.dataloop.ai/api/v1/datasets/66210e0c0b653c71684ff7a3",
      "srcAnnotation": "6620fb94c7f034cd831a92cb",
      "type": "box",
      "label": "player",
      "attributes": [],
      "coordinates": [
        {
          "x": 513.2096226415092,
          "y": 544.8132075471699,
          "z": 0
        },
        {
          "x": 660.3409394383168,
          "y": 945.75320754717,
          "z": 0
        }
      ],
      "metadata": {
        "system": {
          "attributes": {},
          "automated": false,
          "clientId": "1c9f39c0-7a17-479e-9232-34eb2acc2d54",
          "coordinateVersion": "v2",
          "endFrame": 0,
          "endTime": 0,
          "frame": 0,
          "itemLinks": [],
          "objectId": "3",
          "openAnnotationVersion": "1.75.0-prod.1",
          "plottingParams": {},
          "recipeId": "6620cb3bf7dd129c3fb8e289",
          "snapshots_": [],
          "startTime": 0,
          "system": false
        },
        "user": {}
      },
      "creator": "kim.lichtenberg@wearetriple.com",
      "createdAt": "2024-04-18T12:12:02.834Z",
      "updatedBy": "kim.lichtenberg@wearetriple.com",
      "updatedAt": "2024-04-18T12:12:02.834Z",
      "hash": "0aa6d0cab3e96b6c0aed25084e19d8c3b23f2459",
      "source": "ui"
    },
    {
      "id": "66210e128095ccd959894b2e",
      "datasetId": "66210e0c0b653c71684ff7a3",
      "itemId": "66210e0e8095cc23498947c3",
      "url": "https://gate.dataloop.ai/api/v1/annotations/66210e128095ccd959894b2e",
      "item": "https://gate.dataloop.ai/api/v1/items/66210e0e8095cc23498947c3",
      "dataset": "https://gate.dataloop.ai/api/v1/datasets/66210e0c0b653c71684ff7a3",
      "srcAnnotation": "6620fb94c7f034bfd81a92cc",
      "type": "box",
      "label": "goal-bottom-left",
      "attributes": [],
      "coordinates": [
        {
          "x": 509.6575499411782,
          "y": 381.4565014530996,
          "z": 0
        },
        {
          "x": 809.6985093834538,
          "y": 529.2578851140381,
          "z": 0
        }
      ],
      "metadata": {
        "system": {
          "attributes": {},
          "automated": false,
          "clientId": "2642221e-6a63-407b-8280-fcec704be35f",
          "coordinateVersion": "v2",
          "endFrame": 0,
          "endTime": 0,
          "frame": 0,
          "itemLinks": [],
          "objectId": "44",
          "openAnnotationVersion": "1.75.0-prod.1",
          "plottingParams": {},
          "recipeId": "6620cb3bf7dd129c3fb8e289",
          "snapshots_": [],
          "startTime": 0,
          "system": false
        },
        "user": {}
      },
      "creator": "kim.lichtenberg@wearetriple.com",
      "createdAt": "2024-04-18T12:12:02.518Z",
      "updatedBy": "kim.lichtenberg@wearetriple.com",
      "updatedAt": "2024-04-18T12:12:02.518Z",
      "hash": "e8ff14b7892d7a6759b8f7aea67aba6b9b151c38",
      "source": "ui"
    },
    {
      "id": "66210e128095ccdd20894b82",
      "datasetId": "66210e0c0b653c71684ff7a3",
      "itemId": "66210e0e8095cc23498947c3",
      "url": "https://gate.dataloop.ai/api/v1/annotations/66210e128095ccdd20894b82",
      "item": "https://gate.dataloop.ai/api/v1/items/66210e0e8095cc23498947c3",
      "dataset": "https://gate.dataloop.ai/api/v1/datasets/66210e0c0b653c71684ff7a3",
      "srcAnnotation": "6620fe5ac7f03482101a9837",
      "type": "box",
      "label": "circle",
      "attributes": [],
      "coordinates": [
        {
          "x": 895.21,
          "y": 749.76,
          "z": 0
        },
        {
          "x": 1027.29,
          "y": 772.0699999999999,
          "z": 0
        }
      ],
      "metadata": {
        "system": {
          "attributes": {},
          "automated": false,
          "clientId": "d344d1a5-84d7-4ae0-9b0f-406872592e04",
          "coordinateVersion": "v2",
          "endFrame": 0,
          "endTime": 0,
          "frame": 0,
          "itemLinks": [],
          "objectId": "52",
          "openAnnotationVersion": "1.75.0-prod.1",
          "recipeId": "6620cb3bf7dd129c3fb8e289",
          "snapshots_": [],
          "startTime": 0,
          "system": false
        },
        "user": {}
      },
      "creator": "kim.lichtenberg@wearetriple.com",
      "createdAt": "2024-04-18T12:12:02.940Z",
      "updatedBy": "kim.lichtenberg@wearetriple.com",
      "updatedAt": "2024-04-18T12:12:02.940Z",
      "hash": "18b1ea55ad0ebd993dedde0dace4b9ebd459d877",
      "source": "ui"
    }
  ],
  "annotationsCount": 10,
  "annotated": true,
  "srcItem": "6620cb8aa62300a337c92e67",
  "srcDataset": "6620cb3b6abc12d47dfc6ce9"
}