{
  "id": "66210e0e8095cc7d9589485a",
  "datasetId": "66210e0c0b653c71684ff7a3",
  "url": "https://gate.dataloop.ai/api/v1/items/66210e0e8095cc7d9589485a",
  "dataset": "https://gate.dataloop.ai/api/v1/datasets/66210e0c0b653c71684ff7a3",
  "createdAt": "2024-04-18T12:11:56.515Z",
  "dir": "/part0",
  "filename": "/part0/ezgif-frame-183.jpg",
  "type": "file",
  "hidden": false,
  "metadata": {
    "system": {
      "channels": 3,
      "encoding": "7bit",
      "height": 1080,
      "isBinary": true,
      "mimetype": "image/jpeg",
      "modalities": [],
      "originalname": "ezgif-frame-183.jpg",
      "refs": [],
      "size": 55320,
      "taskStatusLog": [],
      "thumbnailId": "66210e108095cc75768949da",
      "width": 1920
    }
  },
  "name": "ezgif-frame-183.jpg",
  "creator": "kim.lichtenberg@wearetriple.com",
  "updatedAt": "2024-04-18T12:12:30.288Z",
  "updatedBy": "rubiks@dataloop.ai",
  "stream": "https://gate.dataloop.ai/api/v1/items/66210e0e8095cc7d9589485a/stream",
  "thumbnail": "https://gate.dataloop.ai/api/v1/items/66210e0e8095cc7d9589485a/thumbnail",
  "annotations": [
    {
      "id": "66210e238095cc05988954d9",
      "datasetId": "66210e0c0b653c71684ff7a3",
      "itemId": "66210e0e8095cc7d9589485a",
      "url": "https://gate.dataloop.ai/api/v1/annotations/66210e238095cc05988954d9",
      "item": "https://gate.dataloop.ai/api/v1/items/66210e0e8095cc7d9589485a",
      "dataset": "https://gate.dataloop.ai/api/v1/datasets/66210e0c0b653c71684ff7a3",
      "srcAnnotation": "6620fc73088a990965d3b1cb",
      "type": "box",
      "label": "goalkeeper",
      "attributes": [],
      "coordinates": [
        {
          "x": 914.3486494548595,
          "y": 296.40531334308605,
          "z": 0
        },
        {
          "x": 1037.6137992838549,
          "y": 537.9841513347723,
          "z": 0
        }
      ],
      "metadata": {
        "system": {
          "attributes": {},
          "automated": false,
          "clientId": "1c2494dc-2c45-401e-82dd-55382ed42457",
          "coordinateVersion": "v2",
          "endFrame": 0,
          "endTime": 0,
          "frame": 0,
          "itemLinks": [],
          "objectId": "5",
          "openAnnotationVersion": "1.75.0-prod.1",
          "plottingParams": {},
          "recipeId": "6620cb3bf7dd129c3fb8e289",
          "snapshots_": [],
          "startTime": 0,
          "system": false
        },
        "user": {}
      },
      "creator": "kim.lichtenberg@wearetriple.com",
      "createdAt": "2024-04-18T12:12:19.359Z",
      "updatedBy": "kim.lichtenberg@wearetriple.com",
      "updatedAt": "2024-04-18T12:12:19.359Z",
      "hash": "b859425f9def676a801bcd256c7ee8ebc0289294",
      "source": "ui"
    },
    {
      "id": "66210e238095cc063b8954fa",
      "datasetId": "66210e0c0b653c71684ff7a3",
      "itemId": "66210e0e8095cc7d9589485a",
      "url": "https://gate.dataloop.ai/api/v1/annotations/66210e238095cc063b8954fa",
      "item": "https://gate.dataloop.ai/api/v1/items/66210e0e8095cc7d9589485a",
      "dataset": "https://gate.dataloop.ai/api/v1/datasets/66210e0c0b653c71684ff7a3",
      "srcAnnotation": "6620fc73088a99f985d3b1c7",
      "type": "box",
      "label": "goal-top-right",
      "attributes": [],
      "coordinates": [
        {
          "x": 1109.9232072237482,
          "y": 233.5121050067239,
          "z": 0
        },
        {
          "x": 1410.2287249676674,
          "y": 381.3134886676626,
          "z": 0
        }
      ],
      "metadata": {
        "system": {
          "attributes": {},
          "automated": false,
          "clientId": "345ef3c5-3cbc-4a84-ac68-db4820487980",
          "coordinateVersion": "v2",
          "endFrame": 0,
          "endTime": 0,
          "frame": 0,
          "itemLinks": [],
          "objectId": "43",
          "openAnnotationVersion": "1.75.0-prod.1",
          "plottingParams": {},
          "recipeId": "6620cb3bf7dd129c3fb8e289",
          "snapshots_": [],
          "startTime": 0,
          "system": false
        },
        "user": {}
      },
      "creator": "kim.lichtenberg@wearetriple.com",
      "createdAt": "2024-04-18T12:12:19.839Z",
      "updatedBy": "kim.lichtenberg@wearetriple.com",
      "updatedAt": "2024-04-18T12:12:19.839Z",
      "hash": "9cf58f7731c9a47d3640b469786f2e0589fa7eac",
      "source": "ui"
    },
    {
      "id": "66210e238095cc16448954e1",
      "datasetId": "66210e0c0b653c71684ff7a3",
      "itemId": "66210e0e8095cc7d9589485a",
      "url": "https://gate.dataloop.ai/api/v1/annotations/66210e238095cc16448954e1",
      "item": "https://gate.dataloop.ai/api/v1/items/66210e0e8095cc7d9589485a",
      "dataset": "https://gate.dataloop.ai/api/v1/datasets/66210e0c0b653c71684ff7a3",
      "srcAnnotation": "6620fc73088a99329ed3b1cc",
      "type": "box",
      "label": "goal-middle-down",
      "attributes": [],
      "coordinates": [
        {
          "x": 810.062128965418,
          "y": 381.52566120113283,
          "z": 0
        },
        {
          "x": 1110.1030884076936,
          "y": 529.3270448620716,
          "z": 0
        }
      ],
      "metadata": {
        "system": {
          "attributes": {},
          "automated": false,
          "clientId": "b7fe6290-30b4-4408-8c95-cb939f9ddd04",
          "coordinateVersion": "v2",
          "endFrame": 0,
          "endTime": 0,
          "frame": 0,
          "itemLinks": [],
          "objectId": "45",
          "openAnnotationVersion": "1.75.0-prod.1",
          "plottingParams": {},
          "recipeId": "6620cb3bf7dd129c3fb8e289",
          "snapshots_": [],
          "startTime": 0,
          "system": false
        },
        "user": {}
      },
      "creator": "kim.lichtenberg@wearetriple.com",
      "createdAt": "2024-04-18T12:12:19.474Z",
      "updatedBy": "kim.lichtenberg@wearetriple.com",
      "updatedAt": "2024-04-18T12:12:19.474Z",
      "hash": "a619bb93aa1bc189af5c7918b6f12653c73bc194",
      "source": "ui"
    },
    {
      "id": "66210e238095cc48648954e9",
      "datasetId": "66210e0c0b653c71684ff7a3",
      "itemId": "66210e0e8095cc7d9589485a",
      "url": "https://gate.dataloop.ai/api/v1/annotations/66210e238095cc48648954e9",
      "item": "https://gate.dataloop.ai/api/v1/items/66210e0e8095cc7d9589485a",
      "dataset": "https://gate.dataloop.ai/api/v1/datasets/66210e0c0b653c71684ff7a3",
      "srcAnnotation": "6620fc73088a9975ead3b1c6",
      "type": "box",
      "label": "goal-bottom-right",
      "attributes": [],
      "coordinates": [
        {
          "x": 1110.1232125446336,
          "y": 381.7760335497094,
          "z": 0
        },
        {
          "x": 1410.1641719869094,
          "y": 529.577417210648,
          "z": 0
        }
      ],
      "metadata": {
        "system": {
          "attributes": {},
          "automated": false,
          "clientId": "1d7422ac-3ec8-426c-99f8-83ee068ce721",
          "coordinateVersion": "v2",
          "endFrame": 0,
          "endTime": 0,
          "frame": 0,
          "itemLinks": [],
          "objectId": "51",
          "openAnnotationVersion": "1.75.0-prod.1",
          "plottingParams": {},
          "recipeId": "6620cb3bf7dd129c3fb8e289",
          "snapshots_": [],
          "startTime": 0,
          "system": false
        },
        "user": {}
      },
      "creator": "kim.lichtenberg@wearetriple.com",
      "createdAt": "2024-04-18T12:12:19.597Z",
      "updatedBy": "kim.lichtenberg@wearetriple.com",
      "updatedAt": "2024-04-18T12:12:19.597Z",
      "hash": "ea3840c7b6f2cca018e36e217d988f209f64a8f6",
      "source": "ui"
    },
    {
      "id": "66210e238095cc5b818954f6",
      "datasetId": "66210e0c0b653c71684ff7a3",
      "itemId": "66210e0e8095cc7d9589485a",
      "url": "https://gate.dataloop.ai/api/v1/annotations/66210e238095cc5b818954f6",
      "item": "https://gate.dataloop.ai/api/v1/items/66210e0e8095cc7d9589485a",
      "dataset": "https://gate.dataloop.ai/api/v1/datasets/66210e0c0b653c71684ff7a3",
      "srcAnnotation": "6620fc73088a99e58bd3b1ce",
      "type": "box",
      "label": "player",
      "attributes": [],
      "coordinates": [
        {
          "x": 513.2096226415092,
          "y": 544.8132075471699,
          "z": 0
        },
        {
          "x": 660.3409394383168,
          "y": 945.75320754717,
          "z": 0
        }
      ],
      "metadata": {
        "system": {
          "attributes": {},
          "automated": false,
          "clientId": "a32e9c8f-4c1b-40d6-9d4d-fc4565e66cfe",
          "coordinateVersion": "v2",
          "endFrame": 0,
          "endTime": 0,
          "frame": 0,
          "itemLinks": [],
          "objectId": "3",
          "openAnnotationVersion": "1.75.0-prod.1",
          "plottingParams": {},
          "recipeId": "6620cb3bf7dd129c3fb8e289",
          "snapshots_": [],
          "startTime": 0,
          "system": false
        },
        "user": {}
      },
      "creator": "kim.lichtenberg@wearetriple.com",
      "createdAt": "2024-04-18T12:12:19.778Z",
      "updatedBy": "kim.lichtenberg@wearetriple.com",
      "updatedAt": "2024-04-18T12:12:19.778Z",
      "hash": "768972fc8ca039375fb80eb7e0cbed8a25e95038",
      "source": "ui"
    },
    {
      "id": "66210e238095cc76d28954ed",
      "datasetId": "66210e0c0b653c71684ff7a3",
      "itemId": "66210e0e8095cc7d9589485a",
      "url": "https://gate.dataloop.ai/api/v1/annotations/66210e238095cc76d28954ed",
      "item": "https://gate.dataloop.ai/api/v1/items/66210e0e8095cc7d9589485a",
      "dataset": "https://gate.dataloop.ai/api/v1/datasets/66210e0c0b653c71684ff7a3",
      "srcAnnotation": "6620fc73088a997a7ed3b1cf",
      "type": "box",
      "label": "goal-middle-up",
      "attributes": [],
      "coordinates": [
        {
          "x": 810.1311204331535,
          "y": 233.400564430087,
          "z": 0
        },
        {
          "x": 1109.6152633201598,
          "y": 381.20194809102566,
          "z": 0
        }
      ],
      "metadata": {
        "system": {
          "attributes": {},
          "automated": false,
          "clientId": "b4c20296-91bd-419f-89f0-8901f8bb4701",
          "coordinateVersion": "v2",
          "endFrame": 0,
          "endTime": 0,
          "frame": 0,
          "itemLinks": [],
          "objectId": "42",
          "openAnnotationVersion": "1.75.0-prod.1",
          "plottingParams": {},
          "recipeId": "6620cb3bf7dd129c3fb8e289",
          "snapshots_": [],
          "startTime": 0,
          "system": false
        },
        "user": {}
      },
      "creator": "kim.lichtenberg@wearetriple.com",
      "createdAt": "2024-04-18T12:12:19.663Z",
      "updatedBy": "kim.lichtenberg@wearetriple.com",
      "updatedAt": "2024-04-18T12:12:19.663Z",
      "hash": "e25e68d834ce0cab8f1b63243b33200467d93187",
      "source": "ui"
    },
    {
      "id": "66210e238095cc79a18954f2",
      "datasetId": "66210e0c0b653c71684ff7a3",
      "itemId": "66210e0e8095cc7d9589485a",
      "url": "https://gate.dataloop.ai/api/v1/annotations/66210e238095cc79a18954f2",
      "item": "https://gate.dataloop.ai/api/v1/items/66210e0e8095cc7d9589485a",
      "dataset": "https://gate.dataloop.ai/api/v1/datasets/66210e0c0b653c71684ff7a3",
      "srcAnnotation": "6620fc73088a998182d3b1c9",
      "type": "box",
      "label": "goal-bottom-left",
      "attributes": [],
      "coordinates": [
        {
          "x": 509.6575499411782,
          "y": 381.4565014530996,
          "z": 0
        },
        {
          "x": 809.6985093834538,
          "y": 529.2578851140381,
          "z": 0
        }
      ],
      "metadata": {
        "system": {
          "attributes": {},
          "automated": false,
          "clientId": "59142f47-f69a-40d2-96c1-b88ac7f01fc9",
          "coordinateVersion": "v2",
          "endFrame": 0,
          "endTime": 0,
          "frame": 0,
          "itemLinks": [],
          "objectId": "44",
          "openAnnotationVersion": "1.75.0-prod.1",
          "plottingParams": {},
          "recipeId": "6620cb3bf7dd129c3fb8e289",
          "snapshots_": [],
          "startTime": 0,
          "system": false
        },
        "user": {}
      },
      "creator": "kim.lichtenberg@wearetriple.com",
      "createdAt": "2024-04-18T12:12:19.715Z",
      "updatedBy": "kim.lichtenberg@wearetriple.com",
      "updatedAt": "2024-04-18T12:12:19.715Z",
      "hash": "bf6b59f84ea2ef560bffea2a7fa1796df158a8df",
      "source": "ui"
    },
    {
      "id": "66210e238095cc8f408954fe",
      "datasetId": "66210e0c0b653c71684ff7a3",
      "itemId": "66210e0e8095cc7d9589485a",
      "url": "https://gate.dataloop.ai/api/v1/annotations/66210e238095cc8f408954fe",
      "item": "https://gate.dataloop.ai/api/v1/items/66210e0e8095cc7d9589485a",
      "dataset": "https://gate.dataloop.ai/api/v1/datasets/66210e0c0b653c71684ff7a3",
      "srcAnnotation": "6620fe1c72b11a769ce0fe9b",
      "type": "box",
      "label": "circle",
      "attributes": [],
      "coordinates": [
        {
          "x": 762.26,
          "y": 716.4790038943512,
          "z": 0
        },
        {
          "x": 1168.8600000000001,
          "y": 803.3269221903755,
          "z": 0
        }
      ],
      "metadata": {
        "system": {
          "attributes": {},
          "automated": false,
          "clientId": "00381b7c-2572-48fa-8a20-14129de971f4",
          "coordinateVersion": "v2",
          "endFrame": 0,
          "endTime": 0,
          "frame": 0,
          "itemLinks": [],
          "objectId": "53",
          "openAnnotationVersion": "1.75.0-prod.1",
          "recipeId": "6620cb3bf7dd129c3fb8e289",
          "snapshots_": [],
          "startTime": 0,
          "system": false
        },
        "user": {}
      },
      "creator": "kim.lichtenberg@wearetriple.com",
      "createdAt": "2024-04-18T12:12:19.898Z",
      "updatedBy": "kim.lichtenberg@wearetriple.com",
      "updatedAt": "2024-04-18T12:12:19.898Z",
      "hash": "0b70bd8186ee87b9b48be2fd09c465b38cc24a8e",
      "source": "ui"
    },
    {
      "id": "66210e238095cca3628954dd",
      "datasetId": "66210e0c0b653c71684ff7a3",
      "itemId": "66210e0e8095cc7d9589485a",
      "url": "https://gate.dataloop.ai/api/v1/annotations/66210e238095cca3628954dd",
      "item": "https://gate.dataloop.ai/api/v1/items/66210e0e8095cc7d9589485a",
      "dataset": "https://gate.dataloop.ai/api/v1/datasets/66210e0c0b653c71684ff7a3",
      "srcAnnotation": "6620fc73088a99129ad3b1cd",
      "type": "box",
      "label": "goal-top-left",
      "attributes": [],
      "coordinates": [
        {
          "x": 509.7484670736494,
          "y": 233.36789275458096,
          "z": 0
        },
        {
          "x": 809.7894265159249,
          "y": 381.16927641551956,
          "z": 0
        }
      ],
      "metadata": {
        "system": {
          "attributes": {},
          "automated": false,
          "clientId": "dc20242a-ea76-4ffe-8712-84301fc8b5d3",
          "coordinateVersion": "v2",
          "endFrame": 0,
          "endTime": 0,
          "frame": 0,
          "itemLinks": [],
          "objectId": "9",
          "openAnnotationVersion": "1.75.0-prod.1",
          "plottingParams": {},
          "recipeId": "6620cb3bf7dd129c3fb8e289",
          "snapshots_": [],
          "startTime": 0,
          "system": false
        },
        "user": {}
      },
      "creator": "kim.lichtenberg@wearetriple.com",
      "createdAt": "2024-04-18T12:12:19.418Z",
      "updatedBy": "kim.lichtenberg@wearetriple.com",
      "updatedAt": "2024-04-18T12:12:19.418Z",
      "hash": "ad06190c70056e9c18bb4b8463b7e1a67fecc0c0",
      "source": "ui"
    },
    {
      "id": "66210e238095ccb8c58954e5",
      "datasetId": "66210e0c0b653c71684ff7a3",
      "itemId": "66210e0e8095cc7d9589485a",
      "url": "https://gate.dataloop.ai/api/v1/annotations/66210e238095ccb8c58954e5",
      "item": "https://gate.dataloop.ai/api/v1/items/66210e0e8095cc7d9589485a",
      "dataset": "https://gate.dataloop.ai/api/v1/datasets/66210e0c0b653c71684ff7a3",
      "srcAnnotation": "6620fc73088a993fc2d3b1ca",
      "type": "box",
      "label": "football",
      "attributes": [],
      "coordinates": [
        {
          "x": 930.3359165151602,
          "y": 727.9851578849152,
          "z": 0
        },
        {
          "x": 985.9959165151603,
          "y": 770.435157884915,
          "z": 0
        }
      ],
      "metadata": {
        "system": {
          "attributes": {},
          "automated": false,
          "clientId": "af313404-889f-490c-b131-27dc19861138",
          "coordinateVersion": "v2",
          "endFrame": 0,
          "endTime": 0,
          "frame": 0,
          "itemLinks": [],
          "objectId": "1",
          "openAnnotationVersion": "1.75.0-prod.1",
          "plottingParams": {},
          "recipeId": "6620cb3bf7dd129c3fb8e289",
          "snapshots_": [],
          "startTime": 0,
          "system": false
        },
        "user": {}
      },
      "creator": "kim.lichtenberg@wearetriple.com",
      "createdAt": "2024-04-18T12:12:19.534Z",
      "updatedBy": "kim.lichtenberg@wearetriple.com",
      "updatedAt": "2024-04-18T12:12:19.534Z",
      "hash": "2e71e00345896882c81b4fb8738edaab1f0127af",
      "source": "ui"
    }
  ],
  "annotationsCount": 10,
  "annotated": true,
  "srcItem": "6620cb8a2e841d318818c554",
  "srcDataset": "6620cb3b6abc12d47dfc6ce9"
}