{
  "id": "66210e0e8095cc4e2c8947cf",
  "datasetId": "66210e0c0b653c71684ff7a3",
  "url": "https://gate.dataloop.ai/api/v1/items/66210e0e8095cc4e2c8947cf",
  "dataset": "https://gate.dataloop.ai/api/v1/datasets/66210e0c0b653c71684ff7a3",
  "createdAt": "2024-04-18T12:11:56.519Z",
  "dir": "/part0",
  "filename": "/part0/ezgif-frame-195.jpg",
  "type": "file",
  "hidden": false,
  "metadata": {
    "system": {
      "channels": 3,
      "encoding": "7bit",
      "height": 1080,
      "isBinary": true,
      "mimetype": "image/jpeg",
      "modalities": [],
      "originalname": "ezgif-frame-195.jpg",
      "refs": [],
      "size": 54511,
      "taskStatusLog": [],
      "thumbnailId": "66210e108095cc4d548949c8",
      "width": 1920
    }
  },
  "name": "ezgif-frame-195.jpg",
  "creator": "kim.lichtenberg@wearetriple.com",
  "updatedAt": "2024-04-18T12:12:36.339Z",
  "updatedBy": "rubiks@dataloop.ai",
  "stream": "https://gate.dataloop.ai/api/v1/items/66210e0e8095cc4e2c8947cf/stream",
  "thumbnail": "https://gate.dataloop.ai/api/v1/items/66210e0e8095cc4e2c8947cf/thumbnail",
  "annotations": [
    {
      "id": "66210e228095cc032d89549a",
      "datasetId": "66210e0c0b653c71684ff7a3",
      "itemId": "66210e0e8095cc4e2c8947cf",
      "url": "https://gate.dataloop.ai/api/v1/annotations/66210e228095cc032d89549a",
      "item": "https://gate.dataloop.ai/api/v1/items/66210e0e8095cc4e2c8947cf",
      "dataset": "https://gate.dataloop.ai/api/v1/datasets/66210e0c0b653c71684ff7a3",
      "srcAnnotation": "6620ef78088a9928c1d38ad4",
      "type": "box",
      "label": "goal-bottom-right",
      "attributes": [],
      "coordinates": [
        {
          "x": 1110.1232125446336,
          "y": 381.7760335497094,
          "z": 0
        },
        {
          "x": 1410.1641719869094,
          "y": 529.577417210648,
          "z": 0
        }
      ],
      "metadata": {
        "system": {
          "attributes": {},
          "automated": false,
          "clientId": "e6816ad4-10fe-4b51-b5a0-0cf2c4143f2a",
          "coordinateVersion": "v2",
          "endFrame": 0,
          "endTime": 0,
          "frame": 0,
          "itemLinks": [],
          "objectId": "51",
          "openAnnotationVersion": "1.75.0-prod.1",
          "plottingParams": {},
          "recipeId": "6620cb3bf7dd129c3fb8e289",
          "snapshots_": [],
          "startTime": 0,
          "system": false
        },
        "user": {}
      },
      "creator": "kim.lichtenberg@wearetriple.com",
      "createdAt": "2024-04-18T12:12:18.411Z",
      "updatedBy": "kim.lichtenberg@wearetriple.com",
      "updatedAt": "2024-04-18T12:12:18.411Z",
      "hash": "520adb3946a49f274555ab03a08aa4e5a55f1174",
      "source": "ui"
    },
    {
      "id": "66210e228095cc0815895492",
      "datasetId": "66210e0c0b653c71684ff7a3",
      "itemId": "66210e0e8095cc4e2c8947cf",
      "url": "https://gate.dataloop.ai/api/v1/annotations/66210e228095cc0815895492",
      "item": "https://gate.dataloop.ai/api/v1/items/66210e0e8095cc4e2c8947cf",
      "dataset": "https://gate.dataloop.ai/api/v1/datasets/66210e0c0b653c71684ff7a3",
      "srcAnnotation": "6620ef78088a990388d38ad3",
      "type": "box",
      "label": "goal-middle-down",
      "attributes": [],
      "coordinates": [
        {
          "x": 810.062128965418,
          "y": 381.52566120113283,
          "z": 0
        },
        {
          "x": 1110.1030884076936,
          "y": 529.3270448620716,
          "z": 0
        }
      ],
      "metadata": {
        "system": {
          "attributes": {},
          "automated": false,
          "clientId": "f070d8d6-051e-4302-a169-b2cf33396c9a",
          "coordinateVersion": "v2",
          "endFrame": 0,
          "endTime": 0,
          "frame": 0,
          "itemLinks": [],
          "objectId": "45",
          "openAnnotationVersion": "1.75.0-prod.1",
          "plottingParams": {},
          "recipeId": "6620cb3bf7dd129c3fb8e289",
          "snapshots_": [],
          "startTime": 0,
          "system": false
        },
        "user": {}
      },
      "creator": "kim.lichtenberg@wearetriple.com",
      "createdAt": "2024-04-18T12:12:18.277Z",
      "updatedBy": "kim.lichtenberg@wearetriple.com",
      "updatedAt": "2024-04-18T12:12:18.277Z",
      "hash": "bbe584ec7de911ffe7f220685ad1919aee3fda96",
      "source": "ui"
    },
    {
      "id": "66210e228095cc08738954b3",
      "datasetId": "66210e0c0b653c71684ff7a3",
      "itemId": "66210e0e8095cc4e2c8947cf",
      "url": "https://gate.dataloop.ai/api/v1/annotations/66210e228095cc08738954b3",
      "item": "https://gate.dataloop.ai/api/v1/items/66210e0e8095cc4e2c8947cf",
      "dataset": "https://gate.dataloop.ai/api/v1/datasets/66210e0c0b653c71684ff7a3",
      "srcAnnotation": "6620ef78088a99e3a4d38ad2",
      "type": "box",
      "label": "football",
      "attributes": [],
      "coordinates": [
        {
          "x": 933.1661051944053,
          "y": 727.9851578849152,
          "z": 0
        },
        {
          "x": 988.8261051944053,
          "y": 770.4351578849152,
          "z": 0
        }
      ],
      "metadata": {
        "system": {
          "attributes": {},
          "automated": false,
          "clientId": "e9044b51-6247-4cb0-b97d-4bb874747519",
          "coordinateVersion": "v2",
          "endFrame": 0,
          "endTime": 0,
          "frame": 0,
          "itemLinks": [],
          "objectId": "1",
          "openAnnotationVersion": "1.75.0-prod.1",
          "plottingParams": {},
          "recipeId": "6620cb3bf7dd129c3fb8e289",
          "snapshots_": [],
          "startTime": 0,
          "system": false
        },
        "user": {}
      },
      "creator": "kim.lichtenberg@wearetriple.com",
      "createdAt": "2024-04-18T12:12:18.782Z",
      "updatedBy": "kim.lichtenberg@wearetriple.com",
      "updatedAt": "2024-04-18T12:12:18.782Z",
      "hash": "72fdbb6e1282a0963c295f58b429c5512926e0e7",
      "source": "ui"
    },
    {
      "id": "66210e228095cc19888954af",
      "datasetId": "66210e0c0b653c71684ff7a3",
      "itemId": "66210e0e8095cc4e2c8947cf",
      "url": "https://gate.dataloop.ai/api/v1/annotations/66210e228095cc19888954af",
      "item": "https://gate.dataloop.ai/api/v1/items/66210e0e8095cc4e2c8947cf",
      "dataset": "https://gate.dataloop.ai/api/v1/datasets/66210e0c0b653c71684ff7a3",
      "srcAnnotation": "6620ef78088a99d2c3d38ad1",
      "type": "box",
      "label": "goal-top-left",
      "attributes": [],
      "coordinates": [
        {
          "x": 509.7484670736494,
          "y": 233.36789275458096,
          "z": 0
        },
        {
          "x": 809.7894265159249,
          "y": 381.16927641551956,
          "z": 0
        }
      ],
      "metadata": {
        "system": {
          "attributes": {},
          "automated": false,
          "clientId": "0c9b79aa-6062-4905-975a-c64667929836",
          "coordinateVersion": "v2",
          "endFrame": 0,
          "endTime": 0,
          "frame": 0,
          "itemLinks": [],
          "objectId": "9",
          "openAnnotationVersion": "1.75.0-prod.1",
          "plottingParams": {},
          "recipeId": "6620cb3bf7dd129c3fb8e289",
          "snapshots_": [],
          "startTime": 0,
          "system": false
        },
        "user": {}
      },
      "creator": "kim.lichtenberg@wearetriple.com",
      "createdAt": "2024-04-18T12:12:18.721Z",
      "updatedBy": "kim.lichtenberg@wearetriple.com",
      "updatedAt": "2024-04-18T12:12:18.721Z",
      "hash": "0376974ab38ffe1a9f3958ff69a8ee2f9b4924fa",
      "source": "ui"
    },
    {
      "id": "66210e228095cc1ae88954a2",
      "datasetId": "66210e0c0b653c71684ff7a3",
      "itemId": "66210e0e8095cc4e2c8947cf",
      "url": "https://gate.dataloop.ai/api/v1/annotations/66210e228095cc1ae88954a2",
      "item": "https://gate.dataloop.ai/api/v1/items/66210e0e8095cc4e2c8947cf",
      "dataset": "https://gate.dataloop.ai/api/v1/datasets/66210e0c0b653c71684ff7a3",
      "srcAnnotation": "6620ef78088a995e98d38acf",
      "type": "box",
      "label": "goal-top-right",
      "attributes": [],
      "coordinates": [
        {
          "x": 1109.9232072237482,
          "y": 233.5121050067239,
          "z": 0
        },
        {
          "x": 1410.2287249676674,
          "y": 381.3134886676626,
          "z": 0
        }
      ],
      "metadata": {
        "system": {
          "attributes": {},
          "automated": false,
          "clientId": "26444e00-2fd0-4e56-a0e2-d0b5f32d6a65",
          "coordinateVersion": "v2",
          "endFrame": 0,
          "endTime": 0,
          "frame": 0,
          "itemLinks": [],
          "objectId": "43",
          "openAnnotationVersion": "1.75.0-prod.1",
          "plottingParams": {},
          "recipeId": "6620cb3bf7dd129c3fb8e289",
          "snapshots_": [],
          "startTime": 0,
          "system": false
        },
        "user": {}
      },
      "creator": "kim.lichtenberg@wearetriple.com",
      "createdAt": "2024-04-18T12:12:18.536Z",
      "updatedBy": "kim.lichtenberg@wearetriple.com",
      "updatedAt": "2024-04-18T12:12:18.536Z",
      "hash": "71e9f2f4ddecc92bd56cdf69cfb1f88715d40c53",
      "source": "ui"
    },
    {
      "id": "66210e228095cc36af8954a6",
      "datasetId": "66210e0c0b653c71684ff7a3",
      "itemId": "66210e0e8095cc4e2c8947cf",
      "url": "https://gate.dataloop.ai/api/v1/annotations/66210e228095cc36af8954a6",
      "item": "https://gate.dataloop.ai/api/v1/items/66210e0e8095cc4e2c8947cf",
      "dataset": "https://gate.dataloop.ai/api/v1/datasets/66210e0c0b653c71684ff7a3",
      "srcAnnotation": "6620ef78088a99773bd38ace",
      "type": "box",
      "label": "goal-bottom-left",
      "attributes": [],
      "coordinates": [
        {
          "x": 509.6575499411782,
          "y": 381.4565014530996,
          "z": 0
        },
        {
          "x": 809.6985093834538,
          "y": 529.2578851140381,
          "z": 0
        }
      ],
      "metadata": {
        "system": {
          "attributes": {},
          "automated": false,
          "clientId": "5eebbf84-4202-46f7-8fbe-904133647235",
          "coordinateVersion": "v2",
          "endFrame": 0,
          "endTime": 0,
          "frame": 0,
          "itemLinks": [],
          "objectId": "44",
          "openAnnotationVersion": "1.75.0-prod.1",
          "plottingParams": {},
          "recipeId": "6620cb3bf7dd129c3fb8e289",
          "snapshots_": [],
          "startTime": 0,
          "system": false
        },
        "user": {}
      },
      "creator": "kim.lichtenberg@wearetriple.com",
      "createdAt": "2024-04-18T12:12:18.600Z",
      "updatedBy": "kim.lichtenberg@wearetriple.com",
      "updatedAt": "2024-04-18T12:12:18.600Z",
      "hash": "3e5d5d7b3a9e611f1f285130a8e38cdc55b29434",
      "source": "ui"
    },
    {
      "id": "66210e228095cc66538954aa",
      "datasetId": "66210e0c0b653c71684ff7a3",
      "itemId": "66210e0e8095cc4e2c8947cf",
      "url": "https://gate.dataloop.ai/api/v1/annotations/66210e228095cc66538954aa",
      "item": "https://gate.dataloop.ai/api/v1/items/66210e0e8095cc4e2c8947cf",
      "dataset": "https://gate.dataloop.ai/api/v1/datasets/66210e0c0b653c71684ff7a3",
      "srcAnnotation": "6620ef78088a99c061d38ad0",
      "type": "box",
      "label": "player",
      "attributes": [],
      "coordinates": [
        {
          "x": 513.2096226415092,
          "y": 544.8132075471699,
          "z": 0
        },
        {
          "x": 660.3409394383168,
          "y": 945.75320754717,
          "z": 0
        }
      ],
      "metadata": {
        "system": {
          "attributes": {},
          "automated": false,
          "clientId": "6802f722-195d-448f-b2b8-b3f7963bdb5e",
          "coordinateVersion": "v2",
          "endFrame": 0,
          "endTime": 0,
          "frame": 0,
          "itemLinks": [],
          "objectId": "3",
          "openAnnotationVersion": "1.75.0-prod.1",
          "plottingParams": {},
          "recipeId": "6620cb3bf7dd129c3fb8e289",
          "snapshots_": [],
          "startTime": 0,
          "system": false
        },
        "user": {}
      },
      "creator": "kim.lichtenberg@wearetriple.com",
      "createdAt": "2024-04-18T12:12:18.657Z",
      "updatedBy": "kim.lichtenberg@wearetriple.com",
      "updatedAt": "2024-04-18T12:12:18.657Z",
      "hash": "402c571ce15f1238ebdb4c5b6e540ab0ad75e2ae",
      "source": "ui"
    },
    {
      "id": "66210e228095cc67728954b7",
      "datasetId": "66210e0c0b653c71684ff7a3",
      "itemId": "66210e0e8095cc4e2c8947cf",
      "url": "https://gate.dataloop.ai/api/v1/annotations/66210e228095cc67728954b7",
      "item": "https://gate.dataloop.ai/api/v1/items/66210e0e8095cc4e2c8947cf",
      "dataset": "https://gate.dataloop.ai/api/v1/datasets/66210e0c0b653c71684ff7a3",
      "srcAnnotation": "6621044c088a9983fed3cb2d",
      "type": "box",
      "label": "circle",
      "attributes": [],
      "coordinates": [
        {
          "x": 930.91,
          "y": 754.93,
          "z": 0
        },
        {
          "x": 993.51,
          "y": 767.92,
          "z": 0
        }
      ],
      "metadata": {
        "system": {
          "attributes": {},
          "automated": false,
          "clientId": "73728dd9-b0c0-47f6-a9fb-82f9091aeb70",
          "coordinateVersion": "v2",
          "endFrame": 0,
          "endTime": 0,
          "frame": 0,
          "itemLinks": [],
          "objectId": "53",
          "openAnnotationVersion": "1.75.0-prod.1",
          "recipeId": "6620cb3bf7dd129c3fb8e289",
          "snapshots_": [],
          "startTime": 0,
          "system": false
        },
        "user": {}
      },
      "creator": "kim.lichtenberg@wearetriple.com",
      "createdAt": "2024-04-18T12:12:18.843Z",
      "updatedBy": "kim.lichtenberg@wearetriple.com",
      "updatedAt": "2024-04-18T12:12:18.843Z",
      "hash": "99f8f6712d7c438216da68e4f637067d22fa43c5",
      "source": "ui"
    },
    {
      "id": "66210e228095cc7cb0895496",
      "datasetId": "66210e0c0b653c71684ff7a3",
      "itemId": "66210e0e8095cc4e2c8947cf",
      "url": "https://gate.dataloop.ai/api/v1/annotations/66210e228095cc7cb0895496",
      "item": "https://gate.dataloop.ai/api/v1/items/66210e0e8095cc4e2c8947cf",
      "dataset": "https://gate.dataloop.ai/api/v1/datasets/66210e0c0b653c71684ff7a3",
      "srcAnnotation": "6620ef78088a990aaed38acd",
      "type": "box",
      "label": "goalkeeper",
      "attributes": [],
      "coordinates": [
        {
          "x": 894.3734970244861,
          "y": 295.91040918346675,
          "z": 0
        },
        {
          "x": 1025.4557360339024,
          "y": 532.5981840511444,
          "z": 0
        }
      ],
      "metadata": {
        "system": {
          "attributes": {},
          "automated": false,
          "clientId": "bcb1fd7b-8d04-4967-b11e-12d23514fe02",
          "coordinateVersion": "v2",
          "endFrame": 0,
          "endTime": 0,
          "frame": 0,
          "itemLinks": [],
          "objectId": "5",
          "openAnnotationVersion": "1.75.0-prod.1",
          "plottingParams": {},
          "recipeId": "6620cb3bf7dd129c3fb8e289",
          "snapshots_": [],
          "startTime": 0,
          "system": false
        },
        "user": {}
      },
      "creator": "kim.lichtenberg@wearetriple.com",
      "createdAt": "2024-04-18T12:12:18.348Z",
      "updatedBy": "kim.lichtenberg@wearetriple.com",
      "updatedAt": "2024-04-18T12:12:18.348Z",
      "hash": "e3f3a6d721fe1d7b9b5fc0bd37d7c5bcb6b04dff",
      "source": "ui"
    },
    {
      "id": "66210e228095cc861489549e",
      "datasetId": "66210e0c0b653c71684ff7a3",
      "itemId": "66210e0e8095cc4e2c8947cf",
      "url": "https://gate.dataloop.ai/api/v1/annotations/66210e228095cc861489549e",
      "item": "https://gate.dataloop.ai/api/v1/items/66210e0e8095cc4e2c8947cf",
      "dataset": "https://gate.dataloop.ai/api/v1/datasets/66210e0c0b653c71684ff7a3",
      "srcAnnotation": "6620ef78088a9947a6d38acc",
      "type": "box",
      "label": "goal-middle-up",
      "attributes": [],
      "coordinates": [
        {
          "x": 810.1311204331535,
          "y": 233.400564430087,
          "z": 0
        },
        {
          "x": 1109.6152633201598,
          "y": 381.20194809102566,
          "z": 0
        }
      ],
      "metadata": {
        "system": {
          "attributes": {},
          "automated": false,
          "clientId": "856cb282-b3e9-45dc-9382-9553055e8578",
          "coordinateVersion": "v2",
          "endFrame": 0,
          "endTime": 0,
          "frame": 0,
          "itemLinks": [],
          "objectId": "42",
          "openAnnotationVersion": "1.75.0-prod.1",
          "plottingParams": {},
          "recipeId": "6620cb3bf7dd129c3fb8e289",
          "snapshots_": [],
          "startTime": 0,
          "system": false
        },
        "user": {}
      },
      "creator": "kim.lichtenberg@wearetriple.com",
      "createdAt": "2024-04-18T12:12:18.471Z",
      "updatedBy": "kim.lichtenberg@wearetriple.com",
      "updatedAt": "2024-04-18T12:12:18.471Z",
      "hash": "bd9c9746083809948d033206831109fd4c12259c",
      "source": "ui"
    }
  ],
  "annotationsCount": 10,
  "annotated": true,
  "srcItem": "6620cb8da6230056fec92e8a",
  "srcDataset": "6620cb3b6abc12d47dfc6ce9"
}