{
  "id": "66210e0f8095cc0647894896",
  "datasetId": "66210e0c0b653c71684ff7a3",
  "url": "https://gate.dataloop.ai/api/v1/items/66210e0f8095cc0647894896",
  "dataset": "https://gate.dataloop.ai/api/v1/datasets/66210e0c0b653c71684ff7a3",
  "createdAt": "2024-04-18T12:11:56.515Z",
  "dir": "/part0",
  "filename": "/part0/ezgif-frame-181.jpg",
  "type": "file",
  "hidden": false,
  "metadata": {
    "system": {
      "channels": 3,
      "encoding": "7bit",
      "height": 1080,
      "isBinary": true,
      "mimetype": "image/jpeg",
      "modalities": [],
      "originalname": "ezgif-frame-181.jpg",
      "refs": [],
      "size": 56470,
      "taskStatusLog": [],
      "thumbnailId": "66210e108095cc28df8949fb",
      "width": 1920
    }
  },
  "name": "ezgif-frame-181.jpg",
  "creator": "kim.lichtenberg@wearetriple.com",
  "updatedAt": "2024-04-18T12:12:30.382Z",
  "updatedBy": "rubiks@dataloop.ai",
  "stream": "https://gate.dataloop.ai/api/v1/items/66210e0f8095cc0647894896/stream",
  "thumbnail": "https://gate.dataloop.ai/api/v1/items/66210e0f8095cc0647894896/thumbnail",
  "annotations": [
    {
      "id": "66210e248095cc0aa4895546",
      "datasetId": "66210e0c0b653c71684ff7a3",
      "itemId": "66210e0f8095cc0647894896",
      "url": "https://gate.dataloop.ai/api/v1/annotations/66210e248095cc0aa4895546",
      "item": "https://gate.dataloop.ai/api/v1/items/66210e0f8095cc0647894896",
      "dataset": "https://gate.dataloop.ai/api/v1/datasets/66210e0c0b653c71684ff7a3",
      "srcAnnotation": "6620fbc2a2379860d6115ef5",
      "type": "box",
      "label": "goal-bottom-right",
      "attributes": [],
      "coordinates": [
        {
          "x": 1110.1232125446336,
          "y": 381.7760335497094,
          "z": 0
        },
        {
          "x": 1410.1641719869094,
          "y": 529.577417210648,
          "z": 0
        }
      ],
      "metadata": {
        "system": {
          "attributes": {},
          "automated": false,
          "clientId": "ed8f6640-9333-4c15-bbbb-c4818d81864b",
          "coordinateVersion": "v2",
          "endFrame": 0,
          "endTime": 0,
          "frame": 0,
          "itemLinks": [],
          "objectId": "51",
          "openAnnotationVersion": "1.75.0-prod.1",
          "plottingParams": {},
          "recipeId": "6620cb3bf7dd129c3fb8e289",
          "snapshots_": [],
          "startTime": 0,
          "system": false
        },
        "user": {}
      },
      "creator": "kim.lichtenberg@wearetriple.com",
      "createdAt": "2024-04-18T12:12:20.942Z",
      "updatedBy": "kim.lichtenberg@wearetriple.com",
      "updatedAt": "2024-04-18T12:12:20.942Z",
      "hash": "9719f27bb554c5ed47a8b3381573d5439acf904f",
      "source": "ui"
    },
    {
      "id": "66210e248095cc56fa89553b",
      "datasetId": "66210e0c0b653c71684ff7a3",
      "itemId": "66210e0f8095cc0647894896",
      "url": "https://gate.dataloop.ai/api/v1/annotations/66210e248095cc56fa89553b",
      "item": "https://gate.dataloop.ai/api/v1/items/66210e0f8095cc0647894896",
      "dataset": "https://gate.dataloop.ai/api/v1/datasets/66210e0c0b653c71684ff7a3",
      "srcAnnotation": "6620fbc2a237981bc9115ef0",
      "type": "box",
      "label": "player",
      "attributes": [],
      "coordinates": [
        {
          "x": 513.2096226415092,
          "y": 544.8132075471699,
          "z": 0
        },
        {
          "x": 660.3409394383168,
          "y": 945.75320754717,
          "z": 0
        }
      ],
      "metadata": {
        "system": {
          "attributes": {},
          "automated": false,
          "clientId": "079bf063-1ee9-47f2-a50f-962c69331c5d",
          "coordinateVersion": "v2",
          "endFrame": 0,
          "endTime": 0,
          "frame": 0,
          "itemLinks": [],
          "objectId": "3",
          "openAnnotationVersion": "1.75.0-prod.1",
          "plottingParams": {},
          "recipeId": "6620cb3bf7dd129c3fb8e289",
          "snapshots_": [],
          "startTime": 0,
          "system": false
        },
        "user": {}
      },
      "creator": "kim.lichtenberg@wearetriple.com",
      "createdAt": "2024-04-18T12:12:20.768Z",
      "updatedBy": "kim.lichtenberg@wearetriple.com",
      "updatedAt": "2024-04-18T12:12:20.768Z",
      "hash": "2b753417b96bf710c122d735b2ac64def42c2594",
      "source": "ui"
    },
    {
      "id": "66210e248095cc92f389553f",
      "datasetId": "66210e0c0b653c71684ff7a3",
      "itemId": "66210e0f8095cc0647894896",
      "url": "https://gate.dataloop.ai/api/v1/annotations/66210e248095cc92f389553f",
      "item": "https://gate.dataloop.ai/api/v1/items/66210e0f8095cc0647894896",
      "dataset": "https://gate.dataloop.ai/api/v1/datasets/66210e0c0b653c71684ff7a3",
      "srcAnnotation": "6620fbc2a23798385d115ef3",
      "type": "box",
      "label": "goal-middle-down",
      "attributes": [],
      "coordinates": [
        {
          "x": 810.062128965418,
          "y": 381.52566120113283,
          "z": 0
        },
        {
          "x": 1110.1030884076936,
          "y": 529.3270448620716,
          "z": 0
        }
      ],
      "metadata": {
        "system": {
          "attributes": {},
          "automated": false,
          "clientId": "83e0b0cd-19ef-4342-93c3-9354d2e08d6b",
          "coordinateVersion": "v2",
          "endFrame": 0,
          "endTime": 0,
          "frame": 0,
          "itemLinks": [],
          "objectId": "45",
          "openAnnotationVersion": "1.75.0-prod.1",
          "plottingParams": {},
          "recipeId": "6620cb3bf7dd129c3fb8e289",
          "snapshots_": [],
          "startTime": 0,
          "system": false
        },
        "user": {}
      },
      "creator": "kim.lichtenberg@wearetriple.com",
      "createdAt": "2024-04-18T12:12:20.826Z",
      "updatedBy": "kim.lichtenberg@wearetriple.com",
      "updatedAt": "2024-04-18T12:12:20.826Z",
      "hash": "d17f3e5ffb9f6d96200014cd238b8aaf0e4223e1",
      "source": "ui"
    },
    {
      "id": "66210e248095cce796895537",
      "datasetId": "66210e0c0b653c71684ff7a3",
      "itemId": "66210e0f8095cc0647894896",
      "url": "https://gate.dataloop.ai/api/v1/annotations/66210e248095cce796895537",
      "item": "https://gate.dataloop.ai/api/v1/items/66210e0f8095cc0647894896",
      "dataset": "https://gate.dataloop.ai/api/v1/datasets/66210e0c0b653c71684ff7a3",
      "srcAnnotation": "6620fbc2a237981418115eee",
      "type": "box",
      "label": "goal-middle-up",
      "attributes": [],
      "coordinates": [
        {
          "x": 810.1311204331535,
          "y": 233.400564430087,
          "z": 0
        },
        {
          "x": 1109.6152633201598,
          "y": 381.20194809102566,
          "z": 0
        }
      ],
      "metadata": {
        "system": {
          "attributes": {},
          "automated": false,
          "clientId": "9cc7c954-f7d8-4b32-9061-74f21a658ea8",
          "coordinateVersion": "v2",
          "endFrame": 0,
          "endTime": 0,
          "frame": 0,
          "itemLinks": [],
          "objectId": "42",
          "openAnnotationVersion": "1.75.0-prod.1",
          "plottingParams": {},
          "recipeId": "6620cb3bf7dd129c3fb8e289",
          "snapshots_": [],
          "startTime": 0,
          "system": false
        },
        "user": {}
      },
      "creator": "kim.lichtenberg@wearetriple.com",
      "createdAt": "2024-04-18T12:12:20.710Z",
      "updatedBy": "kim.lichtenberg@wearetriple.com",
      "updatedAt": "2024-04-18T12:12:20.710Z",
      "hash": "fd8e8e022ed9b09d9361b724fdd7b81666da2da4",
      "source": "ui"
    },
    {
      "id": "66210e248095ccffb6895543",
      "datasetId": "66210e0c0b653c71684ff7a3",
      "itemId": "66210e0f8095cc0647894896",
      "url": "https://gate.dataloop.ai/api/v1/annotations/66210e248095ccffb6895543",
      "item": "https://gate.dataloop.ai/api/v1/items/66210e0f8095cc0647894896",
      "dataset": "https://gate.dataloop.ai/api/v1/datasets/66210e0c0b653c71684ff7a3",
      "srcAnnotation": "6620fbc2a237984a03115eef",
      "type": "box",
      "label": "goal-top-right",
      "attributes": [],
      "coordinates": [
        {
          "x": 1109.9232072237482,
          "y": 233.5121050067239,
          "z": 0
        },
        {
          "x": 1410.2287249676674,
          "y": 381.3134886676626,
          "z": 0
        }
      ],
      "metadata": {
        "system": {
          "attributes": {},
          "automated": false,
          "clientId": "f6b14b28-89a5-4d25-8588-5d9c3ea9db15",
          "coordinateVersion": "v2",
          "endFrame": 0,
          "endTime": 0,
          "frame": 0,
          "itemLinks": [],
          "objectId": "43",
          "openAnnotationVersion": "1.75.0-prod.1",
          "plottingParams": {},
          "recipeId": "6620cb3bf7dd129c3fb8e289",
          "snapshots_": [],
          "startTime": 0,
          "system": false
        },
        "user": {}
      },
      "creator": "kim.lichtenberg@wearetriple.com",
      "createdAt": "2024-04-18T12:12:20.884Z",
      "updatedBy": "kim.lichtenberg@wearetriple.com",
      "updatedAt": "2024-04-18T12:12:20.884Z",
      "hash": "dc1576fbe6d010891d68501d16d2a5b71d9801e3",
      "source": "ui"
    },
    {
      "id": "66210e258095cc439289554b",
      "datasetId": "66210e0c0b653c71684ff7a3",
      "itemId": "66210e0f8095cc0647894896",
      "url": "https://gate.dataloop.ai/api/v1/annotations/66210e258095cc439289554b",
      "item": "https://gate.dataloop.ai/api/v1/items/66210e0f8095cc0647894896",
      "dataset": "https://gate.dataloop.ai/api/v1/datasets/66210e0c0b653c71684ff7a3",
      "srcAnnotation": "6620fbc2a237987745115ef6",
      "type": "box",
      "label": "goalkeeper",
      "attributes": [],
      "coordinates": [
        {
          "x": 914.3486494548595,
          "y": 296.40531334308605,
          "z": 0
        },
        {
          "x": 1037.6137992838549,
          "y": 537.9841513347723,
          "z": 0
        }
      ],
      "metadata": {
        "system": {
          "attributes": {},
          "automated": false,
          "clientId": "610f76bb-2fcf-42dc-b4d4-43ff0efe8c81",
          "coordinateVersion": "v2",
          "endFrame": 0,
          "endTime": 0,
          "frame": 0,
          "itemLinks": [],
          "objectId": "5",
          "openAnnotationVersion": "1.75.0-prod.1",
          "plottingParams": {},
          "recipeId": "6620cb3bf7dd129c3fb8e289",
          "snapshots_": [],
          "startTime": 0,
          "system": false
        },
        "user": {}
      },
      "creator": "kim.lichtenberg@wearetriple.com",
      "createdAt": "2024-04-18T12:12:21.008Z",
      "updatedBy": "kim.lichtenberg@wearetriple.com",
      "updatedAt": "2024-04-18T12:12:21.008Z",
      "hash": "5626be9b27fac90ff97f76f77dcd010dc9b3f238",
      "source": "ui"
    },
    {
      "id": "66210e258095cc8bef895556",
      "datasetId": "66210e0c0b653c71684ff7a3",
      "itemId": "66210e0f8095cc0647894896",
      "url": "https://gate.dataloop.ai/api/v1/annotations/66210e258095cc8bef895556",
      "item": "https://gate.dataloop.ai/api/v1/items/66210e0f8095cc0647894896",
      "dataset": "https://gate.dataloop.ai/api/v1/datasets/66210e0c0b653c71684ff7a3",
      "srcAnnotation": "6620fbc2a23798ff00115ef4",
      "type": "box",
      "label": "football",
      "attributes": [],
      "coordinates": [
        {
          "x": 930.3359165151602,
          "y": 727.9851578849152,
          "z": 0
        },
        {
          "x": 985.9959165151603,
          "y": 770.435157884915,
          "z": 0
        }
      ],
      "metadata": {
        "system": {
          "attributes": {},
          "automated": false,
          "clientId": "933d0af8-3816-4526-8649-56ff51dd6670",
          "coordinateVersion": "v2",
          "endFrame": 0,
          "endTime": 0,
          "frame": 0,
          "itemLinks": [],
          "objectId": "1",
          "openAnnotationVersion": "1.75.0-prod.1",
          "plottingParams": {},
          "recipeId": "6620cb3bf7dd129c3fb8e289",
          "snapshots_": [],
          "startTime": 0,
          "system": false
        },
        "user": {}
      },
      "creator": "kim.lichtenberg@wearetriple.com",
      "createdAt": "2024-04-18T12:12:21.171Z",
      "updatedBy": "kim.lichtenberg@wearetriple.com",
      "updatedAt": "2024-04-18T12:12:21.171Z",
      "hash": "25a385c31a683c646825a7546b162e890350b998",
      "source": "ui"
    },
    {
      "id": "66210e258095cc906a89555a",
      "datasetId": "66210e0c0b653c71684ff7a3",
      "itemId": "66210e0f8095cc0647894896",
      "url": "https://gate.dataloop.ai/api/v1/annotations/66210e258095cc906a89555a",
      "item": "https://gate.dataloop.ai/api/v1/items/66210e0f8095cc0647894896",
      "dataset": "https://gate.dataloop.ai/api/v1/datasets/66210e0c0b653c71684ff7a3",
      "srcAnnotation": "6620fe42c819db17b7981725",
      "type": "box",
      "label": "circle",
      "attributes": [],
      "coordinates": [
        {
          "x": 938.95,
          "y": 757.39,
          "z": 0
        },
        {
          "x": 987.6400000000001,
          "y": 768.9399999999999,
          "z": 0
        }
      ],
      "metadata": {
        "system": {
          "attributes": {},
          "automated": false,
          "clientId": "994bdc12-4dc8-4e1d-8c3f-4cab8a164e0b",
          "coordinateVersion": "v2",
          "endFrame": 0,
          "endTime": 0,
          "frame": 0,
          "itemLinks": [],
          "objectId": "52",
          "openAnnotationVersion": "1.75.0-prod.1",
          "recipeId": "6620cb3bf7dd129c3fb8e289",
          "snapshots_": [],
          "startTime": 0,
          "system": false
        },
        "user": {}
      },
      "creator": "kim.lichtenberg@wearetriple.com",
      "createdAt": "2024-04-18T12:12:21.228Z",
      "updatedBy": "kim.lichtenberg@wearetriple.com",
      "updatedAt": "2024-04-18T12:12:21.228Z",
      "hash": "3e8b99e24f2a8ff22bbd3f8028312d932041d728",
      "source": "ui"
    },
    {
      "id": "66210e258095ccd9e589554e",
      "datasetId": "66210e0c0b653c71684ff7a3",
      "itemId": "66210e0f8095cc0647894896",
      "url": "https://gate.dataloop.ai/api/v1/annotations/66210e258095ccd9e589554e",
      "item": "https://gate.dataloop.ai/api/v1/items/66210e0f8095cc0647894896",
      "dataset": "https://gate.dataloop.ai/api/v1/datasets/66210e0c0b653c71684ff7a3",
      "srcAnnotation": "6620fbc2a23798a0ed115ef1",
      "type": "box",
      "label": "goal-top-left",
      "attributes": [],
      "coordinates": [
        {
          "x": 509.7484670736494,
          "y": 233.36789275458096,
          "z": 0
        },
        {
          "x": 809.7894265159249,
          "y": 381.16927641551956,
          "z": 0
        }
      ],
      "metadata": {
        "system": {
          "attributes": {},
          "automated": false,
          "clientId": "b024ac4e-8a65-405b-a4f5-1a0f04a56755",
          "coordinateVersion": "v2",
          "endFrame": 0,
          "endTime": 0,
          "frame": 0,
          "itemLinks": [],
          "objectId": "9",
          "openAnnotationVersion": "1.75.0-prod.1",
          "plottingParams": {},
          "recipeId": "6620cb3bf7dd129c3fb8e289",
          "snapshots_": [],
          "startTime": 0,
          "system": false
        },
        "user": {}
      },
      "creator": "kim.lichtenberg@wearetriple.com",
      "createdAt": "2024-04-18T12:12:21.051Z",
      "updatedBy": "kim.lichtenberg@wearetriple.com",
      "updatedAt": "2024-04-18T12:12:21.051Z",
      "hash": "366a178e6c7554e7087916402e0099cceb6efb15",
      "source": "ui"
    },
    {
      "id": "66210e258095ccec6b895552",
      "datasetId": "66210e0c0b653c71684ff7a3",
      "itemId": "66210e0f8095cc0647894896",
      "url": "https://gate.dataloop.ai/api/v1/annotations/66210e258095ccec6b895552",
      "item": "https://gate.dataloop.ai/api/v1/items/66210e0f8095cc0647894896",
      "dataset": "https://gate.dataloop.ai/api/v1/datasets/66210e0c0b653c71684ff7a3",
      "srcAnnotation": "6620fbc2a23798c011115ef7",
      "type": "box",
      "label": "goal-bottom-left",
      "attributes": [],
      "coordinates": [
        {
          "x": 509.6575499411782,
          "y": 381.4565014530996,
          "z": 0
        },
        {
          "x": 809.6985093834538,
          "y": 529.2578851140381,
          "z": 0
        }
      ],
      "metadata": {
        "system": {
          "attributes": {},
          "automated": false,
          "clientId": "2377a2cb-a47c-490c-b72e-a0edb58a06a9",
          "coordinateVersion": "v2",
          "endFrame": 0,
          "endTime": 0,
          "frame": 0,
          "itemLinks": [],
          "objectId": "44",
          "openAnnotationVersion": "1.75.0-prod.1",
          "plottingParams": {},
          "recipeId": "6620cb3bf7dd129c3fb8e289",
          "snapshots_": [],
          "startTime": 0,
          "system": false
        },
        "user": {}
      },
      "creator": "kim.lichtenberg@wearetriple.com",
      "createdAt": "2024-04-18T12:12:21.111Z",
      "updatedBy": "kim.lichtenberg@wearetriple.com",
      "updatedAt": "2024-04-18T12:12:21.111Z",
      "hash": "ca37059a2e4f9a0939f9a30d394629cc5c79cc1c",
      "source": "ui"
    }
  ],
  "annotationsCount": 10,
  "annotated": true,
  "srcItem": "6620cb8aa5610525e80e79a6",
  "srcDataset": "6620cb3b6abc12d47dfc6ce9"
}