{
  "id": "66210e0e8095cc80018947c8",
  "datasetId": "66210e0c0b653c71684ff7a3",
  "url": "https://gate.dataloop.ai/api/v1/items/66210e0e8095cc80018947c8",
  "dataset": "https://gate.dataloop.ai/api/v1/datasets/66210e0c0b653c71684ff7a3",
  "createdAt": "2024-04-18T12:11:56.517Z",
  "dir": "/part0",
  "filename": "/part0/ezgif-frame-184.jpg",
  "type": "file",
  "hidden": false,
  "metadata": {
    "system": {
      "channels": 3,
      "encoding": "7bit",
      "height": 1080,
      "isBinary": true,
      "mimetype": "image/jpeg",
      "modalities": [],
      "originalname": "ezgif-frame-184.jpg",
      "refs": [],
      "size": 55821,
      "taskStatusLog": [],
      "thumbnailId": "66210e108095cc583d8949dc",
      "width": 1920
    }
  },
  "name": "ezgif-frame-184.jpg",
  "creator": "kim.lichtenberg@wearetriple.com",
  "updatedAt": "2024-04-18T12:12:35.993Z",
  "updatedBy": "rubiks@dataloop.ai",
  "stream": "https://gate.dataloop.ai/api/v1/items/66210e0e8095cc80018947c8/stream",
  "thumbnail": "https://gate.dataloop.ai/api/v1/items/66210e0e8095cc80018947c8/thumbnail",
  "annotations": [
    {
      "id": "66210e198095cc549c8950da",
      "datasetId": "66210e0c0b653c71684ff7a3",
      "itemId": "66210e0e8095cc80018947c8",
      "url": "https://gate.dataloop.ai/api/v1/annotations/66210e198095cc549c8950da",
      "item": "https://gate.dataloop.ai/api/v1/items/66210e0e8095cc80018947c8",
      "dataset": "https://gate.dataloop.ai/api/v1/datasets/66210e0c0b653c71684ff7a3",
      "srcAnnotation": "6620fb3fc7f03418b81a923f",
      "type": "box",
      "label": "goal-middle-up",
      "attributes": [],
      "coordinates": [
        {
          "x": 810.1311204331535,
          "y": 233.400564430087,
          "z": 0
        },
        {
          "x": 1109.6152633201598,
          "y": 381.20194809102566,
          "z": 0
        }
      ],
      "metadata": {
        "system": {
          "attributes": {},
          "automated": false,
          "clientId": "3b8dcf21-83a9-4023-bae0-14680ec45f38",
          "coordinateVersion": "v2",
          "endFrame": 0,
          "endTime": 0,
          "frame": 0,
          "itemLinks": [],
          "objectId": "42",
          "openAnnotationVersion": "1.75.0-prod.1",
          "plottingParams": {},
          "recipeId": "6620cb3bf7dd129c3fb8e289",
          "snapshots_": [],
          "startTime": 0,
          "system": false
        },
        "user": {}
      },
      "creator": "kim.lichtenberg@wearetriple.com",
      "createdAt": "2024-04-18T12:12:09.325Z",
      "updatedBy": "kim.lichtenberg@wearetriple.com",
      "updatedAt": "2024-04-18T12:12:09.325Z",
      "hash": "dfa1ab22a7c230c7d20a53caeaab3fa622266f98",
      "source": "ui"
    },
    {
      "id": "66210e198095cc61cb895133",
      "datasetId": "66210e0c0b653c71684ff7a3",
      "itemId": "66210e0e8095cc80018947c8",
      "url": "https://gate.dataloop.ai/api/v1/annotations/66210e198095cc61cb895133",
      "item": "https://gate.dataloop.ai/api/v1/items/66210e0e8095cc80018947c8",
      "dataset": "https://gate.dataloop.ai/api/v1/datasets/66210e0c0b653c71684ff7a3",
      "srcAnnotation": "6620fb3fc7f0343dad1a923d",
      "type": "box",
      "label": "goal-top-left",
      "attributes": [],
      "coordinates": [
        {
          "x": 509.7484670736494,
          "y": 233.36789275458096,
          "z": 0
        },
        {
          "x": 809.7894265159249,
          "y": 381.16927641551956,
          "z": 0
        }
      ],
      "metadata": {
        "system": {
          "attributes": {},
          "automated": false,
          "clientId": "c2956105-4684-42f3-89ae-ed43f678ab54",
          "coordinateVersion": "v2",
          "endFrame": 0,
          "endTime": 0,
          "frame": 0,
          "itemLinks": [],
          "objectId": "9",
          "openAnnotationVersion": "1.75.0-prod.1",
          "plottingParams": {},
          "recipeId": "6620cb3bf7dd129c3fb8e289",
          "snapshots_": [],
          "startTime": 0,
          "system": false
        },
        "user": {}
      },
      "creator": "kim.lichtenberg@wearetriple.com",
      "createdAt": "2024-04-18T12:12:09.952Z",
      "updatedBy": "kim.lichtenberg@wearetriple.com",
      "updatedAt": "2024-04-18T12:12:09.952Z",
      "hash": "56c8beb2194277e0d18ef953705b564325a40810",
      "source": "ui"
    },
    {
      "id": "66210e198095cc61f989511a",
      "datasetId": "66210e0c0b653c71684ff7a3",
      "itemId": "66210e0e8095cc80018947c8",
      "url": "https://gate.dataloop.ai/api/v1/annotations/66210e198095cc61f989511a",
      "item": "https://gate.dataloop.ai/api/v1/items/66210e0e8095cc80018947c8",
      "dataset": "https://gate.dataloop.ai/api/v1/datasets/66210e0c0b653c71684ff7a3",
      "srcAnnotation": "6620fb3fc7f03425a31a9242",
      "type": "box",
      "label": "goal-middle-down",
      "attributes": [],
      "coordinates": [
        {
          "x": 810.062128965418,
          "y": 381.52566120113283,
          "z": 0
        },
        {
          "x": 1110.1030884076936,
          "y": 529.3270448620716,
          "z": 0
        }
      ],
      "metadata": {
        "system": {
          "attributes": {},
          "automated": false,
          "clientId": "320a5214-c928-40cd-99ea-83914d08ab99",
          "coordinateVersion": "v2",
          "endFrame": 0,
          "endTime": 0,
          "frame": 0,
          "itemLinks": [],
          "objectId": "45",
          "openAnnotationVersion": "1.75.0-prod.1",
          "plottingParams": {},
          "recipeId": "6620cb3bf7dd129c3fb8e289",
          "snapshots_": [],
          "startTime": 0,
          "system": false
        },
        "user": {}
      },
      "creator": "kim.lichtenberg@wearetriple.com",
      "createdAt": "2024-04-18T12:12:09.779Z",
      "updatedBy": "kim.lichtenberg@wearetriple.com",
      "updatedAt": "2024-04-18T12:12:09.779Z",
      "hash": "15792c5e7d457fef260adc423913cf2573074845",
      "source": "ui"
    },
    {
      "id": "66210e198095cc788d8950f7",
      "datasetId": "66210e0c0b653c71684ff7a3",
      "itemId": "66210e0e8095cc80018947c8",
      "url": "https://gate.dataloop.ai/api/v1/annotations/66210e198095cc788d8950f7",
      "item": "https://gate.dataloop.ai/api/v1/items/66210e0e8095cc80018947c8",
      "dataset": "https://gate.dataloop.ai/api/v1/datasets/66210e0c0b653c71684ff7a3",
      "srcAnnotation": "6620fb3fc7f03418f41a923c",
      "type": "box",
      "label": "football",
      "attributes": [],
      "coordinates": [
        {
          "x": 930.3359165151602,
          "y": 727.9851578849152,
          "z": 0
        },
        {
          "x": 985.9959165151603,
          "y": 770.435157884915,
          "z": 0
        }
      ],
      "metadata": {
        "system": {
          "attributes": {},
          "automated": false,
          "clientId": "faa3e5f9-0afe-42fb-a09a-243070b52fdc",
          "coordinateVersion": "v2",
          "endFrame": 0,
          "endTime": 0,
          "frame": 0,
          "itemLinks": [],
          "objectId": "1",
          "openAnnotationVersion": "1.75.0-prod.1",
          "plottingParams": {},
          "recipeId": "6620cb3bf7dd129c3fb8e289",
          "snapshots_": [],
          "startTime": 0,
          "system": false
        },
        "user": {}
      },
      "creator": "kim.lichtenberg@wearetriple.com",
      "createdAt": "2024-04-18T12:12:09.586Z",
      "updatedBy": "kim.lichtenberg@wearetriple.com",
      "updatedAt": "2024-04-18T12:12:09.586Z",
      "hash": "14ea848fc22c2b971ae0beb37e678edbea440621",
      "source": "ui"
    },
    {
      "id": "66210e1a8095cc2b148951c1",
      "datasetId": "66210e0c0b653c71684ff7a3",
      "itemId": "66210e0e8095cc80018947c8",
      "url": "https://gate.dataloop.ai/api/v1/annotations/66210e1a8095cc2b148951c1",
      "item": "https://gate.dataloop.ai/api/v1/items/66210e0e8095cc80018947c8",
      "dataset": "https://gate.dataloop.ai/api/v1/datasets/66210e0c0b653c71684ff7a3",
      "srcAnnotation": "6620fb3fc7f034f6571a9243",
      "type": "box",
      "label": "goalkeeper",
      "attributes": [],
      "coordinates": [
        {
          "x": 901.1411022850482,
          "y": 292.63172843742564,
          "z": 0
        },
        {
          "x": 1024.4062521140436,
          "y": 534.2105664291119,
          "z": 0
        }
      ],
      "metadata": {
        "system": {
          "attributes": {},
          "automated": false,
          "clientId": "f06ce1f8-e75b-439d-9f2e-e085712aaeba",
          "coordinateVersion": "v2",
          "endFrame": 0,
          "endTime": 0,
          "frame": 0,
          "itemLinks": [],
          "objectId": "5",
          "openAnnotationVersion": "1.75.0-prod.1",
          "plottingParams": {},
          "recipeId": "6620cb3bf7dd129c3fb8e289",
          "snapshots_": [],
          "startTime": 0,
          "system": false
        },
        "user": {}
      },
      "creator": "kim.lichtenberg@wearetriple.com",
      "createdAt": "2024-04-18T12:12:10.947Z",
      "updatedBy": "kim.lichtenberg@wearetriple.com",
      "updatedAt": "2024-04-18T12:12:10.947Z",
      "hash": "e518bd656ee36ea29fb53efc39bda394fb49c8c7",
      "source": "ui"
    },
    {
      "id": "66210e1a8095cc41a289518c",
      "datasetId": "66210e0c0b653c71684ff7a3",
      "itemId": "66210e0e8095cc80018947c8",
      "url": "https://gate.dataloop.ai/api/v1/annotations/66210e1a8095cc41a289518c",
      "item": "https://gate.dataloop.ai/api/v1/items/66210e0e8095cc80018947c8",
      "dataset": "https://gate.dataloop.ai/api/v1/datasets/66210e0c0b653c71684ff7a3",
      "srcAnnotation": "6620fb3fc7f034bef21a9240",
      "type": "box",
      "label": "goal-bottom-left",
      "attributes": [],
      "coordinates": [
        {
          "x": 509.6575499411782,
          "y": 381.4565014530996,
          "z": 0
        },
        {
          "x": 809.6985093834538,
          "y": 529.2578851140381,
          "z": 0
        }
      ],
      "metadata": {
        "system": {
          "attributes": {},
          "automated": false,
          "clientId": "4d80d36c-a534-46ff-8fd6-7c7eef1ad7a3",
          "coordinateVersion": "v2",
          "endFrame": 0,
          "endTime": 0,
          "frame": 0,
          "itemLinks": [],
          "objectId": "44",
          "openAnnotationVersion": "1.75.0-prod.1",
          "plottingParams": {},
          "recipeId": "6620cb3bf7dd129c3fb8e289",
          "snapshots_": [],
          "startTime": 0,
          "system": false
        },
        "user": {}
      },
      "creator": "kim.lichtenberg@wearetriple.com",
      "createdAt": "2024-04-18T12:12:10.537Z",
      "updatedBy": "kim.lichtenberg@wearetriple.com",
      "updatedAt": "2024-04-18T12:12:10.537Z",
      "hash": "7aa40ccea31288be85cfda95aa261b7dcd73a2a5",
      "source": "ui"
    },
    {
      "id": "66210e1a8095cce1dc895153",
      "datasetId": "66210e0c0b653c71684ff7a3",
      "itemId": "66210e0e8095cc80018947c8",
      "url": "https://gate.dataloop.ai/api/v1/annotations/66210e1a8095cce1dc895153",
      "item": "https://gate.dataloop.ai/api/v1/items/66210e0e8095cc80018947c8",
      "dataset": "https://gate.dataloop.ai/api/v1/datasets/66210e0c0b653c71684ff7a3",
      "srcAnnotation": "6620fb3fc7f034513a1a923e",
      "type": "box",
      "label": "player",
      "attributes": [],
      "coordinates": [
        {
          "x": 513.2096226415092,
          "y": 544.8132075471699,
          "z": 0
        },
        {
          "x": 660.3409394383168,
          "y": 945.75320754717,
          "z": 0
        }
      ],
      "metadata": {
        "system": {
          "attributes": {},
          "automated": false,
          "clientId": "7f1a5b12-e4d8-422e-854e-a1159e00d922",
          "coordinateVersion": "v2",
          "endFrame": 0,
          "endTime": 0,
          "frame": 0,
          "itemLinks": [],
          "objectId": "3",
          "openAnnotationVersion": "1.75.0-prod.1",
          "plottingParams": {},
          "recipeId": "6620cb3bf7dd129c3fb8e289",
          "snapshots_": [],
          "startTime": 0,
          "system": false
        },
        "user": {}
      },
      "creator": "kim.lichtenberg@wearetriple.com",
      "createdAt": "2024-04-18T12:12:10.171Z",
      "updatedBy": "kim.lichtenberg@wearetriple.com",
      "updatedAt": "2024-04-18T12:12:10.171Z",
      "hash": "996b58753594307926c46473dd0c44b47cd8b749",
      "source": "ui"
    },
    {
      "id": "66210e1a8095cce2228951a6",
      "datasetId": "66210e0c0b653c71684ff7a3",
      "itemId": "66210e0e8095cc80018947c8",
      "url": "https://gate.dataloop.ai/api/v1/annotations/66210e1a8095cce2228951a6",
      "item": "https://gate.dataloop.ai/api/v1/items/66210e0e8095cc80018947c8",
      "dataset": "https://gate.dataloop.ai/api/v1/datasets/66210e0c0b653c71684ff7a3",
      "srcAnnotation": "6620fb3fc7f034bfa21a9245",
      "type": "box",
      "label": "goal-top-right",
      "attributes": [],
      "coordinates": [
        {
          "x": 1109.9232072237482,
          "y": 233.5121050067239,
          "z": 0
        },
        {
          "x": 1410.2287249676674,
          "y": 381.3134886676626,
          "z": 0
        }
      ],
      "metadata": {
        "system": {
          "attributes": {},
          "automated": false,
          "clientId": "98947009-698a-4c24-a2ec-1a6c226b8eae",
          "coordinateVersion": "v2",
          "endFrame": 0,
          "endTime": 0,
          "frame": 0,
          "itemLinks": [],
          "objectId": "43",
          "openAnnotationVersion": "1.75.0-prod.1",
          "plottingParams": {},
          "recipeId": "6620cb3bf7dd129c3fb8e289",
          "snapshots_": [],
          "startTime": 0,
          "system": false
        },
        "user": {}
      },
      "creator": "kim.lichtenberg@wearetriple.com",
      "createdAt": "2024-04-18T12:12:10.705Z",
      "updatedBy": "kim.lichtenberg@wearetriple.com",
      "updatedAt": "2024-04-18T12:12:10.705Z",
      "hash": "e841ef0a4e6e11490b6c5d5adfd41269c1b08363",
      "source": "ui"
    },
    {
      "id": "66210e1a8095ccf4e689516f",
      "datasetId": "66210e0c0b653c71684ff7a3",
      "itemId": "66210e0e8095cc80018947c8",
      "url": "https://gate.dataloop.ai/api/v1/annotations/66210e1a8095ccf4e689516f",
      "item": "https://gate.dataloop.ai/api/v1/items/66210e0e8095cc80018947c8",
      "dataset": "https://gate.dataloop.ai/api/v1/datasets/66210e0c0b653c71684ff7a3",
      "srcAnnotation": "6620fb3fc7f0348f581a9241",
      "type": "box",
      "label": "goal-bottom-right",
      "attributes": [],
      "coordinates": [
        {
          "x": 1110.1232125446336,
          "y": 381.7760335497094,
          "z": 0
        },
        {
          "x": 1410.1641719869094,
          "y": 529.577417210648,
          "z": 0
        }
      ],
      "metadata": {
        "system": {
          "attributes": {},
          "automated": false,
          "clientId": "5348a6ef-a40d-4ae2-a428-511982cff68f",
          "coordinateVersion": "v2",
          "endFrame": 0,
          "endTime": 0,
          "frame": 0,
          "itemLinks": [],
          "objectId": "51",
          "openAnnotationVersion": "1.75.0-prod.1",
          "plottingParams": {},
          "recipeId": "6620cb3bf7dd129c3fb8e289",
          "snapshots_": [],
          "startTime": 0,
          "system": false
        },
        "user": {}
      },
      "creator": "kim.lichtenberg@wearetriple.com",
      "createdAt": "2024-04-18T12:12:10.348Z",
      "updatedBy": "kim.lichtenberg@wearetriple.com",
      "updatedAt": "2024-04-18T12:12:10.348Z",
      "hash": "d6434cdc2400cd3424c8e4f81e268e0247e41119",
      "source": "ui"
    },
    {
      "id": "66210e1b8095cc1b158951e2",
      "datasetId": "66210e0c0b653c71684ff7a3",
      "itemId": "66210e0e8095cc80018947c8",
      "url": "https://gate.dataloop.ai/api/v1/annotations/66210e1b8095cc1b158951e2",
      "item": "https://gate.dataloop.ai/api/v1/items/66210e0e8095cc80018947c8",
      "dataset": "https://gate.dataloop.ai/api/v1/datasets/66210e0c0b653c71684ff7a3",
      "srcAnnotation": "6620fea2c819db1f729817ae",
      "type": "box",
      "label": "circle",
      "attributes": [],
      "coordinates": [
        {
          "x": 775.16,
          "y": 719.78,
          "z": 0
        },
        {
          "x": 1140.88,
          "y": 799.1899999999999,
          "z": 0
        }
      ],
      "metadata": {
        "system": {
          "attributes": {},
          "automated": false,
          "clientId": "fec6277a-e5b3-4d9b-822b-2012aaff5c51",
          "coordinateVersion": "v2",
          "endFrame": 0,
          "endTime": 0,
          "frame": 0,
          "itemLinks": [],
          "objectId": "52",
          "openAnnotationVersion": "1.75.0-prod.1",
          "recipeId": "6620cb3bf7dd129c3fb8e289",
          "snapshots_": [],
          "startTime": 0,
          "system": false
        },
        "user": {}
      },
      "creator": "kim.lichtenberg@wearetriple.com",
      "createdAt": "2024-04-18T12:12:11.158Z",
      "updatedBy": "kim.lichtenberg@wearetriple.com",
      "updatedAt": "2024-04-18T12:12:11.158Z",
      "hash": "0aecf4359d877f96453e0b03332e6315a0f1af16",
      "source": "ui"
    }
  ],
  "annotationsCount": 10,
  "annotated": true,
  "srcItem": "6620cb8ba9bd20066117e1bc",
  "srcDataset": "6620cb3b6abc12d47dfc6ce9"
}