{
  "id": "66210e0e8095cce04d8947ea",
  "datasetId": "66210e0c0b653c71684ff7a3",
  "url": "https://gate.dataloop.ai/api/v1/items/66210e0e8095cce04d8947ea",
  "dataset": "https://gate.dataloop.ai/api/v1/datasets/66210e0c0b653c71684ff7a3",
  "createdAt": "2024-04-18T12:11:56.517Z",
  "dir": "/part0",
  "filename": "/part0/ezgif-frame-189.jpg",
  "type": "file",
  "hidden": false,
  "metadata": {
    "system": {
      "channels": 3,
      "encoding": "7bit",
      "height": 1080,
      "isBinary": true,
      "mimetype": "image/jpeg",
      "modalities": [],
      "originalname": "ezgif-frame-189.jpg",
      "refs": [],
      "size": 56550,
      "taskStatusLog": [],
      "thumbnailId": "66210e108095cc3e138949e3",
      "width": 1920
    }
  },
  "name": "ezgif-frame-189.jpg",
  "creator": "kim.lichtenberg@wearetriple.com",
  "updatedAt": "2024-04-18T12:12:35.951Z",
  "updatedBy": "rubiks@dataloop.ai",
  "stream": "https://gate.dataloop.ai/api/v1/items/66210e0e8095cce04d8947ea/stream",
  "thumbnail": "https://gate.dataloop.ai/api/v1/items/66210e0e8095cce04d8947ea/thumbnail",
  "annotations": [
    {
      "id": "66210e178095cc1255894fb1",
      "datasetId": "66210e0c0b653c71684ff7a3",
      "itemId": "66210e0e8095cce04d8947ea",
      "url": "https://gate.dataloop.ai/api/v1/annotations/66210e178095cc1255894fb1",
      "item": "https://gate.dataloop.ai/api/v1/items/66210e0e8095cce04d8947ea",
      "dataset": "https://gate.dataloop.ai/api/v1/datasets/66210e0c0b653c71684ff7a3",
      "srcAnnotation": "6620fb5172b11a0834e0f8e7",
      "type": "box",
      "label": "goal-bottom-left",
      "attributes": [],
      "coordinates": [
        {
          "x": 509.6575499411782,
          "y": 381.4565014530996,
          "z": 0
        },
        {
          "x": 809.6985093834538,
          "y": 529.2578851140381,
          "z": 0
        }
      ],
      "metadata": {
        "system": {
          "attributes": {},
          "automated": false,
          "clientId": "fe27cabc-12bd-4063-b6c1-7018a528bfa2",
          "coordinateVersion": "v2",
          "endFrame": 0,
          "endTime": 0,
          "frame": 0,
          "itemLinks": [],
          "objectId": "44",
          "openAnnotationVersion": "1.75.0-prod.1",
          "plottingParams": {},
          "recipeId": "6620cb3bf7dd129c3fb8e289",
          "snapshots_": [],
          "startTime": 0,
          "system": false
        },
        "user": {}
      },
      "creator": "kim.lichtenberg@wearetriple.com",
      "createdAt": "2024-04-18T12:12:07.899Z",
      "updatedBy": "kim.lichtenberg@wearetriple.com",
      "updatedAt": "2024-04-18T12:12:07.899Z",
      "hash": "06a495175c1345f2b08d7901d78005ef4245425a",
      "source": "ui"
    },
    {
      "id": "66210e188095cc011c895059",
      "datasetId": "66210e0c0b653c71684ff7a3",
      "itemId": "66210e0e8095cce04d8947ea",
      "url": "https://gate.dataloop.ai/api/v1/annotations/66210e188095cc011c895059",
      "item": "https://gate.dataloop.ai/api/v1/items/66210e0e8095cce04d8947ea",
      "dataset": "https://gate.dataloop.ai/api/v1/datasets/66210e0c0b653c71684ff7a3",
      "srcAnnotation": "6620fb5172b11a9ba5e0f8e5",
      "type": "box",
      "label": "goal-bottom-right",
      "attributes": [],
      "coordinates": [
        {
          "x": 1110.1232125446336,
          "y": 381.7760335497094,
          "z": 0
        },
        {
          "x": 1410.1641719869094,
          "y": 529.577417210648,
          "z": 0
        }
      ],
      "metadata": {
        "system": {
          "attributes": {},
          "automated": false,
          "clientId": "d3b426ab-7f86-4a1a-87e2-b890be8390ea",
          "coordinateVersion": "v2",
          "endFrame": 0,
          "endTime": 0,
          "frame": 0,
          "itemLinks": [],
          "objectId": "51",
          "openAnnotationVersion": "1.75.0-prod.1",
          "plottingParams": {},
          "recipeId": "6620cb3bf7dd129c3fb8e289",
          "snapshots_": [],
          "startTime": 0,
          "system": false
        },
        "user": {}
      },
      "creator": "kim.lichtenberg@wearetriple.com",
      "createdAt": "2024-04-18T12:12:08.600Z",
      "updatedBy": "kim.lichtenberg@wearetriple.com",
      "updatedAt": "2024-04-18T12:12:08.600Z",
      "hash": "600194c0757e7086a241afa97b12c458e21d1698",
      "source": "ui"
    },
    {
      "id": "66210e188095cc31b989503c",
      "datasetId": "66210e0c0b653c71684ff7a3",
      "itemId": "66210e0e8095cce04d8947ea",
      "url": "https://gate.dataloop.ai/api/v1/annotations/66210e188095cc31b989503c",
      "item": "https://gate.dataloop.ai/api/v1/items/66210e0e8095cce04d8947ea",
      "dataset": "https://gate.dataloop.ai/api/v1/datasets/66210e0c0b653c71684ff7a3",
      "srcAnnotation": "6620fb5172b11a9046e0f8e9",
      "type": "box",
      "label": "goalkeeper",
      "attributes": [],
      "coordinates": [
        {
          "x": 901.1411022850482,
          "y": 292.63172843742564,
          "z": 0
        },
        {
          "x": 1024.4062521140436,
          "y": 534.2105664291119,
          "z": 0
        }
      ],
      "metadata": {
        "system": {
          "attributes": {},
          "automated": false,
          "clientId": "f777c8b9-006d-46f5-8662-7b7188930847",
          "coordinateVersion": "v2",
          "endFrame": 0,
          "endTime": 0,
          "frame": 0,
          "itemLinks": [],
          "objectId": "5",
          "openAnnotationVersion": "1.75.0-prod.1",
          "plottingParams": {},
          "recipeId": "6620cb3bf7dd129c3fb8e289",
          "snapshots_": [],
          "startTime": 0,
          "system": false
        },
        "user": {}
      },
      "creator": "kim.lichtenberg@wearetriple.com",
      "createdAt": "2024-04-18T12:12:08.489Z",
      "updatedBy": "kim.lichtenberg@wearetriple.com",
      "updatedAt": "2024-04-18T12:12:08.489Z",
      "hash": "73ba6ba5d9ca0f25c30c3e8c5b7c98d576ffb061",
      "source": "ui"
    },
    {
      "id": "66210e188095cc3c4e89508f",
      "datasetId": "66210e0c0b653c71684ff7a3",
      "itemId": "66210e0e8095cce04d8947ea",
      "url": "https://gate.dataloop.ai/api/v1/annotations/66210e188095cc3c4e89508f",
      "item": "https://gate.dataloop.ai/api/v1/items/66210e0e8095cce04d8947ea",
      "dataset": "https://gate.dataloop.ai/api/v1/datasets/66210e0c0b653c71684ff7a3",
      "srcAnnotation": "6620fb5172b11ad5c7e0f8e2",
      "type": "box",
      "label": "goal-middle-down",
      "attributes": [],
      "coordinates": [
        {
          "x": 810.062128965418,
          "y": 381.52566120113283,
          "z": 0
        },
        {
          "x": 1110.1030884076936,
          "y": 529.3270448620716,
          "z": 0
        }
      ],
      "metadata": {
        "system": {
          "attributes": {},
          "automated": false,
          "clientId": "e44ea248-0d87-428a-99cd-610a030d243c",
          "coordinateVersion": "v2",
          "endFrame": 0,
          "endTime": 0,
          "frame": 0,
          "itemLinks": [],
          "objectId": "45",
          "openAnnotationVersion": "1.75.0-prod.1",
          "plottingParams": {},
          "recipeId": "6620cb3bf7dd129c3fb8e289",
          "snapshots_": [],
          "startTime": 0,
          "system": false
        },
        "user": {}
      },
      "creator": "kim.lichtenberg@wearetriple.com",
      "createdAt": "2024-04-18T12:12:08.846Z",
      "updatedBy": "kim.lichtenberg@wearetriple.com",
      "updatedAt": "2024-04-18T12:12:08.846Z",
      "hash": "30a74276c10945e8aa98452ee226bef4726447c3",
      "source": "ui"
    },
    {
      "id": "66210e188095cc54f1895008",
      "datasetId": "66210e0c0b653c71684ff7a3",
      "itemId": "66210e0e8095cce04d8947ea",
      "url": "https://gate.dataloop.ai/api/v1/annotations/66210e188095cc54f1895008",
      "item": "https://gate.dataloop.ai/api/v1/items/66210e0e8095cce04d8947ea",
      "dataset": "https://gate.dataloop.ai/api/v1/datasets/66210e0c0b653c71684ff7a3",
      "srcAnnotation": "6620fb5172b11a7474e0f8e8",
      "type": "box",
      "label": "goal-top-right",
      "attributes": [],
      "coordinates": [
        {
          "x": 1109.9232072237482,
          "y": 233.5121050067239,
          "z": 0
        },
        {
          "x": 1410.2287249676674,
          "y": 381.3134886676626,
          "z": 0
        }
      ],
      "metadata": {
        "system": {
          "attributes": {},
          "automated": false,
          "clientId": "a5f38759-baa7-432e-9118-b0101fa7bdcd",
          "coordinateVersion": "v2",
          "endFrame": 0,
          "endTime": 0,
          "frame": 0,
          "itemLinks": [],
          "objectId": "43",
          "openAnnotationVersion": "1.75.0-prod.1",
          "plottingParams": {},
          "recipeId": "6620cb3bf7dd129c3fb8e289",
          "snapshots_": [],
          "startTime": 0,
          "system": false
        },
        "user": {}
      },
      "creator": "kim.lichtenberg@wearetriple.com",
      "createdAt": "2024-04-18T12:12:08.248Z",
      "updatedBy": "kim.lichtenberg@wearetriple.com",
      "updatedAt": "2024-04-18T12:12:08.248Z",
      "hash": "d17f79d46263192f414b3c5e4ef6ae7fa3e8c2a9",
      "source": "ui"
    },
    {
      "id": "66210e188095cc56bf894fd0",
      "datasetId": "66210e0c0b653c71684ff7a3",
      "itemId": "66210e0e8095cce04d8947ea",
      "url": "https://gate.dataloop.ai/api/v1/annotations/66210e188095cc56bf894fd0",
      "item": "https://gate.dataloop.ai/api/v1/items/66210e0e8095cce04d8947ea",
      "dataset": "https://gate.dataloop.ai/api/v1/datasets/66210e0c0b653c71684ff7a3",
      "srcAnnotation": "6620fb5172b11a2872e0f8e4",
      "type": "box",
      "label": "player",
      "attributes": [],
      "coordinates": [
        {
          "x": 513.2096226415092,
          "y": 544.8132075471699,
          "z": 0
        },
        {
          "x": 660.3409394383168,
          "y": 945.75320754717,
          "z": 0
        }
      ],
      "metadata": {
        "system": {
          "attributes": {},
          "automated": false,
          "clientId": "edac76b5-c969-43ba-a618-d3de862ed954",
          "coordinateVersion": "v2",
          "endFrame": 0,
          "endTime": 0,
          "frame": 0,
          "itemLinks": [],
          "objectId": "3",
          "openAnnotationVersion": "1.75.0-prod.1",
          "plottingParams": {},
          "recipeId": "6620cb3bf7dd129c3fb8e289",
          "snapshots_": [],
          "startTime": 0,
          "system": false
        },
        "user": {}
      },
      "creator": "kim.lichtenberg@wearetriple.com",
      "createdAt": "2024-04-18T12:12:08.032Z",
      "updatedBy": "kim.lichtenberg@wearetriple.com",
      "updatedAt": "2024-04-18T12:12:08.032Z",
      "hash": "2df0cf161a98efa85bca969d4d80527b4f118136",
      "source": "ui"
    },
    {
      "id": "66210e188095cc685d8950a2",
      "datasetId": "66210e0c0b653c71684ff7a3",
      "itemId": "66210e0e8095cce04d8947ea",
      "url": "https://gate.dataloop.ai/api/v1/annotations/66210e188095cc685d8950a2",
      "item": "https://gate.dataloop.ai/api/v1/items/66210e0e8095cce04d8947ea",
      "dataset": "https://gate.dataloop.ai/api/v1/datasets/66210e0c0b653c71684ff7a3",
      "srcAnnotation": "6620fe92088a990c63d3b6a4",
      "type": "box",
      "label": "circle",
      "attributes": [],
      "coordinates": [
        {
          "x": 899.47,
          "y": 749.2,
          "z": 0
        },
        {
          "x": 1019.0500000000001,
          "y": 772.22,
          "z": 0
        }
      ],
      "metadata": {
        "system": {
          "attributes": {},
          "automated": false,
          "clientId": "6d566102-c587-4bbe-a24e-03edc24a2594",
          "coordinateVersion": "v2",
          "endFrame": 0,
          "endTime": 0,
          "frame": 0,
          "itemLinks": [],
          "objectId": "52",
          "openAnnotationVersion": "1.75.0-prod.1",
          "recipeId": "6620cb3bf7dd129c3fb8e289",
          "snapshots_": [],
          "startTime": 0,
          "system": false
        },
        "user": {}
      },
      "creator": "kim.lichtenberg@wearetriple.com",
      "createdAt": "2024-04-18T12:12:08.994Z",
      "updatedBy": "kim.lichtenberg@wearetriple.com",
      "updatedAt": "2024-04-18T12:12:08.994Z",
      "hash": "1ca17b650deb646782ed1283b7c715e6fd8e0015",
      "source": "ui"
    },
    {
      "id": "66210e188095cc6a1e895075",
      "datasetId": "66210e0c0b653c71684ff7a3",
      "itemId": "66210e0e8095cce04d8947ea",
      "url": "https://gate.dataloop.ai/api/v1/annotations/66210e188095cc6a1e895075",
      "item": "https://gate.dataloop.ai/api/v1/items/66210e0e8095cce04d8947ea",
      "dataset": "https://gate.dataloop.ai/api/v1/datasets/66210e0c0b653c71684ff7a3",
      "srcAnnotation": "6620fb5172b11ac9bae0f8e1",
      "type": "box",
      "label": "football",
      "attributes": [],
      "coordinates": [
        {
          "x": 930.3359165151602,
          "y": 727.9851578849152,
          "z": 0
        },
        {
          "x": 985.9959165151603,
          "y": 770.435157884915,
          "z": 0
        }
      ],
      "metadata": {
        "system": {
          "attributes": {},
          "automated": false,
          "clientId": "f5b1ec00-30f2-4361-b6c8-9d85d905c7a1",
          "coordinateVersion": "v2",
          "endFrame": 0,
          "endTime": 0,
          "frame": 0,
          "itemLinks": [],
          "objectId": "1",
          "openAnnotationVersion": "1.75.0-prod.1",
          "plottingParams": {},
          "recipeId": "6620cb3bf7dd129c3fb8e289",
          "snapshots_": [],
          "startTime": 0,
          "system": false
        },
        "user": {}
      },
      "creator": "kim.lichtenberg@wearetriple.com",
      "createdAt": "2024-04-18T12:12:08.727Z",
      "updatedBy": "kim.lichtenberg@wearetriple.com",
      "updatedAt": "2024-04-18T12:12:08.727Z",
      "hash": "4b876aeb7757c4751ab6dc0aadc2acb585302b13",
      "source": "ui"
    },
    {
      "id": "66210e188095ccae3d895023",
      "datasetId": "66210e0c0b653c71684ff7a3",
      "itemId": "66210e0e8095cce04d8947ea",
      "url": "https://gate.dataloop.ai/api/v1/annotations/66210e188095ccae3d895023",
      "item": "https://gate.dataloop.ai/api/v1/items/66210e0e8095cce04d8947ea",
      "dataset": "https://gate.dataloop.ai/api/v1/datasets/66210e0c0b653c71684ff7a3",
      "srcAnnotation": "6620fb5172b11a7707e0f8e0",
      "type": "box",
      "label": "goal-middle-up",
      "attributes": [],
      "coordinates": [
        {
          "x": 810.1311204331535,
          "y": 233.400564430087,
          "z": 0
        },
        {
          "x": 1109.6152633201598,
          "y": 381.20194809102566,
          "z": 0
        }
      ],
      "metadata": {
        "system": {
          "attributes": {},
          "automated": false,
          "clientId": "a2580218-d708-4c31-a066-070af305e2b9",
          "coordinateVersion": "v2",
          "endFrame": 0,
          "endTime": 0,
          "frame": 0,
          "itemLinks": [],
          "objectId": "42",
          "openAnnotationVersion": "1.75.0-prod.1",
          "plottingParams": {},
          "recipeId": "6620cb3bf7dd129c3fb8e289",
          "snapshots_": [],
          "startTime": 0,
          "system": false
        },
        "user": {}
      },
      "creator": "kim.lichtenberg@wearetriple.com",
      "createdAt": "2024-04-18T12:12:08.376Z",
      "updatedBy": "kim.lichtenberg@wearetriple.com",
      "updatedAt": "2024-04-18T12:12:08.376Z",
      "hash": "c742d7ba9a07a5014a142cd502042ed6457eb4a8",
      "source": "ui"
    },
    {
      "id": "66210e188095ccc022894feb",
      "datasetId": "66210e0c0b653c71684ff7a3",
      "itemId": "66210e0e8095cce04d8947ea",
      "url": "https://gate.dataloop.ai/api/v1/annotations/66210e188095ccc022894feb",
      "item": "https://gate.dataloop.ai/api/v1/items/66210e0e8095cce04d8947ea",
      "dataset": "https://gate.dataloop.ai/api/v1/datasets/66210e0c0b653c71684ff7a3",
      "srcAnnotation": "6620fb5172b11a2fe0e0f8e3",
      "type": "box",
      "label": "goal-top-left",
      "attributes": [],
      "coordinates": [
        {
          "x": 509.7484670736494,
          "y": 233.36789275458096,
          "z": 0
        },
        {
          "x": 809.7894265159249,
          "y": 381.16927641551956,
          "z": 0
        }
      ],
      "metadata": {
        "system": {
          "attributes": {},
          "automated": false,
          "clientId": "d64f0c57-08bd-48cc-a8c4-f021aee4dcd1",
          "coordinateVersion": "v2",
          "endFrame": 0,
          "endTime": 0,
          "frame": 0,
          "itemLinks": [],
          "objectId": "9",
          "openAnnotationVersion": "1.75.0-prod.1",
          "plottingParams": {},
          "recipeId": "6620cb3bf7dd129c3fb8e289",
          "snapshots_": [],
          "startTime": 0,
          "system": false
        },
        "user": {}
      },
      "creator": "kim.lichtenberg@wearetriple.com",
      "createdAt": "2024-04-18T12:12:08.140Z",
      "updatedBy": "kim.lichtenberg@wearetriple.com",
      "updatedAt": "2024-04-18T12:12:08.140Z",
      "hash": "a160014579054d841353b586b29570c70f20798c",
      "source": "ui"
    }
  ],
  "annotationsCount": 10,
  "annotated": true,
  "srcItem": "6620cb8ba62300ad1ec92e7c",
  "srcDataset": "6620cb3b6abc12d47dfc6ce9"
}