{
  "id": "66210e0e8095cc581f89484a",
  "datasetId": "66210e0c0b653c71684ff7a3",
  "url": "https://gate.dataloop.ai/api/v1/items/66210e0e8095cc581f89484a",
  "dataset": "https://gate.dataloop.ai/api/v1/datasets/66210e0c0b653c71684ff7a3",
  "createdAt": "2024-04-18T12:11:56.512Z",
  "dir": "/part0",
  "filename": "/part0/ezgif-frame-152.jpg",
  "type": "file",
  "hidden": false,
  "metadata": {
    "system": {
      "channels": 3,
      "encoding": "7bit",
      "height": 1080,
      "isBinary": true,
      "mimetype": "image/jpeg",
      "modalities": [],
      "originalname": "ezgif-frame-152.jpg",
      "refs": [],
      "size": 53657,
      "taskStatusLog": [],
      "thumbnailId": "66210e118095cc01f8894a19",
      "width": 1920
    }
  },
  "name": "ezgif-frame-152.jpg",
  "creator": "kim.lichtenberg@wearetriple.com",
  "updatedAt": "2024-04-18T12:12:29.777Z",
  "updatedBy": "rubiks@dataloop.ai",
  "stream": "https://gate.dataloop.ai/api/v1/items/66210e0e8095cc581f89484a/stream",
  "thumbnail": "https://gate.dataloop.ai/api/v1/items/66210e0e8095cc581f89484a/thumbnail",
  "annotations": [
    {
      "id": "66210e188095cc0aa1895068",
      "datasetId": "66210e0c0b653c71684ff7a3",
      "itemId": "66210e0e8095cc581f89484a",
      "url": "https://gate.dataloop.ai/api/v1/annotations/66210e188095cc0aa1895068",
      "item": "https://gate.dataloop.ai/api/v1/items/66210e0e8095cc581f89484a",
      "dataset": "https://gate.dataloop.ai/api/v1/datasets/66210e0c0b653c71684ff7a3",
      "srcAnnotation": "662109edc7f03406ac1ab92c",
      "type": "box",
      "label": "football",
      "attributes": [],
      "coordinates": [
        {
          "x": 1173.6326964672103,
          "y": 280.08186918981545,
          "z": 0
        },
        {
          "x": 1214.0281728411362,
          "y": 319.2726297911627,
          "z": 0
        }
      ],
      "metadata": {
        "system": {
          "attributes": {},
          "automated": false,
          "clientId": "160cae91-6f37-47fd-8e92-f6842ec0679d",
          "coordinateVersion": "v2",
          "endFrame": 0,
          "endTime": 0,
          "frame": 0,
          "itemLinks": [],
          "objectId": "11",
          "openAnnotationVersion": "1.75.0-prod.1",
          "plottingParams": {},
          "recipeId": "6620cb3bf7dd129c3fb8e289",
          "snapshots_": [],
          "startTime": 0,
          "system": false
        },
        "user": {}
      },
      "creator": "kim.lichtenberg@wearetriple.com",
      "createdAt": "2024-04-18T12:12:08.674Z",
      "updatedBy": "kim.lichtenberg@wearetriple.com",
      "updatedAt": "2024-04-18T12:12:08.674Z",
      "hash": "de3cd74b1327fc2dc0e625461ca711735bc573bf",
      "source": "ui"
    },
    {
      "id": "66210e188095cc1a56895081",
      "datasetId": "66210e0c0b653c71684ff7a3",
      "itemId": "66210e0e8095cc581f89484a",
      "url": "https://gate.dataloop.ai/api/v1/annotations/66210e188095cc1a56895081",
      "item": "https://gate.dataloop.ai/api/v1/items/66210e0e8095cc581f89484a",
      "dataset": "https://gate.dataloop.ai/api/v1/datasets/66210e0c0b653c71684ff7a3",
      "srcAnnotation": "662109edc7f03415911ab92b",
      "type": "box",
      "label": "goal-bottom-left",
      "attributes": [],
      "coordinates": [
        {
          "x": 439.98045014195174,
          "y": 356.8764559754766,
          "z": 0
        },
        {
          "x": 785.8222426265738,
          "y": 527.6175422360013,
          "z": 0
        }
      ],
      "metadata": {
        "system": {
          "attributes": {},
          "automated": false,
          "clientId": "4c16ff8e-964b-43b9-9640-f80ca083bc17",
          "coordinateVersion": "v2",
          "endFrame": 0,
          "endTime": 0,
          "frame": 0,
          "itemLinks": [],
          "objectId": "18",
          "openAnnotationVersion": "1.75.0-prod.1",
          "plottingParams": {},
          "recipeId": "6620cb3bf7dd129c3fb8e289",
          "snapshots_": [],
          "startTime": 0,
          "system": false
        },
        "user": {}
      },
      "creator": "kim.lichtenberg@wearetriple.com",
      "createdAt": "2024-04-18T12:12:08.783Z",
      "updatedBy": "kim.lichtenberg@wearetriple.com",
      "updatedAt": "2024-04-18T12:12:08.783Z",
      "hash": "7377eb86057605d79aad75f0c193ff7884840387",
      "source": "ui"
    },
    {
      "id": "66210e188095cc619b89504c",
      "datasetId": "66210e0c0b653c71684ff7a3",
      "itemId": "66210e0e8095cc581f89484a",
      "url": "https://gate.dataloop.ai/api/v1/annotations/66210e188095cc619b89504c",
      "item": "https://gate.dataloop.ai/api/v1/items/66210e0e8095cc581f89484a",
      "dataset": "https://gate.dataloop.ai/api/v1/datasets/66210e0c0b653c71684ff7a3",
      "srcAnnotation": "662109edc7f03400311ab926",
      "type": "box",
      "label": "goal-middle-down",
      "attributes": [],
      "coordinates": [
        {
          "x": 786.3761759478302,
          "y": 356.88704544601455,
          "z": 0
        },
        {
          "x": 1131.8877720194241,
          "y": 528.0443218967301,
          "z": 0
        }
      ],
      "metadata": {
        "system": {
          "attributes": {},
          "automated": false,
          "clientId": "5fbcfbfc-e61f-40be-b61f-526856b0838c",
          "coordinateVersion": "v2",
          "endFrame": 0,
          "endTime": 0,
          "frame": 0,
          "itemLinks": [],
          "objectId": "17",
          "openAnnotationVersion": "1.75.0-prod.1",
          "plottingParams": {},
          "recipeId": "6620cb3bf7dd129c3fb8e289",
          "snapshots_": [],
          "startTime": 0,
          "system": false
        },
        "user": {}
      },
      "creator": "kim.lichtenberg@wearetriple.com",
      "createdAt": "2024-04-18T12:12:08.555Z",
      "updatedBy": "kim.lichtenberg@wearetriple.com",
      "updatedAt": "2024-04-18T12:12:08.555Z",
      "hash": "0a979e1e07733371b89f25d7d6cea22390c18d9e",
      "source": "ui"
    },
    {
      "id": "66210e188095ccaae7895099",
      "datasetId": "66210e0c0b653c71684ff7a3",
      "itemId": "66210e0e8095cc581f89484a",
      "url": "https://gate.dataloop.ai/api/v1/annotations/66210e188095ccaae7895099",
      "item": "https://gate.dataloop.ai/api/v1/items/66210e0e8095cc581f89484a",
      "dataset": "https://gate.dataloop.ai/api/v1/datasets/66210e0c0b653c71684ff7a3",
      "srcAnnotation": "662109edc7f03466a41ab927",
      "type": "box",
      "label": "goal-middle-up",
      "attributes": [],
      "coordinates": [
        {
          "x": 787.2226429881566,
          "y": 184.80387501510285,
          "z": 0
        },
        {
          "x": 1132.8401490891217,
          "y": 355.94967815950514,
          "z": 0
        }
      ],
      "metadata": {
        "system": {
          "attributes": {},
          "automated": false,
          "clientId": "7f5ef425-7f83-427e-bbeb-695163377944",
          "coordinateVersion": "v2",
          "endFrame": 0,
          "endTime": 0,
          "frame": 0,
          "itemLinks": [],
          "objectId": "14",
          "openAnnotationVersion": "1.75.0-prod.1",
          "plottingParams": {},
          "recipeId": "6620cb3bf7dd129c3fb8e289",
          "snapshots_": [],
          "startTime": 0,
          "system": false
        },
        "user": {}
      },
      "creator": "kim.lichtenberg@wearetriple.com",
      "createdAt": "2024-04-18T12:12:08.914Z",
      "updatedBy": "kim.lichtenberg@wearetriple.com",
      "updatedAt": "2024-04-18T12:12:08.914Z",
      "hash": "cbda11fefd9f5fb8633639a2922ba5907fee9052",
      "source": "ui"
    },
    {
      "id": "66210e198095cc0d398950c1",
      "datasetId": "66210e0c0b653c71684ff7a3",
      "itemId": "66210e0e8095cc581f89484a",
      "url": "https://gate.dataloop.ai/api/v1/annotations/66210e198095cc0d398950c1",
      "item": "https://gate.dataloop.ai/api/v1/items/66210e0e8095cc581f89484a",
      "dataset": "https://gate.dataloop.ai/api/v1/datasets/66210e0c0b653c71684ff7a3",
      "srcAnnotation": "662109edc7f034c83c1ab929",
      "type": "box",
      "label": "goalkeeper",
      "attributes": [],
      "coordinates": [
        {
          "x": 716.133941764773,
          "y": 358.8493307594573,
          "z": 0
        },
        {
          "x": 867.4134102206993,
          "y": 531.3122244028187,
          "z": 0
        }
      ],
      "metadata": {
        "system": {
          "attributes": {},
          "automated": false,
          "clientId": "04321677-31f1-4379-b580-512436db68a2",
          "coordinateVersion": "v2",
          "endFrame": 0,
          "endTime": 0,
          "frame": 0,
          "itemLinks": [],
          "objectId": "8",
          "openAnnotationVersion": "1.75.0-prod.1",
          "plottingParams": {},
          "recipeId": "6620cb3bf7dd129c3fb8e289",
          "snapshots_": [],
          "startTime": 0,
          "system": false
        },
        "user": {}
      },
      "creator": "kim.lichtenberg@wearetriple.com",
      "createdAt": "2024-04-18T12:12:09.230Z",
      "updatedBy": "kim.lichtenberg@wearetriple.com",
      "updatedAt": "2024-04-18T12:12:09.230Z",
      "hash": "896328bb61a4d884714f9593c6fe6d61ff9f1aba",
      "source": "ui"
    },
    {
      "id": "66210e198095cc2f1f8950ad",
      "datasetId": "66210e0c0b653c71684ff7a3",
      "itemId": "66210e0e8095cc581f89484a",
      "url": "https://gate.dataloop.ai/api/v1/annotations/66210e198095cc2f1f8950ad",
      "item": "https://gate.dataloop.ai/api/v1/items/66210e0e8095cc581f89484a",
      "dataset": "https://gate.dataloop.ai/api/v1/datasets/66210e0c0b653c71684ff7a3",
      "srcAnnotation": "662109edc7f03494f81ab92e",
      "type": "box",
      "label": "player",
      "attributes": [],
      "coordinates": [
        {
          "x": 783.0144232633153,
          "y": 426.1017872602246,
          "z": 0
        },
        {
          "x": 988.1367434275152,
          "y": 767.4371640691663,
          "z": 0
        }
      ],
      "metadata": {
        "system": {
          "attributes": {},
          "automated": false,
          "clientId": "6ddfc3b8-d7e8-400f-be4f-87c90276dab8",
          "coordinateVersion": "v2",
          "endFrame": 0,
          "endTime": 0,
          "frame": 0,
          "itemLinks": [],
          "objectId": "9",
          "openAnnotationVersion": "1.75.0-prod.1",
          "plottingParams": {},
          "recipeId": "6620cb3bf7dd129c3fb8e289",
          "snapshots_": [],
          "startTime": 0,
          "system": false
        },
        "user": {}
      },
      "creator": "kim.lichtenberg@wearetriple.com",
      "createdAt": "2024-04-18T12:12:09.107Z",
      "updatedBy": "kim.lichtenberg@wearetriple.com",
      "updatedAt": "2024-04-18T12:12:09.107Z",
      "hash": "7c41473b34dcf5da9033b9ac57f9ef26a1ddf92a",
      "source": "ui"
    },
    {
      "id": "66210e198095cc4833895123",
      "datasetId": "66210e0c0b653c71684ff7a3",
      "itemId": "66210e0e8095cc581f89484a",
      "url": "https://gate.dataloop.ai/api/v1/annotations/66210e198095cc4833895123",
      "item": "https://gate.dataloop.ai/api/v1/items/66210e0e8095cc581f89484a",
      "dataset": "https://gate.dataloop.ai/api/v1/datasets/66210e0c0b653c71684ff7a3",
      "srcAnnotation": "662109edc7f034eb551ab92d",
      "type": "box",
      "label": "goal-top-right",
      "attributes": [],
      "coordinates": [
        {
          "x": 1133.9629815308285,
          "y": 184.92413847064014,
          "z": 0
        },
        {
          "x": 1480.2009622246799,
          "y": 355.93589592093286,
          "z": 0
        }
      ],
      "metadata": {
        "system": {
          "attributes": {},
          "automated": false,
          "clientId": "8dd8a002-5718-4bb8-af78-4bcff0d4f2b8",
          "coordinateVersion": "v2",
          "endFrame": 0,
          "endTime": 0,
          "frame": 0,
          "itemLinks": [],
          "objectId": "15",
          "openAnnotationVersion": "1.75.0-prod.1",
          "plottingParams": {},
          "recipeId": "6620cb3bf7dd129c3fb8e289",
          "snapshots_": [],
          "startTime": 0,
          "system": false
        },
        "user": {}
      },
      "creator": "kim.lichtenberg@wearetriple.com",
      "createdAt": "2024-04-18T12:12:09.807Z",
      "updatedBy": "kim.lichtenberg@wearetriple.com",
      "updatedAt": "2024-04-18T12:12:09.807Z",
      "hash": "3bb27658c08ebc62c2660e38e42e6b36760bc3ea",
      "source": "ui"
    },
    {
      "id": "66210e198095cc70458950ff",
      "datasetId": "66210e0c0b653c71684ff7a3",
      "itemId": "66210e0e8095cc581f89484a",
      "url": "https://gate.dataloop.ai/api/v1/annotations/66210e198095cc70458950ff",
      "item": "https://gate.dataloop.ai/api/v1/items/66210e0e8095cc581f89484a",
      "dataset": "https://gate.dataloop.ai/api/v1/datasets/66210e0c0b653c71684ff7a3",
      "srcAnnotation": "662109edc7f034e6fc1ab928",
      "type": "box",
      "label": "goal-bottom-right",
      "attributes": [],
      "coordinates": [
        {
          "x": 1132.4840189496022,
          "y": 356.7277076203303,
          "z": 0
        },
        {
          "x": 1478.0943974229706,
          "y": 527.4118501224675,
          "z": 0
        }
      ],
      "metadata": {
        "system": {
          "attributes": {},
          "automated": false,
          "clientId": "77e467c5-50b4-4684-9fa1-df2773d8a4ef",
          "coordinateVersion": "v2",
          "endFrame": 0,
          "endTime": 0,
          "frame": 0,
          "itemLinks": [],
          "objectId": "16",
          "openAnnotationVersion": "1.75.0-prod.1",
          "plottingParams": {},
          "recipeId": "6620cb3bf7dd129c3fb8e289",
          "snapshots_": [],
          "startTime": 0,
          "system": false
        },
        "user": {}
      },
      "creator": "kim.lichtenberg@wearetriple.com",
      "createdAt": "2024-04-18T12:12:09.620Z",
      "updatedBy": "kim.lichtenberg@wearetriple.com",
      "updatedAt": "2024-04-18T12:12:09.620Z",
      "hash": "710eea7dbe71a9f5e8888f8e48585d94c88193b3",
      "source": "ui"
    },
    {
      "id": "66210e198095cc7ddd8950e2",
      "datasetId": "66210e0c0b653c71684ff7a3",
      "itemId": "66210e0e8095cc581f89484a",
      "url": "https://gate.dataloop.ai/api/v1/annotations/66210e198095cc7ddd8950e2",
      "item": "https://gate.dataloop.ai/api/v1/items/66210e0e8095cc581f89484a",
      "dataset": "https://gate.dataloop.ai/api/v1/datasets/66210e0c0b653c71684ff7a3",
      "srcAnnotation": "662109edc7f034e3ae1ab92a",
      "type": "box",
      "label": "goal-top-left",
      "attributes": [],
      "coordinates": [
        {
          "x": 439.9736108431632,
          "y": 185.4959832765519,
          "z": 0
        },
        {
          "x": 786.0491518716674,
          "y": 356.47661650364927,
          "z": 0
        }
      ],
      "metadata": {
        "system": {
          "attributes": {},
          "automated": false,
          "clientId": "02d58d48-22ad-4a6e-81bc-277e361e4899",
          "coordinateVersion": "v2",
          "endFrame": 0,
          "endTime": 0,
          "frame": 0,
          "itemLinks": [],
          "objectId": "13",
          "openAnnotationVersion": "1.75.0-prod.1",
          "plottingParams": {},
          "recipeId": "6620cb3bf7dd129c3fb8e289",
          "snapshots_": [],
          "startTime": 0,
          "system": false
        },
        "user": {}
      },
      "creator": "kim.lichtenberg@wearetriple.com",
      "createdAt": "2024-04-18T12:12:09.425Z",
      "updatedBy": "kim.lichtenberg@wearetriple.com",
      "updatedAt": "2024-04-18T12:12:09.425Z",
      "hash": "7f0c0746c1b5b74e5321c73e3bbed842d370cd79",
      "source": "ui"
    }
  ],
  "annotationsCount": 9,
  "annotated": true,
  "srcItem": "6620cb882e841d589b18c53f",
  "srcDataset": "6620cb3b6abc12d47dfc6ce9"
}