{
  "id": "66210e0e8095cc31d989485f",
  "datasetId": "66210e0c0b653c71684ff7a3",
  "url": "https://gate.dataloop.ai/api/v1/items/66210e0e8095cc31d989485f",
  "dataset": "https://gate.dataloop.ai/api/v1/datasets/66210e0c0b653c71684ff7a3",
  "createdAt": "2024-04-18T12:11:56.513Z",
  "dir": "/part0",
  "filename": "/part0/ezgif-frame-150.jpg",
  "type": "file",
  "hidden": false,
  "metadata": {
    "system": {
      "channels": 3,
      "encoding": "7bit",
      "height": 1080,
      "isBinary": true,
      "mimetype": "image/jpeg",
      "modalities": [],
      "originalname": "ezgif-frame-150.jpg",
      "refs": [],
      "size": 53940,
      "taskStatusLog": [],
      "thumbnailId": "66210e108095cc17028949c9",
      "width": 1920
    }
  },
  "name": "ezgif-frame-150.jpg",
  "creator": "kim.lichtenberg@wearetriple.com",
  "updatedAt": "2024-04-18T12:12:29.960Z",
  "updatedBy": "rubiks@dataloop.ai",
  "stream": "https://gate.dataloop.ai/api/v1/items/66210e0e8095cc31d989485f/stream",
  "thumbnail": "https://gate.dataloop.ai/api/v1/items/66210e0e8095cc31d989485f/thumbnail",
  "annotations": [
    {
      "id": "66210e1d8095cc99c889536e",
      "datasetId": "66210e0c0b653c71684ff7a3",
      "itemId": "66210e0e8095cc31d989485f",
      "url": "https://gate.dataloop.ai/api/v1/annotations/66210e1d8095cc99c889536e",
      "item": "https://gate.dataloop.ai/api/v1/items/66210e0e8095cc31d989485f",
      "dataset": "https://gate.dataloop.ai/api/v1/datasets/66210e0c0b653c71684ff7a3",
      "srcAnnotation": "6621096fa237982359118208",
      "type": "box",
      "label": "goal-bottom-right",
      "attributes": [],
      "coordinates": [
        {
          "x": 1132.4840189496022,
          "y": 356.7277076203303,
          "z": 0
        },
        {
          "x": 1478.0943974229706,
          "y": 527.4118501224675,
          "z": 0
        }
      ],
      "metadata": {
        "system": {
          "attributes": {},
          "automated": false,
          "clientId": "805d084e-c30a-443a-af79-857a37d6ce87",
          "coordinateVersion": "v2",
          "endFrame": 0,
          "endTime": 0,
          "frame": 0,
          "itemLinks": [],
          "objectId": "16",
          "openAnnotationVersion": "1.75.0-prod.1",
          "plottingParams": {},
          "recipeId": "6620cb3bf7dd129c3fb8e289",
          "snapshots_": [],
          "startTime": 0,
          "system": false
        },
        "user": {}
      },
      "creator": "kim.lichtenberg@wearetriple.com",
      "createdAt": "2024-04-18T12:12:13.973Z",
      "updatedBy": "kim.lichtenberg@wearetriple.com",
      "updatedAt": "2024-04-18T12:12:13.973Z",
      "hash": "a56a8e0539ab712bf6bc27522333306c536c24ca",
      "source": "ui"
    },
    {
      "id": "66210e1e8095cc115089537f",
      "datasetId": "66210e0c0b653c71684ff7a3",
      "itemId": "66210e0e8095cc31d989485f",
      "url": "https://gate.dataloop.ai/api/v1/annotations/66210e1e8095cc115089537f",
      "item": "https://gate.dataloop.ai/api/v1/items/66210e0e8095cc31d989485f",
      "dataset": "https://gate.dataloop.ai/api/v1/datasets/66210e0c0b653c71684ff7a3",
      "srcAnnotation": "6621096fa237982c2711820d",
      "type": "box",
      "label": "goal-top-right",
      "attributes": [],
      "coordinates": [
        {
          "x": 1133.9629815308285,
          "y": 184.92413847064014,
          "z": 0
        },
        {
          "x": 1480.2009622246799,
          "y": 355.93589592093286,
          "z": 0
        }
      ],
      "metadata": {
        "system": {
          "attributes": {},
          "automated": false,
          "clientId": "03e76356-aa7b-4e3c-a180-f93c65acaf48",
          "coordinateVersion": "v2",
          "endFrame": 0,
          "endTime": 0,
          "frame": 0,
          "itemLinks": [],
          "objectId": "15",
          "openAnnotationVersion": "1.75.0-prod.1",
          "plottingParams": {},
          "recipeId": "6620cb3bf7dd129c3fb8e289",
          "snapshots_": [],
          "startTime": 0,
          "system": false
        },
        "user": {}
      },
      "creator": "kim.lichtenberg@wearetriple.com",
      "createdAt": "2024-04-18T12:12:14.147Z",
      "updatedBy": "kim.lichtenberg@wearetriple.com",
      "updatedAt": "2024-04-18T12:12:14.147Z",
      "hash": "a66d17918d5e0047729069c25f57196f3e46cd59",
      "source": "ui"
    },
    {
      "id": "66210e1e8095cc252c895376",
      "datasetId": "66210e0c0b653c71684ff7a3",
      "itemId": "66210e0e8095cc31d989485f",
      "url": "https://gate.dataloop.ai/api/v1/annotations/66210e1e8095cc252c895376",
      "item": "https://gate.dataloop.ai/api/v1/items/66210e0e8095cc31d989485f",
      "dataset": "https://gate.dataloop.ai/api/v1/datasets/66210e0c0b653c71684ff7a3",
      "srcAnnotation": "6621096fa237982a5911820b",
      "type": "box",
      "label": "goal-middle-up",
      "attributes": [],
      "coordinates": [
        {
          "x": 787.2226429881566,
          "y": 184.80387501510285,
          "z": 0
        },
        {
          "x": 1132.8401490891217,
          "y": 355.94967815950514,
          "z": 0
        }
      ],
      "metadata": {
        "system": {
          "attributes": {},
          "automated": false,
          "clientId": "097a1cae-be3a-4c91-98f7-6d29b60c81de",
          "coordinateVersion": "v2",
          "endFrame": 0,
          "endTime": 0,
          "frame": 0,
          "itemLinks": [],
          "objectId": "14",
          "openAnnotationVersion": "1.75.0-prod.1",
          "plottingParams": {},
          "recipeId": "6620cb3bf7dd129c3fb8e289",
          "snapshots_": [],
          "startTime": 0,
          "system": false
        },
        "user": {}
      },
      "creator": "kim.lichtenberg@wearetriple.com",
      "createdAt": "2024-04-18T12:12:14.059Z",
      "updatedBy": "kim.lichtenberg@wearetriple.com",
      "updatedAt": "2024-04-18T12:12:14.059Z",
      "hash": "f366cb35bd27c5c388b9014093e3a7962c69654a",
      "source": "ui"
    },
    {
      "id": "66210e1e8095cc3cf5895394",
      "datasetId": "66210e0c0b653c71684ff7a3",
      "itemId": "66210e0e8095cc31d989485f",
      "url": "https://gate.dataloop.ai/api/v1/annotations/66210e1e8095cc3cf5895394",
      "item": "https://gate.dataloop.ai/api/v1/items/66210e0e8095cc31d989485f",
      "dataset": "https://gate.dataloop.ai/api/v1/datasets/66210e0c0b653c71684ff7a3",
      "srcAnnotation": "6621096fa237989aac118209",
      "type": "box",
      "label": "goal-bottom-left",
      "attributes": [],
      "coordinates": [
        {
          "x": 439.98045014195174,
          "y": 356.8764559754766,
          "z": 0
        },
        {
          "x": 785.8222426265738,
          "y": 527.6175422360013,
          "z": 0
        }
      ],
      "metadata": {
        "system": {
          "attributes": {},
          "automated": false,
          "clientId": "ac6e0b8a-3d94-4c08-8dd4-2e8d6ebf3836",
          "coordinateVersion": "v2",
          "endFrame": 0,
          "endTime": 0,
          "frame": 0,
          "itemLinks": [],
          "objectId": "18",
          "openAnnotationVersion": "1.75.0-prod.1",
          "plottingParams": {},
          "recipeId": "6620cb3bf7dd129c3fb8e289",
          "snapshots_": [],
          "startTime": 0,
          "system": false
        },
        "user": {}
      },
      "creator": "kim.lichtenberg@wearetriple.com",
      "createdAt": "2024-04-18T12:12:14.379Z",
      "updatedBy": "kim.lichtenberg@wearetriple.com",
      "updatedAt": "2024-04-18T12:12:14.379Z",
      "hash": "7adee3c9cc7d667a5e73f7f76e6aba430beeb612",
      "source": "ui"
    },
    {
      "id": "66210e1e8095cc604c8953a0",
      "datasetId": "66210e0c0b653c71684ff7a3",
      "itemId": "66210e0e8095cc31d989485f",
      "url": "https://gate.dataloop.ai/api/v1/annotations/66210e1e8095cc604c8953a0",
      "item": "https://gate.dataloop.ai/api/v1/items/66210e0e8095cc31d989485f",
      "dataset": "https://gate.dataloop.ai/api/v1/datasets/66210e0c0b653c71684ff7a3",
      "srcAnnotation": "6621096fa23798e07211820e",
      "type": "box",
      "label": "player",
      "attributes": [],
      "coordinates": [
        {
          "x": 806.5993289236926,
          "y": 437.4225419772058,
          "z": 0
        },
        {
          "x": 1011.7216490878926,
          "y": 769.9005533246667,
          "z": 0
        }
      ],
      "metadata": {
        "system": {
          "attributes": {},
          "automated": false,
          "clientId": "66c22e65-7a77-43fd-bca2-14ba05e8c4b4",
          "coordinateVersion": "v2",
          "endFrame": 0,
          "endTime": 0,
          "frame": 0,
          "itemLinks": [],
          "objectId": "9",
          "openAnnotationVersion": "1.75.0-prod.1",
          "plottingParams": {},
          "recipeId": "6620cb3bf7dd129c3fb8e289",
          "snapshots_": [],
          "startTime": 0,
          "system": false
        },
        "user": {}
      },
      "creator": "kim.lichtenberg@wearetriple.com",
      "createdAt": "2024-04-18T12:12:14.570Z",
      "updatedBy": "kim.lichtenberg@wearetriple.com",
      "updatedAt": "2024-04-18T12:12:14.570Z",
      "hash": "87a9fbcd1f86d6fc7567137cc1201b641c92d4d3",
      "source": "ui"
    },
    {
      "id": "66210e1e8095cc686b895386",
      "datasetId": "66210e0c0b653c71684ff7a3",
      "itemId": "66210e0e8095cc31d989485f",
      "url": "https://gate.dataloop.ai/api/v1/annotations/66210e1e8095cc686b895386",
      "item": "https://gate.dataloop.ai/api/v1/items/66210e0e8095cc31d989485f",
      "dataset": "https://gate.dataloop.ai/api/v1/datasets/66210e0c0b653c71684ff7a3",
      "srcAnnotation": "6621096fa237984afc118207",
      "type": "box",
      "label": "football",
      "attributes": [],
      "coordinates": [
        {
          "x": 1158.837586125777,
          "y": 246.3976597094836,
          "z": 0
        },
        {
          "x": 1219.217586125777,
          "y": 292.62765970948374,
          "z": 0
        }
      ],
      "metadata": {
        "system": {
          "attributes": {},
          "automated": false,
          "clientId": "a0a0bb14-aa53-43d6-99f4-d275083c5825",
          "coordinateVersion": "v2",
          "endFrame": 0,
          "endTime": 0,
          "frame": 0,
          "itemLinks": [],
          "objectId": "11",
          "openAnnotationVersion": "1.75.0-prod.1",
          "plottingParams": {},
          "recipeId": "6620cb3bf7dd129c3fb8e289",
          "snapshots_": [],
          "startTime": 0,
          "system": false
        },
        "user": {}
      },
      "creator": "kim.lichtenberg@wearetriple.com",
      "createdAt": "2024-04-18T12:12:14.222Z",
      "updatedBy": "kim.lichtenberg@wearetriple.com",
      "updatedAt": "2024-04-18T12:12:14.222Z",
      "hash": "fddb1ac0846b71a40faf928258dbc8af4f0298fa",
      "source": "ui"
    },
    {
      "id": "66210e1e8095cc729a895398",
      "datasetId": "66210e0c0b653c71684ff7a3",
      "itemId": "66210e0e8095cc31d989485f",
      "url": "https://gate.dataloop.ai/api/v1/annotations/66210e1e8095cc729a895398",
      "item": "https://gate.dataloop.ai/api/v1/items/66210e0e8095cc31d989485f",
      "dataset": "https://gate.dataloop.ai/api/v1/datasets/66210e0c0b653c71684ff7a3",
      "srcAnnotation": "6621096fa23798a85011820a",
      "type": "box",
      "label": "goal-top-left",
      "attributes": [],
      "coordinates": [
        {
          "x": 439.9736108431632,
          "y": 185.4959832765519,
          "z": 0
        },
        {
          "x": 786.0491518716674,
          "y": 356.47661650364927,
          "z": 0
        }
      ],
      "metadata": {
        "system": {
          "attributes": {},
          "automated": false,
          "clientId": "cded4b7f-fe57-45ea-864e-fc360b2e47f0",
          "coordinateVersion": "v2",
          "endFrame": 0,
          "endTime": 0,
          "frame": 0,
          "itemLinks": [],
          "objectId": "13",
          "openAnnotationVersion": "1.75.0-prod.1",
          "plottingParams": {},
          "recipeId": "6620cb3bf7dd129c3fb8e289",
          "snapshots_": [],
          "startTime": 0,
          "system": false
        },
        "user": {}
      },
      "creator": "kim.lichtenberg@wearetriple.com",
      "createdAt": "2024-04-18T12:12:14.440Z",
      "updatedBy": "kim.lichtenberg@wearetriple.com",
      "updatedAt": "2024-04-18T12:12:14.440Z",
      "hash": "db6e7a94fc2a8c314b8734ab5ce09d7a14b3166e",
      "source": "ui"
    },
    {
      "id": "66210e1e8095cc83d989538e",
      "datasetId": "66210e0c0b653c71684ff7a3",
      "itemId": "66210e0e8095cc31d989485f",
      "url": "https://gate.dataloop.ai/api/v1/annotations/66210e1e8095cc83d989538e",
      "item": "https://gate.dataloop.ai/api/v1/items/66210e0e8095cc31d989485f",
      "dataset": "https://gate.dataloop.ai/api/v1/datasets/66210e0c0b653c71684ff7a3",
      "srcAnnotation": "6621096fa237986c0811820f",
      "type": "box",
      "label": "goalkeeper",
      "attributes": [],
      "coordinates": [
        {
          "x": 716.133941764773,
          "y": 358.8493307594573,
          "z": 0
        },
        {
          "x": 867.4134102206993,
          "y": 531.3122244028187,
          "z": 0
        }
      ],
      "metadata": {
        "system": {
          "attributes": {},
          "automated": false,
          "clientId": "6e827232-d551-42d2-860b-f37e219a998d",
          "coordinateVersion": "v2",
          "endFrame": 0,
          "endTime": 0,
          "frame": 0,
          "itemLinks": [],
          "objectId": "8",
          "openAnnotationVersion": "1.75.0-prod.1",
          "plottingParams": {},
          "recipeId": "6620cb3bf7dd129c3fb8e289",
          "snapshots_": [],
          "startTime": 0,
          "system": false
        },
        "user": {}
      },
      "creator": "kim.lichtenberg@wearetriple.com",
      "createdAt": "2024-04-18T12:12:14.295Z",
      "updatedBy": "kim.lichtenberg@wearetriple.com",
      "updatedAt": "2024-04-18T12:12:14.295Z",
      "hash": "f245dd82955550964f41b7109a34e450515e9f70",
      "source": "ui"
    },
    {
      "id": "66210e1e8095cc8bb289539c",
      "datasetId": "66210e0c0b653c71684ff7a3",
      "itemId": "66210e0e8095cc31d989485f",
      "url": "https://gate.dataloop.ai/api/v1/annotations/66210e1e8095cc8bb289539c",
      "item": "https://gate.dataloop.ai/api/v1/items/66210e0e8095cc31d989485f",
      "dataset": "https://gate.dataloop.ai/api/v1/datasets/66210e0c0b653c71684ff7a3",
      "srcAnnotation": "6621096fa23798c28611820c",
      "type": "box",
      "label": "goal-middle-down",
      "attributes": [],
      "coordinates": [
        {
          "x": 786.3761759478302,
          "y": 356.88704544601455,
          "z": 0
        },
        {
          "x": 1131.8877720194241,
          "y": 528.0443218967301,
          "z": 0
        }
      ],
      "metadata": {
        "system": {
          "attributes": {},
          "automated": false,
          "clientId": "9f44c365-e0ac-46a3-85bf-d64348da3fd0",
          "coordinateVersion": "v2",
          "endFrame": 0,
          "endTime": 0,
          "frame": 0,
          "itemLinks": [],
          "objectId": "17",
          "openAnnotationVersion": "1.75.0-prod.1",
          "plottingParams": {},
          "recipeId": "6620cb3bf7dd129c3fb8e289",
          "snapshots_": [],
          "startTime": 0,
          "system": false
        },
        "user": {}
      },
      "creator": "kim.lichtenberg@wearetriple.com",
      "createdAt": "2024-04-18T12:12:14.505Z",
      "updatedBy": "kim.lichtenberg@wearetriple.com",
      "updatedAt": "2024-04-18T12:12:14.505Z",
      "hash": "0892a21ab230384cc58e6e21d86f8d93c9b5beb7",
      "source": "ui"
    }
  ],
  "annotationsCount": 9,
  "annotated": true,
  "srcItem": "6620cb88a62300528dc92e60",
  "srcDataset": "6620cb3b6abc12d47dfc6ce9"
}