{
  "id": "66210e0e8095cc335f8947f1",
  "datasetId": "66210e0c0b653c71684ff7a3",
  "url": "https://gate.dataloop.ai/api/v1/items/66210e0e8095cc335f8947f1",
  "dataset": "https://gate.dataloop.ai/api/v1/datasets/66210e0c0b653c71684ff7a3",
  "createdAt": "2024-04-18T12:11:56.518Z",
  "dir": "/part0",
  "filename": "/part0/ezgif-frame-193.jpg",
  "type": "file",
  "hidden": false,
  "metadata": {
    "system": {
      "channels": 3,
      "encoding": "7bit",
      "height": 1080,
      "isBinary": true,
      "mimetype": "image/jpeg",
      "modalities": [],
      "originalname": "ezgif-frame-193.jpg",
      "refs": [],
      "size": 55204,
      "taskStatusLog": [],
      "thumbnailId": "66210e118095ccc0e1894a21",
      "width": 1920
    }
  },
  "name": "ezgif-frame-193.jpg",
  "creator": "kim.lichtenberg@wearetriple.com",
  "updatedAt": "2024-04-18T12:12:36.222Z",
  "updatedBy": "rubiks@dataloop.ai",
  "stream": "https://gate.dataloop.ai/api/v1/items/66210e0e8095cc335f8947f1/stream",
  "thumbnail": "https://gate.dataloop.ai/api/v1/items/66210e0e8095cc335f8947f1/thumbnail",
  "annotations": [
    {
      "id": "66210e208095cc1520895424",
      "datasetId": "66210e0c0b653c71684ff7a3",
      "itemId": "66210e0e8095cc335f8947f1",
      "url": "https://gate.dataloop.ai/api/v1/annotations/66210e208095cc1520895424",
      "item": "https://gate.dataloop.ai/api/v1/items/66210e0e8095cc335f8947f1",
      "dataset": "https://gate.dataloop.ai/api/v1/datasets/66210e0c0b653c71684ff7a3",
      "srcAnnotation": "6620efafc819db7d1997f675",
      "type": "box",
      "label": "football",
      "attributes": [],
      "coordinates": [
        {
          "x": 933.1661051944053,
          "y": 727.9851578849152,
          "z": 0
        },
        {
          "x": 988.8261051944053,
          "y": 770.4351578849152,
          "z": 0
        }
      ],
      "metadata": {
        "system": {
          "attributes": {},
          "automated": false,
          "clientId": "9959bdac-c713-4453-a5f2-667e28f46346",
          "coordinateVersion": "v2",
          "endFrame": 0,
          "endTime": 0,
          "frame": 0,
          "itemLinks": [],
          "objectId": "1",
          "openAnnotationVersion": "1.75.0-prod.1",
          "plottingParams": {},
          "recipeId": "6620cb3bf7dd129c3fb8e289",
          "snapshots_": [],
          "startTime": 0,
          "system": false
        },
        "user": {}
      },
      "creator": "kim.lichtenberg@wearetriple.com",
      "createdAt": "2024-04-18T12:12:16.579Z",
      "updatedBy": "kim.lichtenberg@wearetriple.com",
      "updatedAt": "2024-04-18T12:12:16.579Z",
      "hash": "7fa5e07d3c087a569a1e849931e82f7d64bb1283",
      "source": "ui"
    },
    {
      "id": "66210e208095cc191089542f",
      "datasetId": "66210e0c0b653c71684ff7a3",
      "itemId": "66210e0e8095cc335f8947f1",
      "url": "https://gate.dataloop.ai/api/v1/annotations/66210e208095cc191089542f",
      "item": "https://gate.dataloop.ai/api/v1/items/66210e0e8095cc335f8947f1",
      "dataset": "https://gate.dataloop.ai/api/v1/datasets/66210e0c0b653c71684ff7a3",
      "srcAnnotation": "6621041dc819db4f3e982b86",
      "type": "box",
      "label": "circle",
      "attributes": [],
      "coordinates": [
        {
          "x": 926.9,
          "y": 754.76,
          "z": 0
        },
        {
          "x": 994.38,
          "y": 768.11,
          "z": 0
        }
      ],
      "metadata": {
        "system": {
          "attributes": {},
          "automated": false,
          "clientId": "5ba9918d-291e-43ec-8aff-b6749304daeb",
          "coordinateVersion": "v2",
          "endFrame": 0,
          "endTime": 0,
          "frame": 0,
          "itemLinks": [],
          "objectId": "53",
          "openAnnotationVersion": "1.75.0-prod.1",
          "recipeId": "6620cb3bf7dd129c3fb8e289",
          "snapshots_": [],
          "startTime": 0,
          "system": false
        },
        "user": {}
      },
      "creator": "kim.lichtenberg@wearetriple.com",
      "createdAt": "2024-04-18T12:12:16.761Z",
      "updatedBy": "kim.lichtenberg@wearetriple.com",
      "updatedAt": "2024-04-18T12:12:16.761Z",
      "hash": "0c5c0b716787dd517023af6e76c3648510bacd22",
      "source": "ui"
    },
    {
      "id": "66210e208095cc458e89541f",
      "datasetId": "66210e0c0b653c71684ff7a3",
      "itemId": "66210e0e8095cc335f8947f1",
      "url": "https://gate.dataloop.ai/api/v1/annotations/66210e208095cc458e89541f",
      "item": "https://gate.dataloop.ai/api/v1/items/66210e0e8095cc335f8947f1",
      "dataset": "https://gate.dataloop.ai/api/v1/datasets/66210e0c0b653c71684ff7a3",
      "srcAnnotation": "6620efafc819db700c97f678",
      "type": "box",
      "label": "goal-bottom-right",
      "attributes": [],
      "coordinates": [
        {
          "x": 1110.1232125446336,
          "y": 381.7760335497094,
          "z": 0
        },
        {
          "x": 1410.1641719869094,
          "y": 529.577417210648,
          "z": 0
        }
      ],
      "metadata": {
        "system": {
          "attributes": {},
          "automated": false,
          "clientId": "8a973263-0532-40dd-9a23-c0e68b409e25",
          "coordinateVersion": "v2",
          "endFrame": 0,
          "endTime": 0,
          "frame": 0,
          "itemLinks": [],
          "objectId": "51",
          "openAnnotationVersion": "1.75.0-prod.1",
          "plottingParams": {},
          "recipeId": "6620cb3bf7dd129c3fb8e289",
          "snapshots_": [],
          "startTime": 0,
          "system": false
        },
        "user": {}
      },
      "creator": "kim.lichtenberg@wearetriple.com",
      "createdAt": "2024-04-18T12:12:16.521Z",
      "updatedBy": "kim.lichtenberg@wearetriple.com",
      "updatedAt": "2024-04-18T12:12:16.521Z",
      "hash": "59be0f0793005966d45163340b7e0565ddd05076",
      "source": "ui"
    },
    {
      "id": "66210e208095cc52c089541b",
      "datasetId": "66210e0c0b653c71684ff7a3",
      "itemId": "66210e0e8095cc335f8947f1",
      "url": "https://gate.dataloop.ai/api/v1/annotations/66210e208095cc52c089541b",
      "item": "https://gate.dataloop.ai/api/v1/items/66210e0e8095cc335f8947f1",
      "dataset": "https://gate.dataloop.ai/api/v1/datasets/66210e0c0b653c71684ff7a3",
      "srcAnnotation": "6620efafc819db412097f679",
      "type": "box",
      "label": "goalkeeper",
      "attributes": [],
      "coordinates": [
        {
          "x": 923.6838905443217,
          "y": 293.1602973695601,
          "z": 0
        },
        {
          "x": 1037.531485862161,
          "y": 534.7391353612463,
          "z": 0
        }
      ],
      "metadata": {
        "system": {
          "attributes": {},
          "automated": false,
          "clientId": "4bedf52f-9810-4e2c-8269-14178b157d1a",
          "coordinateVersion": "v2",
          "endFrame": 0,
          "endTime": 0,
          "frame": 0,
          "itemLinks": [],
          "objectId": "5",
          "openAnnotationVersion": "1.75.0-prod.1",
          "plottingParams": {},
          "recipeId": "6620cb3bf7dd129c3fb8e289",
          "snapshots_": [],
          "startTime": 0,
          "system": false
        },
        "user": {}
      },
      "creator": "kim.lichtenberg@wearetriple.com",
      "createdAt": "2024-04-18T12:12:16.461Z",
      "updatedBy": "kim.lichtenberg@wearetriple.com",
      "updatedAt": "2024-04-18T12:12:16.461Z",
      "hash": "f55ac19f0969b4e4c2dd9c93e89b6d318daea078",
      "source": "ui"
    },
    {
      "id": "66210e208095cc836f895427",
      "datasetId": "66210e0c0b653c71684ff7a3",
      "itemId": "66210e0e8095cc335f8947f1",
      "url": "https://gate.dataloop.ai/api/v1/annotations/66210e208095cc836f895427",
      "item": "https://gate.dataloop.ai/api/v1/items/66210e0e8095cc335f8947f1",
      "dataset": "https://gate.dataloop.ai/api/v1/datasets/66210e0c0b653c71684ff7a3",
      "srcAnnotation": "6620efafc819dbac7e97f673",
      "type": "box",
      "label": "goal-top-left",
      "attributes": [],
      "coordinates": [
        {
          "x": 509.7484670736494,
          "y": 233.36789275458096,
          "z": 0
        },
        {
          "x": 809.7894265159249,
          "y": 381.16927641551956,
          "z": 0
        }
      ],
      "metadata": {
        "system": {
          "attributes": {},
          "automated": false,
          "clientId": "5cd448c7-c175-4e68-ae03-0046f2ce6e6a",
          "coordinateVersion": "v2",
          "endFrame": 0,
          "endTime": 0,
          "frame": 0,
          "itemLinks": [],
          "objectId": "9",
          "openAnnotationVersion": "1.75.0-prod.1",
          "plottingParams": {},
          "recipeId": "6620cb3bf7dd129c3fb8e289",
          "snapshots_": [],
          "startTime": 0,
          "system": false
        },
        "user": {}
      },
      "creator": "kim.lichtenberg@wearetriple.com",
      "createdAt": "2024-04-18T12:12:16.640Z",
      "updatedBy": "kim.lichtenberg@wearetriple.com",
      "updatedAt": "2024-04-18T12:12:16.640Z",
      "hash": "633b5edd9cf21a1aff3cba72e02545e24ee1db1d",
      "source": "ui"
    },
    {
      "id": "66210e208095cc8a7189540e",
      "datasetId": "66210e0c0b653c71684ff7a3",
      "itemId": "66210e0e8095cc335f8947f1",
      "url": "https://gate.dataloop.ai/api/v1/annotations/66210e208095cc8a7189540e",
      "item": "https://gate.dataloop.ai/api/v1/items/66210e0e8095cc335f8947f1",
      "dataset": "https://gate.dataloop.ai/api/v1/datasets/66210e0c0b653c71684ff7a3",
      "srcAnnotation": "6620efafc819db34ec97f672",
      "type": "box",
      "label": "player",
      "attributes": [],
      "coordinates": [
        {
          "x": 513.2096226415092,
          "y": 544.8132075471699,
          "z": 0
        },
        {
          "x": 660.3409394383168,
          "y": 945.75320754717,
          "z": 0
        }
      ],
      "metadata": {
        "system": {
          "attributes": {},
          "automated": false,
          "clientId": "aadcd451-b597-449b-a67a-1e5dd3f3802a",
          "coordinateVersion": "v2",
          "endFrame": 0,
          "endTime": 0,
          "frame": 0,
          "itemLinks": [],
          "objectId": "3",
          "openAnnotationVersion": "1.75.0-prod.1",
          "plottingParams": {},
          "recipeId": "6620cb3bf7dd129c3fb8e289",
          "snapshots_": [],
          "startTime": 0,
          "system": false
        },
        "user": {}
      },
      "creator": "kim.lichtenberg@wearetriple.com",
      "createdAt": "2024-04-18T12:12:16.207Z",
      "updatedBy": "kim.lichtenberg@wearetriple.com",
      "updatedAt": "2024-04-18T12:12:16.207Z",
      "hash": "b99e5c22337bcb289a59d3a3e94da786dec31877",
      "source": "ui"
    },
    {
      "id": "66210e208095cca55e89540a",
      "datasetId": "66210e0c0b653c71684ff7a3",
      "itemId": "66210e0e8095cc335f8947f1",
      "url": "https://gate.dataloop.ai/api/v1/annotations/66210e208095cca55e89540a",
      "item": "https://gate.dataloop.ai/api/v1/items/66210e0e8095cc335f8947f1",
      "dataset": "https://gate.dataloop.ai/api/v1/datasets/66210e0c0b653c71684ff7a3",
      "srcAnnotation": "6620efafc819db0cc697f67a",
      "type": "box",
      "label": "goal-bottom-left",
      "attributes": [],
      "coordinates": [
        {
          "x": 509.6575499411782,
          "y": 381.4565014530996,
          "z": 0
        },
        {
          "x": 809.6985093834538,
          "y": 529.2578851140381,
          "z": 0
        }
      ],
      "metadata": {
        "system": {
          "attributes": {},
          "automated": false,
          "clientId": "89511f1d-1410-4842-a448-6b5b37b69ef5",
          "coordinateVersion": "v2",
          "endFrame": 0,
          "endTime": 0,
          "frame": 0,
          "itemLinks": [],
          "objectId": "44",
          "openAnnotationVersion": "1.75.0-prod.1",
          "plottingParams": {},
          "recipeId": "6620cb3bf7dd129c3fb8e289",
          "snapshots_": [],
          "startTime": 0,
          "system": false
        },
        "user": {}
      },
      "creator": "kim.lichtenberg@wearetriple.com",
      "createdAt": "2024-04-18T12:12:16.128Z",
      "updatedBy": "kim.lichtenberg@wearetriple.com",
      "updatedAt": "2024-04-18T12:12:16.128Z",
      "hash": "f963bb3907b827d37ae584cfe16e5534424cb02c",
      "source": "ui"
    },
    {
      "id": "66210e208095ccc5d6895412",
      "datasetId": "66210e0c0b653c71684ff7a3",
      "itemId": "66210e0e8095cc335f8947f1",
      "url": "https://gate.dataloop.ai/api/v1/annotations/66210e208095ccc5d6895412",
      "item": "https://gate.dataloop.ai/api/v1/items/66210e0e8095cc335f8947f1",
      "dataset": "https://gate.dataloop.ai/api/v1/datasets/66210e0c0b653c71684ff7a3",
      "srcAnnotation": "6620efafc819db361197f676",
      "type": "box",
      "label": "goal-middle-up",
      "attributes": [],
      "coordinates": [
        {
          "x": 810.1311204331535,
          "y": 233.400564430087,
          "z": 0
        },
        {
          "x": 1109.6152633201598,
          "y": 381.20194809102566,
          "z": 0
        }
      ],
      "metadata": {
        "system": {
          "attributes": {},
          "automated": false,
          "clientId": "c15d36dc-0a95-43e3-95f2-bd9667368eac",
          "coordinateVersion": "v2",
          "endFrame": 0,
          "endTime": 0,
          "frame": 0,
          "itemLinks": [],
          "objectId": "42",
          "openAnnotationVersion": "1.75.0-prod.1",
          "plottingParams": {},
          "recipeId": "6620cb3bf7dd129c3fb8e289",
          "snapshots_": [],
          "startTime": 0,
          "system": false
        },
        "user": {}
      },
      "creator": "kim.lichtenberg@wearetriple.com",
      "createdAt": "2024-04-18T12:12:16.343Z",
      "updatedBy": "kim.lichtenberg@wearetriple.com",
      "updatedAt": "2024-04-18T12:12:16.343Z",
      "hash": "04d6b53804f20acfab9865f26063a8d21f2f3156",
      "source": "ui"
    },
    {
      "id": "66210e208095ccc795895417",
      "datasetId": "66210e0c0b653c71684ff7a3",
      "itemId": "66210e0e8095cc335f8947f1",
      "url": "https://gate.dataloop.ai/api/v1/annotations/66210e208095ccc795895417",
      "item": "https://gate.dataloop.ai/api/v1/items/66210e0e8095cc335f8947f1",
      "dataset": "https://gate.dataloop.ai/api/v1/datasets/66210e0c0b653c71684ff7a3",
      "srcAnnotation": "6620efafc819db3f5497f677",
      "type": "box",
      "label": "goal-top-right",
      "attributes": [],
      "coordinates": [
        {
          "x": 1109.9232072237482,
          "y": 233.5121050067239,
          "z": 0
        },
        {
          "x": 1410.2287249676674,
          "y": 381.3134886676626,
          "z": 0
        }
      ],
      "metadata": {
        "system": {
          "attributes": {},
          "automated": false,
          "clientId": "49de712c-c05c-4caa-89d5-55b8be21296d",
          "coordinateVersion": "v2",
          "endFrame": 0,
          "endTime": 0,
          "frame": 0,
          "itemLinks": [],
          "objectId": "43",
          "openAnnotationVersion": "1.75.0-prod.1",
          "plottingParams": {},
          "recipeId": "6620cb3bf7dd129c3fb8e289",
          "snapshots_": [],
          "startTime": 0,
          "system": false
        },
        "user": {}
      },
      "creator": "kim.lichtenberg@wearetriple.com",
      "createdAt": "2024-04-18T12:12:16.404Z",
      "updatedBy": "kim.lichtenberg@wearetriple.com",
      "updatedAt": "2024-04-18T12:12:16.404Z",
      "hash": "9be0aae26fb3d5350005479eb7e60e37bfd0e50c",
      "source": "ui"
    },
    {
      "id": "66210e208095ccdb8589542c",
      "datasetId": "66210e0c0b653c71684ff7a3",
      "itemId": "66210e0e8095cc335f8947f1",
      "url": "https://gate.dataloop.ai/api/v1/annotations/66210e208095ccdb8589542c",
      "item": "https://gate.dataloop.ai/api/v1/items/66210e0e8095cc335f8947f1",
      "dataset": "https://gate.dataloop.ai/api/v1/datasets/66210e0c0b653c71684ff7a3",
      "srcAnnotation": "6620efafc819dbe2eb97f674",
      "type": "box",
      "label": "goal-middle-down",
      "attributes": [],
      "coordinates": [
        {
          "x": 810.062128965418,
          "y": 381.52566120113283,
          "z": 0
        },
        {
          "x": 1110.1030884076936,
          "y": 529.3270448620716,
          "z": 0
        }
      ],
      "metadata": {
        "system": {
          "attributes": {},
          "automated": false,
          "clientId": "215a5792-eb48-4a67-976a-c3ed99b8e209",
          "coordinateVersion": "v2",
          "endFrame": 0,
          "endTime": 0,
          "frame": 0,
          "itemLinks": [],
          "objectId": "45",
          "openAnnotationVersion": "1.75.0-prod.1",
          "plottingParams": {},
          "recipeId": "6620cb3bf7dd129c3fb8e289",
          "snapshots_": [],
          "startTime": 0,
          "system": false
        },
        "user": {}
      },
      "creator": "kim.lichtenberg@wearetriple.com",
      "createdAt": "2024-04-18T12:12:16.704Z",
      "updatedBy": "kim.lichtenberg@wearetriple.com",
      "updatedAt": "2024-04-18T12:12:16.704Z",
      "hash": "ebc037817f4d6a9808cbc03cc4d9fee7a9d522b8",
      "source": "ui"
    }
  ],
  "annotationsCount": 10,
  "annotated": true,
  "srcItem": "6620cb8d2e841de82c18c562",
  "srcDataset": "6620cb3b6abc12d47dfc6ce9"
}