{
  "id": "66210e0e8095cc2ece8947c7",
  "datasetId": "66210e0c0b653c71684ff7a3",
  "url": "https://gate.dataloop.ai/api/v1/items/66210e0e8095cc2ece8947c7",
  "dataset": "https://gate.dataloop.ai/api/v1/datasets/66210e0c0b653c71684ff7a3",
  "createdAt": "2024-04-18T12:11:56.517Z",
  "dir": "/part0",
  "filename": "/part0/ezgif-frame-187.jpg",
  "type": "file",
  "hidden": false,
  "metadata": {
    "system": {
      "channels": 3,
      "encoding": "7bit",
      "height": 1080,
      "isBinary": true,
      "mimetype": "image/jpeg",
      "modalities": [],
      "originalname": "ezgif-frame-187.jpg",
      "refs": [],
      "size": 56458,
      "taskStatusLog": [],
      "thumbnailId": "66210e118095cc2157894a13",
      "width": 1920
    }
  },
  "name": "ezgif-frame-187.jpg",
  "creator": "kim.lichtenberg@wearetriple.com",
  "updatedAt": "2024-04-18T12:12:35.907Z",
  "updatedBy": "rubiks@dataloop.ai",
  "stream": "https://gate.dataloop.ai/api/v1/items/66210e0e8095cc2ece8947c7/stream",
  "thumbnail": "https://gate.dataloop.ai/api/v1/items/66210e0e8095cc2ece8947c7/thumbnail",
  "annotations": [
    {
      "id": "66210e168095cc4e42894ec2",
      "datasetId": "66210e0c0b653c71684ff7a3",
      "itemId": "66210e0e8095cc2ece8947c7",
      "url": "https://gate.dataloop.ai/api/v1/annotations/66210e168095cc4e42894ec2",
      "item": "https://gate.dataloop.ai/api/v1/items/66210e0e8095cc2ece8947c7",
      "dataset": "https://gate.dataloop.ai/api/v1/datasets/66210e0c0b653c71684ff7a3",
      "srcAnnotation": "6620fb5c088a99728fd3ae73",
      "type": "box",
      "label": "goal-bottom-left",
      "attributes": [],
      "coordinates": [
        {
          "x": 509.6575499411782,
          "y": 381.4565014530996,
          "z": 0
        },
        {
          "x": 809.6985093834538,
          "y": 529.2578851140381,
          "z": 0
        }
      ],
      "metadata": {
        "system": {
          "attributes": {},
          "automated": false,
          "clientId": "6f69ceb9-9628-46af-b7d7-880902608959",
          "coordinateVersion": "v2",
          "endFrame": 0,
          "endTime": 0,
          "frame": 0,
          "itemLinks": [],
          "objectId": "44",
          "openAnnotationVersion": "1.75.0-prod.1",
          "plottingParams": {},
          "recipeId": "6620cb3bf7dd129c3fb8e289",
          "snapshots_": [],
          "startTime": 0,
          "system": false
        },
        "user": {}
      },
      "creator": "kim.lichtenberg@wearetriple.com",
      "createdAt": "2024-04-18T12:12:06.924Z",
      "updatedBy": "kim.lichtenberg@wearetriple.com",
      "updatedAt": "2024-04-18T12:12:06.924Z",
      "hash": "6fa3adf45351307f28df62ecd62bcecd10a08424",
      "source": "ui"
    },
    {
      "id": "66210e168095cc4f09894ea4",
      "datasetId": "66210e0c0b653c71684ff7a3",
      "itemId": "66210e0e8095cc2ece8947c7",
      "url": "https://gate.dataloop.ai/api/v1/annotations/66210e168095cc4f09894ea4",
      "item": "https://gate.dataloop.ai/api/v1/items/66210e0e8095cc2ece8947c7",
      "dataset": "https://gate.dataloop.ai/api/v1/datasets/66210e0c0b653c71684ff7a3",
      "srcAnnotation": "6620fb5c088a996c2ed3ae7c",
      "type": "box",
      "label": "goal-middle-down",
      "attributes": [],
      "coordinates": [
        {
          "x": 810.062128965418,
          "y": 381.52566120113283,
          "z": 0
        },
        {
          "x": 1110.1030884076936,
          "y": 529.3270448620716,
          "z": 0
        }
      ],
      "metadata": {
        "system": {
          "attributes": {},
          "automated": false,
          "clientId": "a1de23de-55ed-4fe1-8cfe-fcbd5772029a",
          "coordinateVersion": "v2",
          "endFrame": 0,
          "endTime": 0,
          "frame": 0,
          "itemLinks": [],
          "objectId": "45",
          "openAnnotationVersion": "1.75.0-prod.1",
          "plottingParams": {},
          "recipeId": "6620cb3bf7dd129c3fb8e289",
          "snapshots_": [],
          "startTime": 0,
          "system": false
        },
        "user": {}
      },
      "creator": "kim.lichtenberg@wearetriple.com",
      "createdAt": "2024-04-18T12:12:06.810Z",
      "updatedBy": "kim.lichtenberg@wearetriple.com",
      "updatedAt": "2024-04-18T12:12:06.810Z",
      "hash": "8d6b22d8f7b909892adf010b7ddf7ad0e615a7ac",
      "source": "ui"
    },
    {
      "id": "66210e168095ccc61e894e6b",
      "datasetId": "66210e0c0b653c71684ff7a3",
      "itemId": "66210e0e8095cc2ece8947c7",
      "url": "https://gate.dataloop.ai/api/v1/annotations/66210e168095ccc61e894e6b",
      "item": "https://gate.dataloop.ai/api/v1/items/66210e0e8095cc2ece8947c7",
      "dataset": "https://gate.dataloop.ai/api/v1/datasets/66210e0c0b653c71684ff7a3",
      "srcAnnotation": "6620fb5c088a993899d3ae74",
      "type": "box",
      "label": "player",
      "attributes": [],
      "coordinates": [
        {
          "x": 513.2096226415092,
          "y": 544.8132075471699,
          "z": 0
        },
        {
          "x": 660.3409394383168,
          "y": 945.75320754717,
          "z": 0
        }
      ],
      "metadata": {
        "system": {
          "attributes": {},
          "automated": false,
          "clientId": "f9868cbf-30a6-48e6-b0f0-d4cd72260f62",
          "coordinateVersion": "v2",
          "endFrame": 0,
          "endTime": 0,
          "frame": 0,
          "itemLinks": [],
          "objectId": "3",
          "openAnnotationVersion": "1.75.0-prod.1",
          "plottingParams": {},
          "recipeId": "6620cb3bf7dd129c3fb8e289",
          "snapshots_": [],
          "startTime": 0,
          "system": false
        },
        "user": {}
      },
      "creator": "kim.lichtenberg@wearetriple.com",
      "createdAt": "2024-04-18T12:12:06.564Z",
      "updatedBy": "kim.lichtenberg@wearetriple.com",
      "updatedAt": "2024-04-18T12:12:06.564Z",
      "hash": "b23b7fc007b5af51d5c2a5d2da9a67678721aa8f",
      "source": "ui"
    },
    {
      "id": "66210e168095cccd69894e8a",
      "datasetId": "66210e0c0b653c71684ff7a3",
      "itemId": "66210e0e8095cc2ece8947c7",
      "url": "https://gate.dataloop.ai/api/v1/annotations/66210e168095cccd69894e8a",
      "item": "https://gate.dataloop.ai/api/v1/items/66210e0e8095cc2ece8947c7",
      "dataset": "https://gate.dataloop.ai/api/v1/datasets/66210e0c0b653c71684ff7a3",
      "srcAnnotation": "6620fb5c088a993d1fd3ae79",
      "type": "box",
      "label": "goalkeeper",
      "attributes": [],
      "coordinates": [
        {
          "x": 901.1411022850482,
          "y": 292.63172843742564,
          "z": 0
        },
        {
          "x": 1024.4062521140436,
          "y": 534.2105664291119,
          "z": 0
        }
      ],
      "metadata": {
        "system": {
          "attributes": {},
          "automated": false,
          "clientId": "87782c96-13d6-48b9-9010-e1bababb6346",
          "coordinateVersion": "v2",
          "endFrame": 0,
          "endTime": 0,
          "frame": 0,
          "itemLinks": [],
          "objectId": "5",
          "openAnnotationVersion": "1.75.0-prod.1",
          "plottingParams": {},
          "recipeId": "6620cb3bf7dd129c3fb8e289",
          "snapshots_": [],
          "startTime": 0,
          "system": false
        },
        "user": {}
      },
      "creator": "kim.lichtenberg@wearetriple.com",
      "createdAt": "2024-04-18T12:12:06.687Z",
      "updatedBy": "kim.lichtenberg@wearetriple.com",
      "updatedAt": "2024-04-18T12:12:06.687Z",
      "hash": "a8d102824bd0bbecf84edc7c918bf97f27895f3e",
      "source": "ui"
    },
    {
      "id": "66210e178095cc0324894ede",
      "datasetId": "66210e0c0b653c71684ff7a3",
      "itemId": "66210e0e8095cc2ece8947c7",
      "url": "https://gate.dataloop.ai/api/v1/annotations/66210e178095cc0324894ede",
      "item": "https://gate.dataloop.ai/api/v1/items/66210e0e8095cc2ece8947c7",
      "dataset": "https://gate.dataloop.ai/api/v1/datasets/66210e0c0b653c71684ff7a3",
      "srcAnnotation": "6620fb5c088a9983afd3ae7b",
      "type": "box",
      "label": "football",
      "attributes": [],
      "coordinates": [
        {
          "x": 930.3359165151602,
          "y": 727.9851578849152,
          "z": 0
        },
        {
          "x": 985.9959165151603,
          "y": 770.435157884915,
          "z": 0
        }
      ],
      "metadata": {
        "system": {
          "attributes": {},
          "automated": false,
          "clientId": "e3dce36e-57f3-42d4-8779-81ac00f4b05a",
          "coordinateVersion": "v2",
          "endFrame": 0,
          "endTime": 0,
          "frame": 0,
          "itemLinks": [],
          "objectId": "1",
          "openAnnotationVersion": "1.75.0-prod.1",
          "plottingParams": {},
          "recipeId": "6620cb3bf7dd129c3fb8e289",
          "snapshots_": [],
          "startTime": 0,
          "system": false
        },
        "user": {}
      },
      "creator": "kim.lichtenberg@wearetriple.com",
      "createdAt": "2024-04-18T12:12:07.026Z",
      "updatedBy": "kim.lichtenberg@wearetriple.com",
      "updatedAt": "2024-04-18T12:12:07.026Z",
      "hash": "4c12fc2c6832308abc20d148f86fce6fe66580d7",
      "source": "ui"
    },
    {
      "id": "66210e178095cc2638894f35",
      "datasetId": "66210e0c0b653c71684ff7a3",
      "itemId": "66210e0e8095cc2ece8947c7",
      "url": "https://gate.dataloop.ai/api/v1/annotations/66210e178095cc2638894f35",
      "item": "https://gate.dataloop.ai/api/v1/items/66210e0e8095cc2ece8947c7",
      "dataset": "https://gate.dataloop.ai/api/v1/datasets/66210e0c0b653c71684ff7a3",
      "srcAnnotation": "6620fb5c088a99d90ad3ae75",
      "type": "box",
      "label": "goal-top-left",
      "attributes": [],
      "coordinates": [
        {
          "x": 509.7484670736494,
          "y": 233.36789275458096,
          "z": 0
        },
        {
          "x": 809.7894265159249,
          "y": 381.16927641551956,
          "z": 0
        }
      ],
      "metadata": {
        "system": {
          "attributes": {},
          "automated": false,
          "clientId": "dd92d253-b042-4df3-94ad-2b4f18962f3c",
          "coordinateVersion": "v2",
          "endFrame": 0,
          "endTime": 0,
          "frame": 0,
          "itemLinks": [],
          "objectId": "9",
          "openAnnotationVersion": "1.75.0-prod.1",
          "plottingParams": {},
          "recipeId": "6620cb3bf7dd129c3fb8e289",
          "snapshots_": [],
          "startTime": 0,
          "system": false
        },
        "user": {}
      },
      "creator": "kim.lichtenberg@wearetriple.com",
      "createdAt": "2024-04-18T12:12:07.390Z",
      "updatedBy": "kim.lichtenberg@wearetriple.com",
      "updatedAt": "2024-04-18T12:12:07.390Z",
      "hash": "b2f2c521349a254dd1d9e815defd7a35cac0b69b",
      "source": "ui"
    },
    {
      "id": "66210e178095cc2d5e894f56",
      "datasetId": "66210e0c0b653c71684ff7a3",
      "itemId": "66210e0e8095cc2ece8947c7",
      "url": "https://gate.dataloop.ai/api/v1/annotations/66210e178095cc2d5e894f56",
      "item": "https://gate.dataloop.ai/api/v1/items/66210e0e8095cc2ece8947c7",
      "dataset": "https://gate.dataloop.ai/api/v1/datasets/66210e0c0b653c71684ff7a3",
      "srcAnnotation": "6620fb5c088a99f2d5d3ae7a",
      "type": "box",
      "label": "goal-bottom-right",
      "attributes": [],
      "coordinates": [
        {
          "x": 1110.1232125446336,
          "y": 381.7760335497094,
          "z": 0
        },
        {
          "x": 1410.1641719869094,
          "y": 529.577417210648,
          "z": 0
        }
      ],
      "metadata": {
        "system": {
          "attributes": {},
          "automated": false,
          "clientId": "48acc3be-f126-4f9c-b57e-215699cd8a79",
          "coordinateVersion": "v2",
          "endFrame": 0,
          "endTime": 0,
          "frame": 0,
          "itemLinks": [],
          "objectId": "51",
          "openAnnotationVersion": "1.75.0-prod.1",
          "plottingParams": {},
          "recipeId": "6620cb3bf7dd129c3fb8e289",
          "snapshots_": [],
          "startTime": 0,
          "system": false
        },
        "user": {}
      },
      "creator": "kim.lichtenberg@wearetriple.com",
      "createdAt": "2024-04-18T12:12:07.519Z",
      "updatedBy": "kim.lichtenberg@wearetriple.com",
      "updatedAt": "2024-04-18T12:12:07.519Z",
      "hash": "2975cf753ab9b2515de4fde134f0d79c605dd310",
      "source": "ui"
    },
    {
      "id": "66210e178095cc3033894efd",
      "datasetId": "66210e0c0b653c71684ff7a3",
      "itemId": "66210e0e8095cc2ece8947c7",
      "url": "https://gate.dataloop.ai/api/v1/annotations/66210e178095cc3033894efd",
      "item": "https://gate.dataloop.ai/api/v1/items/66210e0e8095cc2ece8947c7",
      "dataset": "https://gate.dataloop.ai/api/v1/datasets/66210e0c0b653c71684ff7a3",
      "srcAnnotation": "6620fb5c088a99ba78d3ae78",
      "type": "box",
      "label": "goal-middle-up",
      "attributes": [],
      "coordinates": [
        {
          "x": 810.1311204331535,
          "y": 233.400564430087,
          "z": 0
        },
        {
          "x": 1109.6152633201598,
          "y": 381.20194809102566,
          "z": 0
        }
      ],
      "metadata": {
        "system": {
          "attributes": {},
          "automated": false,
          "clientId": "32762e61-3bfb-47b0-bddd-661fcd85deb7",
          "coordinateVersion": "v2",
          "endFrame": 0,
          "endTime": 0,
          "frame": 0,
          "itemLinks": [],
          "objectId": "42",
          "openAnnotationVersion": "1.75.0-prod.1",
          "plottingParams": {},
          "recipeId": "6620cb3bf7dd129c3fb8e289",
          "snapshots_": [],
          "startTime": 0,
          "system": false
        },
        "user": {}
      },
      "creator": "kim.lichtenberg@wearetriple.com",
      "createdAt": "2024-04-18T12:12:07.157Z",
      "updatedBy": "kim.lichtenberg@wearetriple.com",
      "updatedAt": "2024-04-18T12:12:07.157Z",
      "hash": "9f750086982c65b92eb0866f1b1af1193579c1dd",
      "source": "ui"
    },
    {
      "id": "66210e178095cc39ec894f75",
      "datasetId": "66210e0c0b653c71684ff7a3",
      "itemId": "66210e0e8095cc2ece8947c7",
      "url": "https://gate.dataloop.ai/api/v1/annotations/66210e178095cc39ec894f75",
      "item": "https://gate.dataloop.ai/api/v1/items/66210e0e8095cc2ece8947c7",
      "dataset": "https://gate.dataloop.ai/api/v1/datasets/66210e0c0b653c71684ff7a3",
      "srcAnnotation": "6620fe8872b11a9777e0ffc3",
      "type": "box",
      "label": "circle",
      "attributes": [],
      "coordinates": [
        {
          "x": 829.54,
          "y": 728.27,
          "z": 0
        },
        {
          "x": 1086.48,
          "y": 785.09,
          "z": 0
        }
      ],
      "metadata": {
        "system": {
          "attributes": {},
          "automated": false,
          "clientId": "0a0fecc9-2b4b-4325-8840-f0efc5205d33",
          "coordinateVersion": "v2",
          "endFrame": 0,
          "endTime": 0,
          "frame": 0,
          "itemLinks": [],
          "objectId": "52",
          "openAnnotationVersion": "1.75.0-prod.1",
          "recipeId": "6620cb3bf7dd129c3fb8e289",
          "snapshots_": [],
          "startTime": 0,
          "system": false
        },
        "user": {}
      },
      "creator": "kim.lichtenberg@wearetriple.com",
      "createdAt": "2024-04-18T12:12:07.664Z",
      "updatedBy": "kim.lichtenberg@wearetriple.com",
      "updatedAt": "2024-04-18T12:12:07.664Z",
      "hash": "9a43b20957568cc43c4648789612c53b6779bcb4",
      "source": "ui"
    },
    {
      "id": "66210e178095cc446b894f17",
      "datasetId": "66210e0c0b653c71684ff7a3",
      "itemId": "66210e0e8095cc2ece8947c7",
      "url": "https://gate.dataloop.ai/api/v1/annotations/66210e178095cc446b894f17",
      "item": "https://gate.dataloop.ai/api/v1/items/66210e0e8095cc2ece8947c7",
      "dataset": "https://gate.dataloop.ai/api/v1/datasets/66210e0c0b653c71684ff7a3",
      "srcAnnotation": "6620fb5c088a99c019d3ae77",
      "type": "box",
      "label": "goal-top-right",
      "attributes": [],
      "coordinates": [
        {
          "x": 1109.9232072237482,
          "y": 233.5121050067239,
          "z": 0
        },
        {
          "x": 1410.2287249676674,
          "y": 381.3134886676626,
          "z": 0
        }
      ],
      "metadata": {
        "system": {
          "attributes": {},
          "automated": false,
          "clientId": "2b244cf6-b7f5-405b-8ff1-688e8c3eab51",
          "coordinateVersion": "v2",
          "endFrame": 0,
          "endTime": 0,
          "frame": 0,
          "itemLinks": [],
          "objectId": "43",
          "openAnnotationVersion": "1.75.0-prod.1",
          "plottingParams": {},
          "recipeId": "6620cb3bf7dd129c3fb8e289",
          "snapshots_": [],
          "startTime": 0,
          "system": false
        },
        "user": {}
      },
      "creator": "kim.lichtenberg@wearetriple.com",
      "createdAt": "2024-04-18T12:12:07.265Z",
      "updatedBy": "kim.lichtenberg@wearetriple.com",
      "updatedAt": "2024-04-18T12:12:07.265Z",
      "hash": "a8cbc15eeeaeb9f459dd2b34855119593f782470",
      "source": "ui"
    }
  ],
  "annotationsCount": 10,
  "annotated": true,
  "srcItem": "6620cb8ba62300567cc92e75",
  "srcDataset": "6620cb3b6abc12d47dfc6ce9"
}