{
  "id": "66210e0e8095cc6a6789480d",
  "datasetId": "66210e0c0b653c71684ff7a3",
  "url": "https://gate.dataloop.ai/api/v1/items/66210e0e8095cc6a6789480d",
  "dataset": "https://gate.dataloop.ai/api/v1/datasets/66210e0c0b653c71684ff7a3",
  "createdAt": "2024-04-18T12:11:56.512Z",
  "dir": "/part0",
  "filename": "/part0/ezgif-frame-140.jpg",
  "type": "file",
  "hidden": false,
  "metadata": {
    "system": {
      "channels": 3,
      "encoding": "7bit",
      "height": 1080,
      "isBinary": true,
      "mimetype": "image/jpeg",
      "modalities": [],
      "originalname": "ezgif-frame-140.jpg",
      "refs": [],
      "size": 54839,
      "taskStatusLog": [],
      "thumbnailId": "66210e108095cce2f38949ec",
      "width": 1920
    }
  },
  "name": "ezgif-frame-140.jpg",
  "creator": "kim.lichtenberg@wearetriple.com",
  "updatedAt": "2024-04-18T12:12:29.598Z",
  "updatedBy": "rubiks@dataloop.ai",
  "stream": "https://gate.dataloop.ai/api/v1/items/66210e0e8095cc6a6789480d/stream",
  "thumbnail": "https://gate.dataloop.ai/api/v1/items/66210e0e8095cc6a6789480d/thumbnail",
  "annotations": [
    {
      "id": "66210e148095cc382b894c69",
      "datasetId": "66210e0c0b653c71684ff7a3",
      "itemId": "66210e0e8095cc6a6789480d",
      "url": "https://gate.dataloop.ai/api/v1/annotations/66210e148095cc382b894c69",
      "item": "https://gate.dataloop.ai/api/v1/items/66210e0e8095cc6a6789480d",
      "dataset": "https://gate.dataloop.ai/api/v1/datasets/66210e0c0b653c71684ff7a3",
      "srcAnnotation": "66210b2dc7f03400101abd46",
      "type": "box",
      "label": "goal-middle-up",
      "attributes": [],
      "coordinates": [
        {
          "x": 781.5137018345774,
          "y": 184.50420963650305,
          "z": 0
        },
        {
          "x": 1122.5139893720848,
          "y": 355.65001278090523,
          "z": 0
        }
      ],
      "metadata": {
        "system": {
          "attributes": {},
          "automated": false,
          "clientId": "57570345-7449-4fbb-bc86-6a873d8c6a7b",
          "coordinateVersion": "v2",
          "endFrame": 0,
          "endTime": 0,
          "frame": 0,
          "itemLinks": [],
          "objectId": "13",
          "openAnnotationVersion": "1.75.0-prod.1",
          "plottingParams": {},
          "recipeId": "6620cb3bf7dd129c3fb8e289",
          "snapshots_": [],
          "startTime": 0,
          "system": false
        },
        "user": {}
      },
      "creator": "kim.lichtenberg@wearetriple.com",
      "createdAt": "2024-04-18T12:12:04.086Z",
      "updatedBy": "kim.lichtenberg@wearetriple.com",
      "updatedAt": "2024-04-18T12:12:04.086Z",
      "hash": "37b03c5f9ad5fe29efc4584e80836498d922e02a",
      "source": "ui"
    },
    {
      "id": "66210e148095cc3c2c894cd7",
      "datasetId": "66210e0c0b653c71684ff7a3",
      "itemId": "66210e0e8095cc6a6789480d",
      "url": "https://gate.dataloop.ai/api/v1/annotations/66210e148095cc3c2c894cd7",
      "item": "https://gate.dataloop.ai/api/v1/items/66210e0e8095cc6a6789480d",
      "dataset": "https://gate.dataloop.ai/api/v1/datasets/66210e0c0b653c71684ff7a3",
      "srcAnnotation": "66210b2dc7f034706d1abd41",
      "type": "box",
      "label": "football",
      "attributes": [],
      "coordinates": [
        {
          "x": 926.9906631108026,
          "y": 750.2809578483855,
          "z": 0
        },
        {
          "x": 990.1868945110352,
          "y": 801.6525189166464,
          "z": 0
        }
      ],
      "metadata": {
        "system": {
          "attributes": {},
          "automated": false,
          "clientId": "1ee832a1-f917-416c-aacd-e0d220fb2721",
          "coordinateVersion": "v2",
          "endFrame": 0,
          "endTime": 0,
          "frame": 0,
          "itemLinks": [],
          "objectId": "11",
          "openAnnotationVersion": "1.75.0-prod.1",
          "plottingParams": {},
          "recipeId": "6620cb3bf7dd129c3fb8e289",
          "snapshots_": [],
          "startTime": 0,
          "system": false
        },
        "user": {}
      },
      "creator": "kim.lichtenberg@wearetriple.com",
      "createdAt": "2024-04-18T12:12:04.705Z",
      "updatedBy": "kim.lichtenberg@wearetriple.com",
      "updatedAt": "2024-04-18T12:12:04.705Z",
      "hash": "e50dcb5dfe45bbfd9fa897a09533f97938b735ce",
      "source": "ui"
    },
    {
      "id": "66210e148095cc45ba894c9e",
      "datasetId": "66210e0c0b653c71684ff7a3",
      "itemId": "66210e0e8095cc6a6789480d",
      "url": "https://gate.dataloop.ai/api/v1/annotations/66210e148095cc45ba894c9e",
      "item": "https://gate.dataloop.ai/api/v1/items/66210e0e8095cc6a6789480d",
      "dataset": "https://gate.dataloop.ai/api/v1/datasets/66210e0c0b653c71684ff7a3",
      "srcAnnotation": "66210b2dc7f03435de1abd42",
      "type": "box",
      "label": "goal-bottom-left",
      "attributes": [],
      "coordinates": [
        {
          "x": 440.8307800336099,
          "y": 356.6575895759225,
          "z": 0
        },
        {
          "x": 781.4492794145477,
          "y": 527.3986758364473,
          "z": 0
        }
      ],
      "metadata": {
        "system": {
          "attributes": {},
          "automated": false,
          "clientId": "e07b7d45-6308-4920-9154-ae0843b3857d",
          "coordinateVersion": "v2",
          "endFrame": 0,
          "endTime": 0,
          "frame": 0,
          "itemLinks": [],
          "objectId": "15",
          "openAnnotationVersion": "1.75.0-prod.1",
          "plottingParams": {},
          "recipeId": "6620cb3bf7dd129c3fb8e289",
          "snapshots_": [],
          "startTime": 0,
          "system": false
        },
        "user": {}
      },
      "creator": "kim.lichtenberg@wearetriple.com",
      "createdAt": "2024-04-18T12:12:04.370Z",
      "updatedBy": "kim.lichtenberg@wearetriple.com",
      "updatedAt": "2024-04-18T12:12:04.370Z",
      "hash": "ce5fa8dbd72256ff72319cc6ef2646d388507383",
      "source": "ui"
    },
    {
      "id": "66210e148095cc6e28894cb0",
      "datasetId": "66210e0c0b653c71684ff7a3",
      "itemId": "66210e0e8095cc6a6789480d",
      "url": "https://gate.dataloop.ai/api/v1/annotations/66210e148095cc6e28894cb0",
      "item": "https://gate.dataloop.ai/api/v1/items/66210e0e8095cc6a6789480d",
      "dataset": "https://gate.dataloop.ai/api/v1/datasets/66210e0c0b653c71684ff7a3",
      "srcAnnotation": "66210b2dc7f0343b361abd45",
      "type": "box",
      "label": "goal-top-left",
      "attributes": [],
      "coordinates": [
        {
          "x": 439.9736108431633,
          "y": 185.4959832765519,
          "z": 0
        },
        {
          "x": 781.3253282655502,
          "y": 356.4766165036492,
          "z": 0
        }
      ],
      "metadata": {
        "system": {
          "attributes": {},
          "automated": false,
          "clientId": "a34720cd-a94e-47ee-aca6-154432da3acc",
          "coordinateVersion": "v2",
          "endFrame": 0,
          "endTime": 0,
          "frame": 0,
          "itemLinks": [],
          "objectId": "12",
          "openAnnotationVersion": "1.75.0-prod.1",
          "plottingParams": {},
          "recipeId": "6620cb3bf7dd129c3fb8e289",
          "snapshots_": [],
          "startTime": 0,
          "system": false
        },
        "user": {}
      },
      "creator": "kim.lichtenberg@wearetriple.com",
      "createdAt": "2024-04-18T12:12:04.482Z",
      "updatedBy": "kim.lichtenberg@wearetriple.com",
      "updatedAt": "2024-04-18T12:12:04.482Z",
      "hash": "47682ddbea12657df0092d801c086086b363abfa",
      "source": "ui"
    },
    {
      "id": "66210e148095cc8365894c7d",
      "datasetId": "66210e0c0b653c71684ff7a3",
      "itemId": "66210e0e8095cc6a6789480d",
      "url": "https://gate.dataloop.ai/api/v1/annotations/66210e148095cc8365894c7d",
      "item": "https://gate.dataloop.ai/api/v1/items/66210e0e8095cc6a6789480d",
      "dataset": "https://gate.dataloop.ai/api/v1/datasets/66210e0c0b653c71684ff7a3",
      "srcAnnotation": "66210b2dc7f03406d41abd40",
      "type": "box",
      "label": "goal-middle-down",
      "attributes": [],
      "coordinates": [
        {
          "x": 782.6987917487156,
          "y": 356.43452259216474,
          "z": 0
        },
        {
          "x": 1122.75252977826,
          "y": 527.5917990428802,
          "z": 0
        }
      ],
      "metadata": {
        "system": {
          "attributes": {},
          "automated": false,
          "clientId": "e13e5231-68a6-4d15-af4a-41b118672edf",
          "coordinateVersion": "v2",
          "endFrame": 0,
          "endTime": 0,
          "frame": 0,
          "itemLinks": [],
          "objectId": "16",
          "openAnnotationVersion": "1.75.0-prod.1",
          "plottingParams": {},
          "recipeId": "6620cb3bf7dd129c3fb8e289",
          "snapshots_": [],
          "startTime": 0,
          "system": false
        },
        "user": {}
      },
      "creator": "kim.lichtenberg@wearetriple.com",
      "createdAt": "2024-04-18T12:12:04.193Z",
      "updatedBy": "kim.lichtenberg@wearetriple.com",
      "updatedAt": "2024-04-18T12:12:04.193Z",
      "hash": "b469b4e2d7471bcaea72d0a1805f112faae198ea",
      "source": "ui"
    },
    {
      "id": "66210e148095cc8aa1894d00",
      "datasetId": "66210e0c0b653c71684ff7a3",
      "itemId": "66210e0e8095cc6a6789480d",
      "url": "https://gate.dataloop.ai/api/v1/annotations/66210e148095cc8aa1894d00",
      "item": "https://gate.dataloop.ai/api/v1/items/66210e0e8095cc6a6789480d",
      "dataset": "https://gate.dataloop.ai/api/v1/datasets/66210e0c0b653c71684ff7a3",
      "srcAnnotation": "66210b2dc7f034bed61abd44",
      "type": "box",
      "label": "goal-bottom-right",
      "attributes": [],
      "coordinates": [
        {
          "x": 1122.7534324702533,
          "y": 355.9630621337077,
          "z": 0
        },
        {
          "x": 1464.6128025575194,
          "y": 526.6472046358448,
          "z": 0
        }
      ],
      "metadata": {
        "system": {
          "attributes": {},
          "automated": false,
          "clientId": "7d849386-6fd3-4c71-b702-1d6a4667a55a",
          "coordinateVersion": "v2",
          "endFrame": 0,
          "endTime": 0,
          "frame": 0,
          "itemLinks": [],
          "objectId": "17",
          "openAnnotationVersion": "1.75.0-prod.1",
          "plottingParams": {},
          "recipeId": "6620cb3bf7dd129c3fb8e289",
          "snapshots_": [],
          "startTime": 0,
          "system": false
        },
        "user": {}
      },
      "creator": "kim.lichtenberg@wearetriple.com",
      "createdAt": "2024-04-18T12:12:04.913Z",
      "updatedBy": "kim.lichtenberg@wearetriple.com",
      "updatedAt": "2024-04-18T12:12:04.913Z",
      "hash": "d586d0093af941d86d74a5f3eca0c543b02c9aff",
      "source": "ui"
    },
    {
      "id": "66210e148095cc90f6894c8c",
      "datasetId": "66210e0c0b653c71684ff7a3",
      "itemId": "66210e0e8095cc6a6789480d",
      "url": "https://gate.dataloop.ai/api/v1/annotations/66210e148095cc90f6894c8c",
      "item": "https://gate.dataloop.ai/api/v1/items/66210e0e8095cc6a6789480d",
      "dataset": "https://gate.dataloop.ai/api/v1/datasets/66210e0c0b653c71684ff7a3",
      "srcAnnotation": "66210b2dc7f03410cc1abd47",
      "type": "box",
      "label": "goal-top-right",
      "attributes": [],
      "coordinates": [
        {
          "x": 1122.8772162808646,
          "y": 184.92413847064014,
          "z": 0
        },
        {
          "x": 1464.4500429182292,
          "y": 355.9358959209328,
          "z": 0
        }
      ],
      "metadata": {
        "system": {
          "attributes": {},
          "automated": false,
          "clientId": "6dcab318-5a48-41be-b7c9-08806cb2b3a7",
          "coordinateVersion": "v2",
          "endFrame": 0,
          "endTime": 0,
          "frame": 0,
          "itemLinks": [],
          "objectId": "14",
          "openAnnotationVersion": "1.75.0-prod.1",
          "plottingParams": {},
          "recipeId": "6620cb3bf7dd129c3fb8e289",
          "snapshots_": [],
          "startTime": 0,
          "system": false
        },
        "user": {}
      },
      "creator": "kim.lichtenberg@wearetriple.com",
      "createdAt": "2024-04-18T12:12:04.284Z",
      "updatedBy": "kim.lichtenberg@wearetriple.com",
      "updatedAt": "2024-04-18T12:12:04.284Z",
      "hash": "843029ec0833296bc9db7dd19841f00e54163041",
      "source": "ui"
    },
    {
      "id": "66210e148095ccb8b7894cc6",
      "datasetId": "66210e0c0b653c71684ff7a3",
      "itemId": "66210e0e8095cc6a6789480d",
      "url": "https://gate.dataloop.ai/api/v1/annotations/66210e148095ccb8b7894cc6",
      "item": "https://gate.dataloop.ai/api/v1/items/66210e0e8095cc6a6789480d",
      "dataset": "https://gate.dataloop.ai/api/v1/datasets/66210e0c0b653c71684ff7a3",
      "srcAnnotation": "66210b2dc7f0345bf51abd3f",
      "type": "box",
      "label": "goalkeeper",
      "attributes": [],
      "coordinates": [
        {
          "x": 881.6018151695396,
          "y": 268.16736874639696,
          "z": 0
        },
        {
          "x": 1043.769764930761,
          "y": 529.5908061838533,
          "z": 0
        }
      ],
      "metadata": {
        "system": {
          "attributes": {},
          "automated": false,
          "clientId": "1784dfef-cc26-4e97-a337-f66acb37000f",
          "coordinateVersion": "v2",
          "endFrame": 0,
          "endTime": 0,
          "frame": 0,
          "itemLinks": [],
          "objectId": "8",
          "openAnnotationVersion": "1.75.0-prod.1",
          "plottingParams": {},
          "recipeId": "6620cb3bf7dd129c3fb8e289",
          "snapshots_": [],
          "startTime": 0,
          "system": false
        },
        "user": {}
      },
      "creator": "kim.lichtenberg@wearetriple.com",
      "createdAt": "2024-04-18T12:12:04.599Z",
      "updatedBy": "kim.lichtenberg@wearetriple.com",
      "updatedAt": "2024-04-18T12:12:04.599Z",
      "hash": "4eeaab02dc7c69f28d4eafde1533fd609b9be362",
      "source": "ui"
    },
    {
      "id": "66210e148095ccf09f894cea",
      "datasetId": "66210e0c0b653c71684ff7a3",
      "itemId": "66210e0e8095cc6a6789480d",
      "url": "https://gate.dataloop.ai/api/v1/annotations/66210e148095ccf09f894cea",
      "item": "https://gate.dataloop.ai/api/v1/items/66210e0e8095cc6a6789480d",
      "dataset": "https://gate.dataloop.ai/api/v1/datasets/66210e0c0b653c71684ff7a3",
      "srcAnnotation": "66210b2dc7f034870b1abd43",
      "type": "box",
      "label": "player",
      "attributes": [],
      "coordinates": [
        {
          "x": 685.8025165924272,
          "y": 498.74329669418705,
          "z": 0
        },
        {
          "x": 888.6395681245739,
          "y": 872.1407459589867,
          "z": 0
        }
      ],
      "metadata": {
        "system": {
          "attributes": {},
          "automated": false,
          "clientId": "507126ac-0b04-4bbe-ba22-0a82e8bb16b4",
          "coordinateVersion": "v2",
          "endFrame": 0,
          "endTime": 0,
          "frame": 0,
          "itemLinks": [],
          "objectId": "9",
          "openAnnotationVersion": "1.75.0-prod.1",
          "plottingParams": {},
          "recipeId": "6620cb3bf7dd129c3fb8e289",
          "snapshots_": [],
          "startTime": 0,
          "system": false
        },
        "user": {}
      },
      "creator": "kim.lichtenberg@wearetriple.com",
      "createdAt": "2024-04-18T12:12:04.803Z",
      "updatedBy": "kim.lichtenberg@wearetriple.com",
      "updatedAt": "2024-04-18T12:12:04.803Z",
      "hash": "c8277c7573949069f03192afb763a597ad7579d6",
      "source": "ui"
    }
  ],
  "annotationsCount": 9,
  "annotated": true,
  "srcItem": "6620cb876cc97426b957283b",
  "srcDataset": "6620cb3b6abc12d47dfc6ce9"
}