{
  "id": "66210e0e8095ccaaf5894820",
  "datasetId": "66210e0c0b653c71684ff7a3",
  "url": "https://gate.dataloop.ai/api/v1/items/66210e0e8095ccaaf5894820",
  "dataset": "https://gate.dataloop.ai/api/v1/datasets/66210e0c0b653c71684ff7a3",
  "createdAt": "2024-04-18T12:11:56.513Z",
  "dir": "/part0",
  "filename": "/part0/ezgif-frame-147.jpg",
  "type": "file",
  "hidden": false,
  "metadata": {
    "system": {
      "channels": 3,
      "encoding": "7bit",
      "height": 1080,
      "isBinary": true,
      "mimetype": "image/jpeg",
      "modalities": [],
      "originalname": "ezgif-frame-147.jpg",
      "refs": [],
      "size": 54350,
      "taskStatusLog": [],
      "thumbnailId": "66210e108095cce7ad8949ed",
      "width": 1920
    }
  },
  "name": "ezgif-frame-147.jpg",
  "creator": "kim.lichtenberg@wearetriple.com",
  "updatedAt": "2024-04-18T12:12:30.043Z",
  "updatedBy": "rubiks@dataloop.ai",
  "stream": "https://gate.dataloop.ai/api/v1/items/66210e0e8095ccaaf5894820/stream",
  "thumbnail": "https://gate.dataloop.ai/api/v1/items/66210e0e8095ccaaf5894820/thumbnail",
  "annotations": [
    {
      "id": "66210e1f8095cc61958953dd",
      "datasetId": "66210e0c0b653c71684ff7a3",
      "itemId": "66210e0e8095ccaaf5894820",
      "url": "https://gate.dataloop.ai/api/v1/annotations/66210e1f8095cc61958953dd",
      "item": "https://gate.dataloop.ai/api/v1/items/66210e0e8095ccaaf5894820",
      "dataset": "https://gate.dataloop.ai/api/v1/datasets/66210e0c0b653c71684ff7a3",
      "srcAnnotation": "6621082c088a99e36cd3d527",
      "type": "box",
      "label": "football",
      "attributes": [],
      "coordinates": [
        {
          "x": 1101.2971324542616,
          "y": 332.74913886831837,
          "z": 0
        },
        {
          "x": 1161.6771324542615,
          "y": 378.97913886831844,
          "z": 0
        }
      ],
      "metadata": {
        "system": {
          "attributes": {},
          "automated": false,
          "clientId": "2be9aa75-9206-4f64-a0b3-9f8f697d473a",
          "coordinateVersion": "v2",
          "endFrame": 0,
          "endTime": 0,
          "frame": 0,
          "isOnlyLocal": false,
          "isOpen": false,
          "itemLinks": [],
          "objectId": "11",
          "openAnnotationVersion": "1.75.0-prod.1",
          "plottingParams": {},
          "recipeId": "6620cb3bf7dd129c3fb8e289",
          "snapshots_": [],
          "startTime": 0,
          "system": false
        },
        "user": {}
      },
      "creator": "kim.lichtenberg@wearetriple.com",
      "createdAt": "2024-04-18T12:12:15.475Z",
      "updatedBy": "kim.lichtenberg@wearetriple.com",
      "updatedAt": "2024-04-18T12:12:15.475Z",
      "hash": "75c7c7bd56b26a7a514b5f01040dad095aadb1ed",
      "source": "ui"
    },
    {
      "id": "66210e1f8095cc675c8953f0",
      "datasetId": "66210e0c0b653c71684ff7a3",
      "itemId": "66210e0e8095ccaaf5894820",
      "url": "https://gate.dataloop.ai/api/v1/annotations/66210e1f8095cc675c8953f0",
      "item": "https://gate.dataloop.ai/api/v1/items/66210e0e8095ccaaf5894820",
      "dataset": "https://gate.dataloop.ai/api/v1/datasets/66210e0c0b653c71684ff7a3",
      "srcAnnotation": "662108f7c7f03473041ab418",
      "type": "box",
      "label": "goal-middle-down",
      "attributes": [],
      "coordinates": [
        {
          "x": 786.3761759478302,
          "y": 356.88704544601455,
          "z": 0
        },
        {
          "x": 1131.8877720194241,
          "y": 528.0443218967301,
          "z": 0
        }
      ],
      "metadata": {
        "system": {
          "attributes": {},
          "automated": false,
          "clientId": "8de3de3c-b719-435f-a35f-99f454580227",
          "coordinateVersion": "v2",
          "endFrame": 0,
          "endTime": 0,
          "frame": 0,
          "itemLinks": [],
          "objectId": "17",
          "openAnnotationVersion": "1.75.0-prod.1",
          "plottingParams": {},
          "recipeId": "6620cb3bf7dd129c3fb8e289",
          "snapshots_": [],
          "startTime": 0,
          "system": false
        },
        "user": {}
      },
      "creator": "kim.lichtenberg@wearetriple.com",
      "createdAt": "2024-04-18T12:12:15.758Z",
      "updatedBy": "kim.lichtenberg@wearetriple.com",
      "updatedAt": "2024-04-18T12:12:15.758Z",
      "hash": "32162a0654091ecab0a5d8549481e7dd0d9c5b7e",
      "source": "ui"
    },
    {
      "id": "66210e1f8095cc68968953e8",
      "datasetId": "66210e0c0b653c71684ff7a3",
      "itemId": "66210e0e8095ccaaf5894820",
      "url": "https://gate.dataloop.ai/api/v1/annotations/66210e1f8095cc68968953e8",
      "item": "https://gate.dataloop.ai/api/v1/items/66210e0e8095ccaaf5894820",
      "dataset": "https://gate.dataloop.ai/api/v1/datasets/66210e0c0b653c71684ff7a3",
      "srcAnnotation": "662108e0088a998286d3d643",
      "type": "box",
      "label": "goal-top-right",
      "attributes": [],
      "coordinates": [
        {
          "x": 1133.9629815308285,
          "y": 184.92413847064014,
          "z": 0
        },
        {
          "x": 1480.2009622246799,
          "y": 355.93589592093286,
          "z": 0
        }
      ],
      "metadata": {
        "system": {
          "attributes": {},
          "automated": false,
          "clientId": "7bd0d86f-2f01-499f-9514-cb1269acca0d",
          "coordinateVersion": "v2",
          "endFrame": 0,
          "endTime": 0,
          "frame": 0,
          "itemLinks": [],
          "objectId": "15",
          "openAnnotationVersion": "1.75.0-prod.1",
          "plottingParams": {},
          "recipeId": "6620cb3bf7dd129c3fb8e289",
          "snapshots_": [],
          "startTime": 0,
          "system": false
        },
        "user": {}
      },
      "creator": "kim.lichtenberg@wearetriple.com",
      "createdAt": "2024-04-18T12:12:15.648Z",
      "updatedBy": "kim.lichtenberg@wearetriple.com",
      "updatedAt": "2024-04-18T12:12:15.648Z",
      "hash": "10e863ab24c27cee56a07906f31c8109759f1901",
      "source": "ui"
    },
    {
      "id": "66210e1f8095cc6c658953e0",
      "datasetId": "66210e0c0b653c71684ff7a3",
      "itemId": "66210e0e8095ccaaf5894820",
      "url": "https://gate.dataloop.ai/api/v1/annotations/66210e1f8095cc6c658953e0",
      "item": "https://gate.dataloop.ai/api/v1/items/66210e0e8095ccaaf5894820",
      "dataset": "https://gate.dataloop.ai/api/v1/datasets/66210e0c0b653c71684ff7a3",
      "srcAnnotation": "662108bbc7f03403c41ab34f",
      "type": "box",
      "label": "goal-top-left",
      "attributes": [],
      "coordinates": [
        {
          "x": 439.9736108431632,
          "y": 185.4959832765519,
          "z": 0
        },
        {
          "x": 786.0491518716674,
          "y": 356.47661650364927,
          "z": 0
        }
      ],
      "metadata": {
        "system": {
          "attributes": {},
          "automated": false,
          "clientId": "76053282-2043-4b60-a0df-3239da9574b9",
          "coordinateVersion": "v2",
          "endFrame": 0,
          "endTime": 0,
          "frame": 0,
          "itemLinks": [],
          "objectId": "13",
          "openAnnotationVersion": "1.75.0-prod.1",
          "plottingParams": {},
          "recipeId": "6620cb3bf7dd129c3fb8e289",
          "snapshots_": [],
          "startTime": 0,
          "system": false
        },
        "user": {}
      },
      "creator": "kim.lichtenberg@wearetriple.com",
      "createdAt": "2024-04-18T12:12:15.531Z",
      "updatedBy": "kim.lichtenberg@wearetriple.com",
      "updatedAt": "2024-04-18T12:12:15.531Z",
      "hash": "b40199bf1c735216074ae941182afcf2d5c04c5f",
      "source": "ui"
    },
    {
      "id": "66210e1f8095ccb8948953e5",
      "datasetId": "66210e0c0b653c71684ff7a3",
      "itemId": "66210e0e8095ccaaf5894820",
      "url": "https://gate.dataloop.ai/api/v1/annotations/66210e1f8095ccb8948953e5",
      "item": "https://gate.dataloop.ai/api/v1/items/66210e0e8095ccaaf5894820",
      "dataset": "https://gate.dataloop.ai/api/v1/datasets/66210e0c0b653c71684ff7a3",
      "srcAnnotation": "662108d272b11a30cbe11d78",
      "type": "box",
      "label": "goal-middle-up",
      "attributes": [],
      "coordinates": [
        {
          "x": 787.2226429881566,
          "y": 184.80387501510285,
          "z": 0
        },
        {
          "x": 1132.8401490891217,
          "y": 355.94967815950514,
          "z": 0
        }
      ],
      "metadata": {
        "system": {
          "attributes": {},
          "automated": false,
          "clientId": "1fa80c63-d260-4170-952f-cbd7d627aa91",
          "coordinateVersion": "v2",
          "endFrame": 0,
          "endTime": 0,
          "frame": 0,
          "itemLinks": [],
          "objectId": "14",
          "openAnnotationVersion": "1.75.0-prod.1",
          "plottingParams": {},
          "recipeId": "6620cb3bf7dd129c3fb8e289",
          "snapshots_": [],
          "startTime": 0,
          "system": false
        },
        "user": {}
      },
      "creator": "kim.lichtenberg@wearetriple.com",
      "createdAt": "2024-04-18T12:12:15.593Z",
      "updatedBy": "kim.lichtenberg@wearetriple.com",
      "updatedAt": "2024-04-18T12:12:15.593Z",
      "hash": "9cc94fe3f0b9cf233a41ca6928063b5273ab71d9",
      "source": "ui"
    },
    {
      "id": "66210e1f8095ccd8ba8953d5",
      "datasetId": "66210e0c0b653c71684ff7a3",
      "itemId": "66210e0e8095ccaaf5894820",
      "url": "https://gate.dataloop.ai/api/v1/annotations/66210e1f8095ccd8ba8953d5",
      "item": "https://gate.dataloop.ai/api/v1/items/66210e0e8095ccaaf5894820",
      "dataset": "https://gate.dataloop.ai/api/v1/datasets/66210e0c0b653c71684ff7a3",
      "srcAnnotation": "6621082c088a991101d3d528",
      "type": "box",
      "label": "goalkeeper",
      "attributes": [],
      "coordinates": [
        {
          "x": 732.0718867924527,
          "y": 378.771762044057,
          "z": 0
        },
        {
          "x": 883.3513552483788,
          "y": 543.8639622641508,
          "z": 0
        }
      ],
      "metadata": {
        "system": {
          "attributes": {},
          "automated": false,
          "clientId": "7eeb1da0-4f9f-4bba-af33-159b04dfded6",
          "coordinateVersion": "v2",
          "endFrame": 0,
          "endTime": 0,
          "frame": 0,
          "isOnlyLocal": false,
          "isOpen": false,
          "itemLinks": [],
          "objectId": "8",
          "openAnnotationVersion": "1.75.0-prod.1",
          "plottingParams": {},
          "recipeId": "6620cb3bf7dd129c3fb8e289",
          "snapshots_": [],
          "startTime": 0,
          "system": false
        },
        "user": {}
      },
      "creator": "kim.lichtenberg@wearetriple.com",
      "createdAt": "2024-04-18T12:12:15.341Z",
      "updatedBy": "kim.lichtenberg@wearetriple.com",
      "updatedAt": "2024-04-18T12:12:15.341Z",
      "hash": "a5d16cb196885f7bad593106f8ea42dee68dd57f",
      "source": "ui"
    },
    {
      "id": "66210e1f8095ccefaf8953f5",
      "datasetId": "66210e0c0b653c71684ff7a3",
      "itemId": "66210e0e8095ccaaf5894820",
      "url": "https://gate.dataloop.ai/api/v1/annotations/66210e1f8095ccefaf8953f5",
      "item": "https://gate.dataloop.ai/api/v1/items/66210e0e8095ccaaf5894820",
      "dataset": "https://gate.dataloop.ai/api/v1/datasets/66210e0c0b653c71684ff7a3",
      "srcAnnotation": "6621090672b11a3767e11e0e",
      "type": "box",
      "label": "goal-bottom-left",
      "attributes": [],
      "coordinates": [
        {
          "x": 439.98045014195174,
          "y": 356.8764559754766,
          "z": 0
        },
        {
          "x": 785.8222426265738,
          "y": 527.6175422360013,
          "z": 0
        }
      ],
      "metadata": {
        "system": {
          "attributes": {},
          "automated": false,
          "clientId": "6cc6b3ba-f98b-4a8b-afd2-3f80bd35fd7f",
          "coordinateVersion": "v2",
          "endFrame": 0,
          "endTime": 0,
          "frame": 0,
          "itemLinks": [],
          "objectId": "18",
          "openAnnotationVersion": "1.75.0-prod.1",
          "plottingParams": {},
          "recipeId": "6620cb3bf7dd129c3fb8e289",
          "snapshots_": [],
          "startTime": 0,
          "system": false
        },
        "user": {}
      },
      "creator": "kim.lichtenberg@wearetriple.com",
      "createdAt": "2024-04-18T12:12:15.820Z",
      "updatedBy": "kim.lichtenberg@wearetriple.com",
      "updatedAt": "2024-04-18T12:12:15.820Z",
      "hash": "ade171ee9717332679ff7dd654c0b1ef1897b32a",
      "source": "ui"
    },
    {
      "id": "66210e1f8095ccf0a58953d8",
      "datasetId": "66210e0c0b653c71684ff7a3",
      "itemId": "66210e0e8095ccaaf5894820",
      "url": "https://gate.dataloop.ai/api/v1/annotations/66210e1f8095ccf0a58953d8",
      "item": "https://gate.dataloop.ai/api/v1/items/66210e0e8095ccaaf5894820",
      "dataset": "https://gate.dataloop.ai/api/v1/datasets/66210e0c0b653c71684ff7a3",
      "srcAnnotation": "6621082c088a997911d3d526",
      "type": "box",
      "label": "player",
      "attributes": [],
      "coordinates": [
        {
          "x": 819.6248897693799,
          "y": 471.9857835980099,
          "z": 0
        },
        {
          "x": 964.9017540902724,
          "y": 788.9083140339427,
          "z": 0
        }
      ],
      "metadata": {
        "system": {
          "attributes": {},
          "automated": false,
          "clientId": "0fc998d4-12ce-416d-b95c-10cb56db184c",
          "coordinateVersion": "v2",
          "endFrame": 0,
          "endTime": 0,
          "frame": 0,
          "isOnlyLocal": false,
          "isOpen": false,
          "itemLinks": [],
          "objectId": "9",
          "openAnnotationVersion": "1.75.0-prod.1",
          "plottingParams": {},
          "recipeId": "6620cb3bf7dd129c3fb8e289",
          "snapshots_": [],
          "startTime": 0,
          "system": false
        },
        "user": {}
      },
      "creator": "kim.lichtenberg@wearetriple.com",
      "createdAt": "2024-04-18T12:12:15.411Z",
      "updatedBy": "kim.lichtenberg@wearetriple.com",
      "updatedAt": "2024-04-18T12:12:15.411Z",
      "hash": "6ed1f762a610630767d7308d9f1b34e72f901887",
      "source": "ui"
    },
    {
      "id": "66210e1f8095ccfdb98953ed",
      "datasetId": "66210e0c0b653c71684ff7a3",
      "itemId": "66210e0e8095ccaaf5894820",
      "url": "https://gate.dataloop.ai/api/v1/annotations/66210e1f8095ccfdb98953ed",
      "item": "https://gate.dataloop.ai/api/v1/items/66210e0e8095ccaaf5894820",
      "dataset": "https://gate.dataloop.ai/api/v1/datasets/66210e0c0b653c71684ff7a3",
      "srcAnnotation": "662108ecc7f034b2161ab40a",
      "type": "box",
      "label": "goal-bottom-right",
      "attributes": [],
      "coordinates": [
        {
          "x": 1132.4840189496022,
          "y": 356.7277076203303,
          "z": 0
        },
        {
          "x": 1478.0943974229706,
          "y": 527.4118501224675,
          "z": 0
        }
      ],
      "metadata": {
        "system": {
          "attributes": {},
          "automated": false,
          "clientId": "bd7f078d-a871-4d0d-ab74-5c0650d3bdc9",
          "coordinateVersion": "v2",
          "endFrame": 0,
          "endTime": 0,
          "frame": 0,
          "itemLinks": [],
          "objectId": "16",
          "openAnnotationVersion": "1.75.0-prod.1",
          "plottingParams": {},
          "recipeId": "6620cb3bf7dd129c3fb8e289",
          "snapshots_": [],
          "startTime": 0,
          "system": false
        },
        "user": {}
      },
      "creator": "kim.lichtenberg@wearetriple.com",
      "createdAt": "2024-04-18T12:12:15.707Z",
      "updatedBy": "kim.lichtenberg@wearetriple.com",
      "updatedAt": "2024-04-18T12:12:15.707Z",
      "hash": "d93c5e79adea619ed2468146cb607c8d3a53ba50",
      "source": "ui"
    }
  ],
  "annotationsCount": 9,
  "annotated": true,
  "srcItem": "6620cb88a9bd2090cc17e1a7",
  "srcDataset": "6620cb3b6abc12d47dfc6ce9"
}