{
  "id": "66210e0e8095cc01b08947c6",
  "datasetId": "66210e0c0b653c71684ff7a3",
  "url": "https://gate.dataloop.ai/api/v1/items/66210e0e8095cc01b08947c6",
  "dataset": "https://gate.dataloop.ai/api/v1/datasets/66210e0c0b653c71684ff7a3",
  "createdAt": "2024-04-18T12:11:56.516Z",
  "dir": "/part0",
  "filename": "/part0/ezgif-frame-188.jpg",
  "type": "file",
  "hidden": false,
  "metadata": {
    "system": {
      "channels": 3,
      "encoding": "7bit",
      "height": 1080,
      "isBinary": true,
      "mimetype": "image/jpeg",
      "modalities": [],
      "originalname": "ezgif-frame-188.jpg",
      "refs": [],
      "size": 56575,
      "taskStatusLog": [],
      "thumbnailId": "66210e108095cc157d8949e1",
      "width": 1920
    }
  },
  "name": "ezgif-frame-188.jpg",
  "creator": "kim.lichtenberg@wearetriple.com",
  "updatedAt": "2024-04-18T12:12:35.825Z",
  "updatedBy": "rubiks@dataloop.ai",
  "stream": "https://gate.dataloop.ai/api/v1/items/66210e0e8095cc01b08947c6/stream",
  "thumbnail": "https://gate.dataloop.ai/api/v1/items/66210e0e8095cc01b08947c6/thumbnail",
  "annotations": [
    {
      "id": "66210e148095cc1efc894ce8",
      "datasetId": "66210e0c0b653c71684ff7a3",
      "itemId": "66210e0e8095cc01b08947c6",
      "url": "https://gate.dataloop.ai/api/v1/annotations/66210e148095cc1efc894ce8",
      "item": "https://gate.dataloop.ai/api/v1/items/66210e0e8095cc01b08947c6",
      "dataset": "https://gate.dataloop.ai/api/v1/datasets/66210e0c0b653c71684ff7a3",
      "srcAnnotation": "6620fb7272b11a9e86e0f92b",
      "type": "box",
      "label": "goal-top-right",
      "attributes": [],
      "coordinates": [
        {
          "x": 1109.9232072237482,
          "y": 233.5121050067239,
          "z": 0
        },
        {
          "x": 1410.2287249676674,
          "y": 381.3134886676626,
          "z": 0
        }
      ],
      "metadata": {
        "system": {
          "attributes": {},
          "automated": false,
          "clientId": "2d1b3baa-3102-4f27-b4fd-0328218dd17a",
          "coordinateVersion": "v2",
          "endFrame": 0,
          "endTime": 0,
          "frame": 0,
          "itemLinks": [],
          "objectId": "43",
          "openAnnotationVersion": "1.75.0-prod.1",
          "plottingParams": {},
          "recipeId": "6620cb3bf7dd129c3fb8e289",
          "snapshots_": [],
          "startTime": 0,
          "system": false
        },
        "user": {}
      },
      "creator": "kim.lichtenberg@wearetriple.com",
      "createdAt": "2024-04-18T12:12:04.793Z",
      "updatedBy": "kim.lichtenberg@wearetriple.com",
      "updatedAt": "2024-04-18T12:12:04.793Z",
      "hash": "9560f872c199609150dd74486960b4fed8608980",
      "source": "ui"
    },
    {
      "id": "66210e148095cc2767894c7b",
      "datasetId": "66210e0c0b653c71684ff7a3",
      "itemId": "66210e0e8095cc01b08947c6",
      "url": "https://gate.dataloop.ai/api/v1/annotations/66210e148095cc2767894c7b",
      "item": "https://gate.dataloop.ai/api/v1/items/66210e0e8095cc01b08947c6",
      "dataset": "https://gate.dataloop.ai/api/v1/datasets/66210e0c0b653c71684ff7a3",
      "srcAnnotation": "6620fb7272b11a0d6fe0f928",
      "type": "box",
      "label": "goal-bottom-left",
      "attributes": [],
      "coordinates": [
        {
          "x": 509.6575499411782,
          "y": 381.4565014530996,
          "z": 0
        },
        {
          "x": 809.6985093834538,
          "y": 529.2578851140381,
          "z": 0
        }
      ],
      "metadata": {
        "system": {
          "attributes": {},
          "automated": false,
          "clientId": "e76b73ee-5c46-43ca-a698-c8fa1c406b08",
          "coordinateVersion": "v2",
          "endFrame": 0,
          "endTime": 0,
          "frame": 0,
          "itemLinks": [],
          "objectId": "44",
          "openAnnotationVersion": "1.75.0-prod.1",
          "plottingParams": {},
          "recipeId": "6620cb3bf7dd129c3fb8e289",
          "snapshots_": [],
          "startTime": 0,
          "system": false
        },
        "user": {}
      },
      "creator": "kim.lichtenberg@wearetriple.com",
      "createdAt": "2024-04-18T12:12:04.180Z",
      "updatedBy": "kim.lichtenberg@wearetriple.com",
      "updatedAt": "2024-04-18T12:12:04.180Z",
      "hash": "b8b8dbb7f6a38a8d2fc96305f46ee36fe6086ea9",
      "source": "ui"
    },
    {
      "id": "66210e148095cc2afb894c8b",
      "datasetId": "66210e0c0b653c71684ff7a3",
      "itemId": "66210e0e8095cc01b08947c6",
      "url": "https://gate.dataloop.ai/api/v1/annotations/66210e148095cc2afb894c8b",
      "item": "https://gate.dataloop.ai/api/v1/items/66210e0e8095cc01b08947c6",
      "dataset": "https://gate.dataloop.ai/api/v1/datasets/66210e0c0b653c71684ff7a3",
      "srcAnnotation": "6620fb7272b11a1ec7e0f929",
      "type": "box",
      "label": "goal-bottom-right",
      "attributes": [],
      "coordinates": [
        {
          "x": 1110.1232125446336,
          "y": 381.7760335497094,
          "z": 0
        },
        {
          "x": 1410.1641719869094,
          "y": 529.577417210648,
          "z": 0
        }
      ],
      "metadata": {
        "system": {
          "attributes": {},
          "automated": false,
          "clientId": "f304f50d-5f02-44e1-a044-a43841248e7d",
          "coordinateVersion": "v2",
          "endFrame": 0,
          "endTime": 0,
          "frame": 0,
          "itemLinks": [],
          "objectId": "51",
          "openAnnotationVersion": "1.75.0-prod.1",
          "plottingParams": {},
          "recipeId": "6620cb3bf7dd129c3fb8e289",
          "snapshots_": [],
          "startTime": 0,
          "system": false
        },
        "user": {}
      },
      "creator": "kim.lichtenberg@wearetriple.com",
      "createdAt": "2024-04-18T12:12:04.280Z",
      "updatedBy": "kim.lichtenberg@wearetriple.com",
      "updatedAt": "2024-04-18T12:12:04.280Z",
      "hash": "87802769f4a1bb7dd3faa18caa44efdeec5cc280",
      "source": "ui"
    },
    {
      "id": "66210e148095cc3393894cff",
      "datasetId": "66210e0c0b653c71684ff7a3",
      "itemId": "66210e0e8095cc01b08947c6",
      "url": "https://gate.dataloop.ai/api/v1/annotations/66210e148095cc3393894cff",
      "item": "https://gate.dataloop.ai/api/v1/items/66210e0e8095cc01b08947c6",
      "dataset": "https://gate.dataloop.ai/api/v1/datasets/66210e0c0b653c71684ff7a3",
      "srcAnnotation": "6620fb7272b11aa203e0f924",
      "type": "box",
      "label": "player",
      "attributes": [],
      "coordinates": [
        {
          "x": 513.2096226415092,
          "y": 544.8132075471699,
          "z": 0
        },
        {
          "x": 660.3409394383168,
          "y": 945.75320754717,
          "z": 0
        }
      ],
      "metadata": {
        "system": {
          "attributes": {},
          "automated": false,
          "clientId": "3c5949ff-903c-49ce-bba7-bf62471b10b4",
          "coordinateVersion": "v2",
          "endFrame": 0,
          "endTime": 0,
          "frame": 0,
          "itemLinks": [],
          "objectId": "3",
          "openAnnotationVersion": "1.75.0-prod.1",
          "plottingParams": {},
          "recipeId": "6620cb3bf7dd129c3fb8e289",
          "snapshots_": [],
          "startTime": 0,
          "system": false
        },
        "user": {}
      },
      "creator": "kim.lichtenberg@wearetriple.com",
      "createdAt": "2024-04-18T12:12:04.899Z",
      "updatedBy": "kim.lichtenberg@wearetriple.com",
      "updatedAt": "2024-04-18T12:12:04.899Z",
      "hash": "d102377072c748bb834d74c6619645d2307342de",
      "source": "ui"
    },
    {
      "id": "66210e148095cc573d894cd3",
      "datasetId": "66210e0c0b653c71684ff7a3",
      "itemId": "66210e0e8095cc01b08947c6",
      "url": "https://gate.dataloop.ai/api/v1/annotations/66210e148095cc573d894cd3",
      "item": "https://gate.dataloop.ai/api/v1/items/66210e0e8095cc01b08947c6",
      "dataset": "https://gate.dataloop.ai/api/v1/datasets/66210e0c0b653c71684ff7a3",
      "srcAnnotation": "6620fb7272b11a8a37e0f927",
      "type": "box",
      "label": "goal-top-left",
      "attributes": [],
      "coordinates": [
        {
          "x": 509.7484670736494,
          "y": 233.36789275458096,
          "z": 0
        },
        {
          "x": 809.7894265159249,
          "y": 381.16927641551956,
          "z": 0
        }
      ],
      "metadata": {
        "system": {
          "attributes": {},
          "automated": false,
          "clientId": "39baead6-975b-406d-bfdc-f67aa04b5017",
          "coordinateVersion": "v2",
          "endFrame": 0,
          "endTime": 0,
          "frame": 0,
          "itemLinks": [],
          "objectId": "9",
          "openAnnotationVersion": "1.75.0-prod.1",
          "plottingParams": {},
          "recipeId": "6620cb3bf7dd129c3fb8e289",
          "snapshots_": [],
          "startTime": 0,
          "system": false
        },
        "user": {}
      },
      "creator": "kim.lichtenberg@wearetriple.com",
      "createdAt": "2024-04-18T12:12:04.682Z",
      "updatedBy": "kim.lichtenberg@wearetriple.com",
      "updatedAt": "2024-04-18T12:12:04.682Z",
      "hash": "5fb73d463b9570deaca6276c2dfe2e0756a77897",
      "source": "ui"
    },
    {
      "id": "66210e148095cc8fdd894ca0",
      "datasetId": "66210e0c0b653c71684ff7a3",
      "itemId": "66210e0e8095cc01b08947c6",
      "url": "https://gate.dataloop.ai/api/v1/annotations/66210e148095cc8fdd894ca0",
      "item": "https://gate.dataloop.ai/api/v1/items/66210e0e8095cc01b08947c6",
      "dataset": "https://gate.dataloop.ai/api/v1/datasets/66210e0c0b653c71684ff7a3",
      "srcAnnotation": "6620fb7272b11a2eb8e0f925",
      "type": "box",
      "label": "football",
      "attributes": [],
      "coordinates": [
        {
          "x": 930.3359165151602,
          "y": 727.9851578849152,
          "z": 0
        },
        {
          "x": 985.9959165151603,
          "y": 770.435157884915,
          "z": 0
        }
      ],
      "metadata": {
        "system": {
          "attributes": {},
          "automated": false,
          "clientId": "1fca88b2-8395-40b8-a9b4-f3325c6eda7e",
          "coordinateVersion": "v2",
          "endFrame": 0,
          "endTime": 0,
          "frame": 0,
          "itemLinks": [],
          "objectId": "1",
          "openAnnotationVersion": "1.75.0-prod.1",
          "plottingParams": {},
          "recipeId": "6620cb3bf7dd129c3fb8e289",
          "snapshots_": [],
          "startTime": 0,
          "system": false
        },
        "user": {}
      },
      "creator": "kim.lichtenberg@wearetriple.com",
      "createdAt": "2024-04-18T12:12:04.373Z",
      "updatedBy": "kim.lichtenberg@wearetriple.com",
      "updatedAt": "2024-04-18T12:12:04.373Z",
      "hash": "50ce84247b767fe6008ce8f5bc36524a59c720fb",
      "source": "ui"
    },
    {
      "id": "66210e148095cc9c4b894cc1",
      "datasetId": "66210e0c0b653c71684ff7a3",
      "itemId": "66210e0e8095cc01b08947c6",
      "url": "https://gate.dataloop.ai/api/v1/annotations/66210e148095cc9c4b894cc1",
      "item": "https://gate.dataloop.ai/api/v1/items/66210e0e8095cc01b08947c6",
      "dataset": "https://gate.dataloop.ai/api/v1/datasets/66210e0c0b653c71684ff7a3",
      "srcAnnotation": "6620fb7272b11a60b8e0f922",
      "type": "box",
      "label": "goal-middle-down",
      "attributes": [],
      "coordinates": [
        {
          "x": 810.062128965418,
          "y": 381.52566120113283,
          "z": 0
        },
        {
          "x": 1110.1030884076936,
          "y": 529.3270448620716,
          "z": 0
        }
      ],
      "metadata": {
        "system": {
          "attributes": {},
          "automated": false,
          "clientId": "a930822f-359c-4652-ab7b-b64bf2b7306b",
          "coordinateVersion": "v2",
          "endFrame": 0,
          "endTime": 0,
          "frame": 0,
          "itemLinks": [],
          "objectId": "45",
          "openAnnotationVersion": "1.75.0-prod.1",
          "plottingParams": {},
          "recipeId": "6620cb3bf7dd129c3fb8e289",
          "snapshots_": [],
          "startTime": 0,
          "system": false
        },
        "user": {}
      },
      "creator": "kim.lichtenberg@wearetriple.com",
      "createdAt": "2024-04-18T12:12:04.577Z",
      "updatedBy": "kim.lichtenberg@wearetriple.com",
      "updatedAt": "2024-04-18T12:12:04.577Z",
      "hash": "eb12d22f316813c29bd53489d01134eddb134011",
      "source": "ui"
    },
    {
      "id": "66210e148095ccc447894cb1",
      "datasetId": "66210e0c0b653c71684ff7a3",
      "itemId": "66210e0e8095cc01b08947c6",
      "url": "https://gate.dataloop.ai/api/v1/annotations/66210e148095ccc447894cb1",
      "item": "https://gate.dataloop.ai/api/v1/items/66210e0e8095cc01b08947c6",
      "dataset": "https://gate.dataloop.ai/api/v1/datasets/66210e0c0b653c71684ff7a3",
      "srcAnnotation": "6620fb7272b11a4e9ae0f923",
      "type": "box",
      "label": "goal-middle-up",
      "attributes": [],
      "coordinates": [
        {
          "x": 810.1311204331535,
          "y": 233.400564430087,
          "z": 0
        },
        {
          "x": 1109.6152633201598,
          "y": 381.20194809102566,
          "z": 0
        }
      ],
      "metadata": {
        "system": {
          "attributes": {},
          "automated": false,
          "clientId": "10c216bf-e26d-439d-9f4b-b4385f6da05d",
          "coordinateVersion": "v2",
          "endFrame": 0,
          "endTime": 0,
          "frame": 0,
          "itemLinks": [],
          "objectId": "42",
          "openAnnotationVersion": "1.75.0-prod.1",
          "plottingParams": {},
          "recipeId": "6620cb3bf7dd129c3fb8e289",
          "snapshots_": [],
          "startTime": 0,
          "system": false
        },
        "user": {}
      },
      "creator": "kim.lichtenberg@wearetriple.com",
      "createdAt": "2024-04-18T12:12:04.488Z",
      "updatedBy": "kim.lichtenberg@wearetriple.com",
      "updatedAt": "2024-04-18T12:12:04.488Z",
      "hash": "a2aa050bef214f41e2b86f982681796e8f7135b9",
      "source": "ui"
    },
    {
      "id": "66210e158095cc2004894d12",
      "datasetId": "66210e0c0b653c71684ff7a3",
      "itemId": "66210e0e8095cc01b08947c6",
      "url": "https://gate.dataloop.ai/api/v1/annotations/66210e158095cc2004894d12",
      "item": "https://gate.dataloop.ai/api/v1/items/66210e0e8095cc01b08947c6",
      "dataset": "https://gate.dataloop.ai/api/v1/datasets/66210e0c0b653c71684ff7a3",
      "srcAnnotation": "6620fb7272b11ad8a6e0f92a",
      "type": "box",
      "label": "goalkeeper",
      "attributes": [],
      "coordinates": [
        {
          "x": 901.1411022850482,
          "y": 292.63172843742564,
          "z": 0
        },
        {
          "x": 1024.4062521140436,
          "y": 534.2105664291119,
          "z": 0
        }
      ],
      "metadata": {
        "system": {
          "attributes": {},
          "automated": false,
          "clientId": "d5216be3-a530-4dec-9492-76a704475c4e",
          "coordinateVersion": "v2",
          "endFrame": 0,
          "endTime": 0,
          "frame": 0,
          "itemLinks": [],
          "objectId": "5",
          "openAnnotationVersion": "1.75.0-prod.1",
          "plottingParams": {},
          "recipeId": "6620cb3bf7dd129c3fb8e289",
          "snapshots_": [],
          "startTime": 0,
          "system": false
        },
        "user": {}
      },
      "creator": "kim.lichtenberg@wearetriple.com",
      "createdAt": "2024-04-18T12:12:05.009Z",
      "updatedBy": "kim.lichtenberg@wearetriple.com",
      "updatedAt": "2024-04-18T12:12:05.009Z",
      "hash": "e1cdebc7a79321a99bb4c239c7834311d39ddc9b",
      "source": "ui"
    },
    {
      "id": "66210e158095cc29c5894d27",
      "datasetId": "66210e0c0b653c71684ff7a3",
      "itemId": "66210e0e8095cc01b08947c6",
      "url": "https://gate.dataloop.ai/api/v1/annotations/66210e158095cc29c5894d27",
      "item": "https://gate.dataloop.ai/api/v1/items/66210e0e8095cc01b08947c6",
      "dataset": "https://gate.dataloop.ai/api/v1/datasets/66210e0c0b653c71684ff7a3",
      "srcAnnotation": "6620fe6bc7f0347c1b1a984f",
      "type": "box",
      "label": "circle",
      "attributes": [],
      "coordinates": [
        {
          "x": 873.15,
          "y": 740.74,
          "z": 0
        },
        {
          "x": 1048.52,
          "y": 779.71,
          "z": 0
        }
      ],
      "metadata": {
        "system": {
          "attributes": {},
          "automated": false,
          "clientId": "ef62c190-82e9-4af4-8e0b-5943c1c68323",
          "coordinateVersion": "v2",
          "endFrame": 0,
          "endTime": 0,
          "frame": 0,
          "itemLinks": [],
          "objectId": "52",
          "openAnnotationVersion": "1.75.0-prod.1",
          "recipeId": "6620cb3bf7dd129c3fb8e289",
          "snapshots_": [],
          "startTime": 0,
          "system": false
        },
        "user": {}
      },
      "creator": "kim.lichtenberg@wearetriple.com",
      "createdAt": "2024-04-18T12:12:05.116Z",
      "updatedBy": "kim.lichtenberg@wearetriple.com",
      "updatedAt": "2024-04-18T12:12:05.116Z",
      "hash": "967b626b78cd96a0f7b8c3a93d2200e182855b34",
      "source": "ui"
    }
  ],
  "annotationsCount": 10,
  "annotated": true,
  "srcItem": "6620cb8b2e841dfec318c55b",
  "srcDataset": "6620cb3b6abc12d47dfc6ce9"
}