{
  "id": "66210e0e8095cc7b3b8947e8",
  "datasetId": "66210e0c0b653c71684ff7a3",
  "url": "https://gate.dataloop.ai/api/v1/items/66210e0e8095cc7b3b8947e8",
  "dataset": "https://gate.dataloop.ai/api/v1/datasets/66210e0c0b653c71684ff7a3",
  "createdAt": "2024-04-18T12:11:56.518Z",
  "dir": "/part0",
  "filename": "/part0/ezgif-frame-190.jpg",
  "type": "file",
  "hidden": false,
  "metadata": {
    "system": {
      "channels": 3,
      "encoding": "7bit",
      "height": 1080,
      "isBinary": true,
      "mimetype": "image/jpeg",
      "modalities": [],
      "originalname": "ezgif-frame-190.jpg",
      "refs": [],
      "size": 56874,
      "taskStatusLog": [],
      "thumbnailId": "66210e108095ccd8cc8949fc",
      "width": 1920
    }
  },
  "name": "ezgif-frame-190.jpg",
  "creator": "kim.lichtenberg@wearetriple.com",
  "updatedAt": "2024-04-18T12:12:36.146Z",
  "updatedBy": "rubiks@dataloop.ai",
  "stream": "https://gate.dataloop.ai/api/v1/items/66210e0e8095cc7b3b8947e8/stream",
  "thumbnail": "https://gate.dataloop.ai/api/v1/items/66210e0e8095cc7b3b8947e8/thumbnail",
  "annotations": [
    {
      "id": "66210e1e8095cc0e8c8953bb",
      "datasetId": "66210e0c0b653c71684ff7a3",
      "itemId": "66210e0e8095cc7b3b8947e8",
      "url": "https://gate.dataloop.ai/api/v1/annotations/66210e1e8095cc0e8c8953bb",
      "item": "https://gate.dataloop.ai/api/v1/items/66210e0e8095cc7b3b8947e8",
      "dataset": "https://gate.dataloop.ai/api/v1/datasets/66210e0c0b653c71684ff7a3",
      "srcAnnotation": "6620efcb17cb46312b2ff959",
      "type": "box",
      "label": "goal-bottom-right",
      "attributes": [],
      "coordinates": [
        {
          "x": 1110.1232125446336,
          "y": 381.7760335497094,
          "z": 0
        },
        {
          "x": 1410.1641719869094,
          "y": 529.577417210648,
          "z": 0
        }
      ],
      "metadata": {
        "system": {
          "attributes": {},
          "automated": false,
          "clientId": "b4d3f5eb-1a77-4029-89da-f0d821b07d1c",
          "coordinateVersion": "v2",
          "endFrame": 0,
          "endTime": 0,
          "frame": 0,
          "itemLinks": [],
          "objectId": "51",
          "openAnnotationVersion": "1.75.0-prod.1",
          "plottingParams": {},
          "recipeId": "6620cb3bf7dd129c3fb8e289",
          "snapshots_": [],
          "startTime": 0,
          "system": false
        },
        "user": {}
      },
      "creator": "kim.lichtenberg@wearetriple.com",
      "createdAt": "2024-04-18T12:12:14.959Z",
      "updatedBy": "kim.lichtenberg@wearetriple.com",
      "updatedAt": "2024-04-18T12:12:14.959Z",
      "hash": "8df141246906b852efd4f62c2ef16ebd077c3b31",
      "source": "ui"
    },
    {
      "id": "66210e1e8095cc38be8953b8",
      "datasetId": "66210e0c0b653c71684ff7a3",
      "itemId": "66210e0e8095cc7b3b8947e8",
      "url": "https://gate.dataloop.ai/api/v1/annotations/66210e1e8095cc38be8953b8",
      "item": "https://gate.dataloop.ai/api/v1/items/66210e0e8095cc7b3b8947e8",
      "dataset": "https://gate.dataloop.ai/api/v1/datasets/66210e0c0b653c71684ff7a3",
      "srcAnnotation": "6620efcb17cb4630692ff95c",
      "type": "box",
      "label": "player",
      "attributes": [],
      "coordinates": [
        {
          "x": 513.2096226415092,
          "y": 544.8132075471699,
          "z": 0
        },
        {
          "x": 660.3409394383168,
          "y": 945.75320754717,
          "z": 0
        }
      ],
      "metadata": {
        "system": {
          "attributes": {},
          "automated": false,
          "clientId": "ad62e83b-1845-4b9e-ba70-2d68111cde2f",
          "coordinateVersion": "v2",
          "endFrame": 0,
          "endTime": 0,
          "frame": 0,
          "itemLinks": [],
          "objectId": "3",
          "openAnnotationVersion": "1.75.0-prod.1",
          "plottingParams": {},
          "recipeId": "6620cb3bf7dd129c3fb8e289",
          "snapshots_": [],
          "startTime": 0,
          "system": false
        },
        "user": {}
      },
      "creator": "kim.lichtenberg@wearetriple.com",
      "createdAt": "2024-04-18T12:12:14.902Z",
      "updatedBy": "kim.lichtenberg@wearetriple.com",
      "updatedAt": "2024-04-18T12:12:14.902Z",
      "hash": "f853d4e9aa9798de8bb6c73946300921545e03a4",
      "source": "ui"
    },
    {
      "id": "66210e1e8095cc6bda8953b0",
      "datasetId": "66210e0c0b653c71684ff7a3",
      "itemId": "66210e0e8095cc7b3b8947e8",
      "url": "https://gate.dataloop.ai/api/v1/annotations/66210e1e8095cc6bda8953b0",
      "item": "https://gate.dataloop.ai/api/v1/items/66210e0e8095cc7b3b8947e8",
      "dataset": "https://gate.dataloop.ai/api/v1/datasets/66210e0c0b653c71684ff7a3",
      "srcAnnotation": "6620efcb17cb4618b02ff95e",
      "type": "box",
      "label": "goalkeeper",
      "attributes": [],
      "coordinates": [
        {
          "x": 923.6838905443217,
          "y": 293.1602973695601,
          "z": 0
        },
        {
          "x": 1097.1697911713263,
          "y": 534.7391353612463,
          "z": 0
        }
      ],
      "metadata": {
        "system": {
          "attributes": {},
          "automated": false,
          "clientId": "abed7daa-9ba0-4864-80e8-e365893457bc",
          "coordinateVersion": "v2",
          "endFrame": 0,
          "endTime": 0,
          "frame": 0,
          "itemLinks": [],
          "objectId": "5",
          "openAnnotationVersion": "1.75.0-prod.1",
          "plottingParams": {},
          "recipeId": "6620cb3bf7dd129c3fb8e289",
          "snapshots_": [],
          "startTime": 0,
          "system": false
        },
        "user": {}
      },
      "creator": "kim.lichtenberg@wearetriple.com",
      "createdAt": "2024-04-18T12:12:14.777Z",
      "updatedBy": "kim.lichtenberg@wearetriple.com",
      "updatedAt": "2024-04-18T12:12:14.777Z",
      "hash": "7db1866c150285035253379412964ed5bad9c866",
      "source": "ui"
    },
    {
      "id": "66210e1e8095cc7bd98953b4",
      "datasetId": "66210e0c0b653c71684ff7a3",
      "itemId": "66210e0e8095cc7b3b8947e8",
      "url": "https://gate.dataloop.ai/api/v1/annotations/66210e1e8095cc7bd98953b4",
      "item": "https://gate.dataloop.ai/api/v1/items/66210e0e8095cc7b3b8947e8",
      "dataset": "https://gate.dataloop.ai/api/v1/datasets/66210e0c0b653c71684ff7a3",
      "srcAnnotation": "6620efcb17cb4621652ff95f",
      "type": "box",
      "label": "goal-bottom-left",
      "attributes": [],
      "coordinates": [
        {
          "x": 509.6575499411782,
          "y": 381.4565014530996,
          "z": 0
        },
        {
          "x": 809.6985093834538,
          "y": 529.2578851140381,
          "z": 0
        }
      ],
      "metadata": {
        "system": {
          "attributes": {},
          "automated": false,
          "clientId": "706dc3cb-0c81-4d65-b988-28189ca78f7d",
          "coordinateVersion": "v2",
          "endFrame": 0,
          "endTime": 0,
          "frame": 0,
          "itemLinks": [],
          "objectId": "44",
          "openAnnotationVersion": "1.75.0-prod.1",
          "plottingParams": {},
          "recipeId": "6620cb3bf7dd129c3fb8e289",
          "snapshots_": [],
          "startTime": 0,
          "system": false
        },
        "user": {}
      },
      "creator": "kim.lichtenberg@wearetriple.com",
      "createdAt": "2024-04-18T12:12:14.840Z",
      "updatedBy": "kim.lichtenberg@wearetriple.com",
      "updatedAt": "2024-04-18T12:12:14.840Z",
      "hash": "84c703757fba77ea222c470f3dc12ba3061b96c0",
      "source": "ui"
    },
    {
      "id": "66210e1f8095cc0e7f8953c7",
      "datasetId": "66210e0c0b653c71684ff7a3",
      "itemId": "66210e0e8095cc7b3b8947e8",
      "url": "https://gate.dataloop.ai/api/v1/annotations/66210e1f8095cc0e7f8953c7",
      "item": "https://gate.dataloop.ai/api/v1/items/66210e0e8095cc7b3b8947e8",
      "dataset": "https://gate.dataloop.ai/api/v1/datasets/66210e0c0b653c71684ff7a3",
      "srcAnnotation": "6620efcb17cb4648852ff95b",
      "type": "box",
      "label": "goal-top-right",
      "attributes": [],
      "coordinates": [
        {
          "x": 1109.9232072237482,
          "y": 233.5121050067239,
          "z": 0
        },
        {
          "x": 1410.2287249676674,
          "y": 381.3134886676626,
          "z": 0
        }
      ],
      "metadata": {
        "system": {
          "attributes": {},
          "automated": false,
          "clientId": "2fe1e9a4-34a4-4e07-ad09-4e6f1b061d50",
          "coordinateVersion": "v2",
          "endFrame": 0,
          "endTime": 0,
          "frame": 0,
          "itemLinks": [],
          "objectId": "43",
          "openAnnotationVersion": "1.75.0-prod.1",
          "plottingParams": {},
          "recipeId": "6620cb3bf7dd129c3fb8e289",
          "snapshots_": [],
          "startTime": 0,
          "system": false
        },
        "user": {}
      },
      "creator": "kim.lichtenberg@wearetriple.com",
      "createdAt": "2024-04-18T12:12:15.142Z",
      "updatedBy": "kim.lichtenberg@wearetriple.com",
      "updatedAt": "2024-04-18T12:12:15.142Z",
      "hash": "8bc6175a413a25b3e720bbcdf1d612118d1326de",
      "source": "ui"
    },
    {
      "id": "66210e1f8095cc5c748953ce",
      "datasetId": "66210e0c0b653c71684ff7a3",
      "itemId": "66210e0e8095cc7b3b8947e8",
      "url": "https://gate.dataloop.ai/api/v1/annotations/66210e1f8095cc5c748953ce",
      "item": "https://gate.dataloop.ai/api/v1/items/66210e0e8095cc7b3b8947e8",
      "dataset": "https://gate.dataloop.ai/api/v1/datasets/66210e0c0b653c71684ff7a3",
      "srcAnnotation": "6620efcb17cb467e2d2ff95d",
      "type": "box",
      "label": "goal-top-left",
      "attributes": [],
      "coordinates": [
        {
          "x": 509.7484670736494,
          "y": 233.36789275458096,
          "z": 0
        },
        {
          "x": 809.7894265159249,
          "y": 381.16927641551956,
          "z": 0
        }
      ],
      "metadata": {
        "system": {
          "attributes": {},
          "automated": false,
          "clientId": "0330f281-6269-4669-bc42-e1cdd4d5ece6",
          "coordinateVersion": "v2",
          "endFrame": 0,
          "endTime": 0,
          "frame": 0,
          "itemLinks": [],
          "objectId": "9",
          "openAnnotationVersion": "1.75.0-prod.1",
          "plottingParams": {},
          "recipeId": "6620cb3bf7dd129c3fb8e289",
          "snapshots_": [],
          "startTime": 0,
          "system": false
        },
        "user": {}
      },
      "creator": "kim.lichtenberg@wearetriple.com",
      "createdAt": "2024-04-18T12:12:15.265Z",
      "updatedBy": "kim.lichtenberg@wearetriple.com",
      "updatedAt": "2024-04-18T12:12:15.265Z",
      "hash": "7d94a7bfb19e384561c2e082044ff9975f52c952",
      "source": "ui"
    },
    {
      "id": "66210e1f8095cc78918953d2",
      "datasetId": "66210e0c0b653c71684ff7a3",
      "itemId": "66210e0e8095cc7b3b8947e8",
      "url": "https://gate.dataloop.ai/api/v1/annotations/66210e1f8095cc78918953d2",
      "item": "https://gate.dataloop.ai/api/v1/items/66210e0e8095cc7b3b8947e8",
      "dataset": "https://gate.dataloop.ai/api/v1/datasets/66210e0c0b653c71684ff7a3",
      "srcAnnotation": "662102f072b11a1c45e10d57",
      "type": "box",
      "label": "circle",
      "attributes": [],
      "coordinates": [
        {
          "x": 927.1,
          "y": 754.84,
          "z": 0
        },
        {
          "x": 996.0500000000001,
          "y": 769.3000000000001,
          "z": 0
        }
      ],
      "metadata": {
        "system": {
          "attributes": {},
          "automated": false,
          "clientId": "032c68a3-2dc7-470e-8bed-180885419f56",
          "coordinateVersion": "v2",
          "endFrame": 0,
          "endTime": 0,
          "frame": 0,
          "itemLinks": [],
          "objectId": "52",
          "openAnnotationVersion": "1.75.0-prod.1",
          "recipeId": "6620cb3bf7dd129c3fb8e289",
          "snapshots_": [],
          "startTime": 0,
          "system": false
        },
        "user": {}
      },
      "creator": "kim.lichtenberg@wearetriple.com",
      "createdAt": "2024-04-18T12:12:15.326Z",
      "updatedBy": "kim.lichtenberg@wearetriple.com",
      "updatedAt": "2024-04-18T12:12:15.326Z",
      "hash": "f40935727b3898ef0cf653ededf0aa2821f6e62d",
      "source": "ui"
    },
    {
      "id": "66210e1f8095ccb32e8953c3",
      "datasetId": "66210e0c0b653c71684ff7a3",
      "itemId": "66210e0e8095cc7b3b8947e8",
      "url": "https://gate.dataloop.ai/api/v1/annotations/66210e1f8095ccb32e8953c3",
      "item": "https://gate.dataloop.ai/api/v1/items/66210e0e8095cc7b3b8947e8",
      "dataset": "https://gate.dataloop.ai/api/v1/datasets/66210e0c0b653c71684ff7a3",
      "srcAnnotation": "6620efcb17cb463ec92ff957",
      "type": "box",
      "label": "football",
      "attributes": [],
      "coordinates": [
        {
          "x": 933.1661051944053,
          "y": 727.9851578849152,
          "z": 0
        },
        {
          "x": 988.8261051944053,
          "y": 770.4351578849152,
          "z": 0
        }
      ],
      "metadata": {
        "system": {
          "attributes": {},
          "automated": false,
          "clientId": "0f810f82-1743-41c1-a5ea-abb9adcccd34",
          "coordinateVersion": "v2",
          "endFrame": 0,
          "endTime": 0,
          "frame": 0,
          "itemLinks": [],
          "objectId": "1",
          "openAnnotationVersion": "1.75.0-prod.1",
          "plottingParams": {},
          "recipeId": "6620cb3bf7dd129c3fb8e289",
          "snapshots_": [],
          "startTime": 0,
          "system": false
        },
        "user": {}
      },
      "creator": "kim.lichtenberg@wearetriple.com",
      "createdAt": "2024-04-18T12:12:15.077Z",
      "updatedBy": "kim.lichtenberg@wearetriple.com",
      "updatedAt": "2024-04-18T12:12:15.077Z",
      "hash": "ff2d76ed9005a29af589d69ff3aac7c4cc5bf2b3",
      "source": "ui"
    },
    {
      "id": "66210e1f8095ccce5c8953cb",
      "datasetId": "66210e0c0b653c71684ff7a3",
      "itemId": "66210e0e8095cc7b3b8947e8",
      "url": "https://gate.dataloop.ai/api/v1/annotations/66210e1f8095ccce5c8953cb",
      "item": "https://gate.dataloop.ai/api/v1/items/66210e0e8095cc7b3b8947e8",
      "dataset": "https://gate.dataloop.ai/api/v1/datasets/66210e0c0b653c71684ff7a3",
      "srcAnnotation": "6620efcb17cb4654d32ff95a",
      "type": "box",
      "label": "goal-middle-up",
      "attributes": [],
      "coordinates": [
        {
          "x": 810.1311204331535,
          "y": 233.400564430087,
          "z": 0
        },
        {
          "x": 1109.6152633201598,
          "y": 381.20194809102566,
          "z": 0
        }
      ],
      "metadata": {
        "system": {
          "attributes": {},
          "automated": false,
          "clientId": "ff948bdf-09e5-493d-b06f-b01ac5fab0ef",
          "coordinateVersion": "v2",
          "endFrame": 0,
          "endTime": 0,
          "frame": 0,
          "itemLinks": [],
          "objectId": "42",
          "openAnnotationVersion": "1.75.0-prod.1",
          "plottingParams": {},
          "recipeId": "6620cb3bf7dd129c3fb8e289",
          "snapshots_": [],
          "startTime": 0,
          "system": false
        },
        "user": {}
      },
      "creator": "kim.lichtenberg@wearetriple.com",
      "createdAt": "2024-04-18T12:12:15.202Z",
      "updatedBy": "kim.lichtenberg@wearetriple.com",
      "updatedAt": "2024-04-18T12:12:15.202Z",
      "hash": "469d85d903e7e61027fac627d917f462805c437e",
      "source": "ui"
    },
    {
      "id": "66210e1f8095cce7b68953bf",
      "datasetId": "66210e0c0b653c71684ff7a3",
      "itemId": "66210e0e8095cc7b3b8947e8",
      "url": "https://gate.dataloop.ai/api/v1/annotations/66210e1f8095cce7b68953bf",
      "item": "https://gate.dataloop.ai/api/v1/items/66210e0e8095cc7b3b8947e8",
      "dataset": "https://gate.dataloop.ai/api/v1/datasets/66210e0c0b653c71684ff7a3",
      "srcAnnotation": "6620efcb17cb4637c02ff958",
      "type": "box",
      "label": "goal-middle-down",
      "attributes": [],
      "coordinates": [
        {
          "x": 810.062128965418,
          "y": 381.52566120113283,
          "z": 0
        },
        {
          "x": 1110.1030884076936,
          "y": 529.3270448620716,
          "z": 0
        }
      ],
      "metadata": {
        "system": {
          "attributes": {},
          "automated": false,
          "clientId": "09eb3cb8-a13f-47f3-bab1-fa24e0b5b217",
          "coordinateVersion": "v2",
          "endFrame": 0,
          "endTime": 0,
          "frame": 0,
          "itemLinks": [],
          "objectId": "45",
          "openAnnotationVersion": "1.75.0-prod.1",
          "plottingParams": {},
          "recipeId": "6620cb3bf7dd129c3fb8e289",
          "snapshots_": [],
          "startTime": 0,
          "system": false
        },
        "user": {}
      },
      "creator": "kim.lichtenberg@wearetriple.com",
      "createdAt": "2024-04-18T12:12:15.016Z",
      "updatedBy": "kim.lichtenberg@wearetriple.com",
      "updatedAt": "2024-04-18T12:12:15.016Z",
      "hash": "38823b739901606e5b0cabc9f6bbff79be106642",
      "source": "ui"
    }
  ],
  "annotationsCount": 10,
  "annotated": true,
  "srcItem": "6620cb8ca9bd20341517e1ca",
  "srcDataset": "6620cb3b6abc12d47dfc6ce9"
}