{
  "id": "66210e0e8095cc435689481d",
  "datasetId": "66210e0c0b653c71684ff7a3",
  "url": "https://gate.dataloop.ai/api/v1/items/66210e0e8095cc435689481d",
  "dataset": "https://gate.dataloop.ai/api/v1/datasets/66210e0c0b653c71684ff7a3",
  "createdAt": "2024-04-18T12:11:56.513Z",
  "dir": "/part0",
  "filename": "/part0/ezgif-frame-151.jpg",
  "type": "file",
  "hidden": false,
  "metadata": {
    "system": {
      "channels": 3,
      "encoding": "7bit",
      "height": 1080,
      "isBinary": true,
      "mimetype": "image/jpeg",
      "modalities": [],
      "originalname": "ezgif-frame-151.jpg",
      "refs": [],
      "size": 54174,
      "taskStatusLog": [],
      "thumbnailId": "66210e108095ccc2598949ce",
      "width": 1920
    }
  },
  "name": "ezgif-frame-151.jpg",
  "creator": "kim.lichtenberg@wearetriple.com",
  "updatedAt": "2024-04-18T12:12:29.868Z",
  "updatedBy": "rubiks@dataloop.ai",
  "stream": "https://gate.dataloop.ai/api/v1/items/66210e0e8095cc435689481d/stream",
  "thumbnail": "https://gate.dataloop.ai/api/v1/items/66210e0e8095cc435689481d/thumbnail",
  "annotations": [
    {
      "id": "66210e1c8095cc03d6895274",
      "datasetId": "66210e0c0b653c71684ff7a3",
      "itemId": "66210e0e8095cc435689481d",
      "url": "https://gate.dataloop.ai/api/v1/annotations/66210e1c8095cc03d6895274",
      "item": "https://gate.dataloop.ai/api/v1/items/66210e0e8095cc435689481d",
      "dataset": "https://gate.dataloop.ai/api/v1/datasets/66210e0c0b653c71684ff7a3",
      "srcAnnotation": "662109a7088a993913d3d885",
      "type": "box",
      "label": "goal-top-left",
      "attributes": [],
      "coordinates": [
        {
          "x": 439.9736108431632,
          "y": 185.4959832765519,
          "z": 0
        },
        {
          "x": 786.0491518716674,
          "y": 356.47661650364927,
          "z": 0
        }
      ],
      "metadata": {
        "system": {
          "attributes": {},
          "automated": false,
          "clientId": "c68183b0-6aa5-4498-a9d7-a9a184d0478a",
          "coordinateVersion": "v2",
          "endFrame": 0,
          "endTime": 0,
          "frame": 0,
          "itemLinks": [],
          "objectId": "13",
          "openAnnotationVersion": "1.75.0-prod.1",
          "plottingParams": {},
          "recipeId": "6620cb3bf7dd129c3fb8e289",
          "snapshots_": [],
          "startTime": 0,
          "system": false
        },
        "user": {}
      },
      "creator": "kim.lichtenberg@wearetriple.com",
      "createdAt": "2024-04-18T12:12:12.147Z",
      "updatedBy": "kim.lichtenberg@wearetriple.com",
      "updatedAt": "2024-04-18T12:12:12.147Z",
      "hash": "486e22ba83bfd2b7b085d6ec399c2a2e67180f75",
      "source": "ui"
    },
    {
      "id": "66210e1c8095cc06ba895293",
      "datasetId": "66210e0c0b653c71684ff7a3",
      "itemId": "66210e0e8095cc435689481d",
      "url": "https://gate.dataloop.ai/api/v1/annotations/66210e1c8095cc06ba895293",
      "item": "https://gate.dataloop.ai/api/v1/items/66210e0e8095cc435689481d",
      "dataset": "https://gate.dataloop.ai/api/v1/datasets/66210e0c0b653c71684ff7a3",
      "srcAnnotation": "662109a7088a996762d3d883",
      "type": "box",
      "label": "football",
      "attributes": [],
      "coordinates": [
        {
          "x": 1172.6039878977067,
          "y": 259.3149854634601,
          "z": 0
        },
        {
          "x": 1212.9994642716329,
          "y": 298.5057460648073,
          "z": 0
        }
      ],
      "metadata": {
        "system": {
          "attributes": {},
          "automated": false,
          "clientId": "367f0494-f3a5-4fd1-af55-bdcfe1259320",
          "coordinateVersion": "v2",
          "endFrame": 0,
          "endTime": 0,
          "frame": 0,
          "isOnlyLocal": false,
          "isOpen": false,
          "itemLinks": [],
          "objectId": "11",
          "openAnnotationVersion": "1.75.0-prod.1",
          "plottingParams": {},
          "recipeId": "6620cb3bf7dd129c3fb8e289",
          "snapshots_": [],
          "startTime": 0,
          "system": false
        },
        "user": {}
      },
      "creator": "kim.lichtenberg@wearetriple.com",
      "createdAt": "2024-04-18T12:12:12.351Z",
      "updatedBy": "kim.lichtenberg@wearetriple.com",
      "updatedAt": "2024-04-18T12:12:12.351Z",
      "hash": "ea9e5f493a3b264aa83999e9e85d6212a4e2c57f",
      "source": "ui"
    },
    {
      "id": "66210e1c8095cc66168952c4",
      "datasetId": "66210e0c0b653c71684ff7a3",
      "itemId": "66210e0e8095cc435689481d",
      "url": "https://gate.dataloop.ai/api/v1/annotations/66210e1c8095cc66168952c4",
      "item": "https://gate.dataloop.ai/api/v1/items/66210e0e8095cc435689481d",
      "dataset": "https://gate.dataloop.ai/api/v1/datasets/66210e0c0b653c71684ff7a3",
      "srcAnnotation": "662109a7088a99a42fd3d886",
      "type": "box",
      "label": "goal-middle-down",
      "attributes": [],
      "coordinates": [
        {
          "x": 786.3761759478302,
          "y": 356.88704544601455,
          "z": 0
        },
        {
          "x": 1131.8877720194241,
          "y": 528.0443218967301,
          "z": 0
        }
      ],
      "metadata": {
        "system": {
          "attributes": {},
          "automated": false,
          "clientId": "49ffe3c5-3654-428b-b65e-0fbd0fd55821",
          "coordinateVersion": "v2",
          "endFrame": 0,
          "endTime": 0,
          "frame": 0,
          "itemLinks": [],
          "objectId": "17",
          "openAnnotationVersion": "1.75.0-prod.1",
          "plottingParams": {},
          "recipeId": "6620cb3bf7dd129c3fb8e289",
          "snapshots_": [],
          "startTime": 0,
          "system": false
        },
        "user": {}
      },
      "creator": "kim.lichtenberg@wearetriple.com",
      "createdAt": "2024-04-18T12:12:12.674Z",
      "updatedBy": "kim.lichtenberg@wearetriple.com",
      "updatedAt": "2024-04-18T12:12:12.674Z",
      "hash": "cda11dd532d4072f082f04aa0391a471edc4faf5",
      "source": "ui"
    },
    {
      "id": "66210e1c8095cc6c5e89525c",
      "datasetId": "66210e0c0b653c71684ff7a3",
      "itemId": "66210e0e8095cc435689481d",
      "url": "https://gate.dataloop.ai/api/v1/annotations/66210e1c8095cc6c5e89525c",
      "item": "https://gate.dataloop.ai/api/v1/items/66210e0e8095cc435689481d",
      "dataset": "https://gate.dataloop.ai/api/v1/datasets/66210e0c0b653c71684ff7a3",
      "srcAnnotation": "662109a7088a993071d3d884",
      "type": "box",
      "label": "player",
      "attributes": [],
      "coordinates": [
        {
          "x": 806.5993289236926,
          "y": 437.4225419772058,
          "z": 0
        },
        {
          "x": 1011.7216490878926,
          "y": 769.9005533246667,
          "z": 0
        }
      ],
      "metadata": {
        "system": {
          "attributes": {},
          "automated": false,
          "clientId": "aeecd6c5-26aa-41ab-9123-4f6d85f6df69",
          "coordinateVersion": "v2",
          "endFrame": 0,
          "endTime": 0,
          "frame": 0,
          "itemLinks": [],
          "objectId": "9",
          "openAnnotationVersion": "1.75.0-prod.1",
          "plottingParams": {},
          "recipeId": "6620cb3bf7dd129c3fb8e289",
          "snapshots_": [],
          "startTime": 0,
          "system": false
        },
        "user": {}
      },
      "creator": "kim.lichtenberg@wearetriple.com",
      "createdAt": "2024-04-18T12:12:12.016Z",
      "updatedBy": "kim.lichtenberg@wearetriple.com",
      "updatedAt": "2024-04-18T12:12:12.016Z",
      "hash": "abd3ed5fcbedf4b03a478995b34efb0b63cf23db",
      "source": "ui"
    },
    {
      "id": "66210e1c8095cc7360895283",
      "datasetId": "66210e0c0b653c71684ff7a3",
      "itemId": "66210e0e8095cc435689481d",
      "url": "https://gate.dataloop.ai/api/v1/annotations/66210e1c8095cc7360895283",
      "item": "https://gate.dataloop.ai/api/v1/items/66210e0e8095cc435689481d",
      "dataset": "https://gate.dataloop.ai/api/v1/datasets/66210e0c0b653c71684ff7a3",
      "srcAnnotation": "662109a7088a994c8ed3d887",
      "type": "box",
      "label": "goal-bottom-left",
      "attributes": [],
      "coordinates": [
        {
          "x": 439.98045014195174,
          "y": 356.8764559754766,
          "z": 0
        },
        {
          "x": 785.8222426265738,
          "y": 527.6175422360013,
          "z": 0
        }
      ],
      "metadata": {
        "system": {
          "attributes": {},
          "automated": false,
          "clientId": "32abd0b8-3411-498b-a3ec-d2ceecdc4cf5",
          "coordinateVersion": "v2",
          "endFrame": 0,
          "endTime": 0,
          "frame": 0,
          "itemLinks": [],
          "objectId": "18",
          "openAnnotationVersion": "1.75.0-prod.1",
          "plottingParams": {},
          "recipeId": "6620cb3bf7dd129c3fb8e289",
          "snapshots_": [],
          "startTime": 0,
          "system": false
        },
        "user": {}
      },
      "creator": "kim.lichtenberg@wearetriple.com",
      "createdAt": "2024-04-18T12:12:12.250Z",
      "updatedBy": "kim.lichtenberg@wearetriple.com",
      "updatedAt": "2024-04-18T12:12:12.250Z",
      "hash": "f9e8c37623258bc9c278b66d49100b3e1565dd20",
      "source": "ui"
    },
    {
      "id": "66210e1c8095cc9d6d8952d5",
      "datasetId": "66210e0c0b653c71684ff7a3",
      "itemId": "66210e0e8095cc435689481d",
      "url": "https://gate.dataloop.ai/api/v1/annotations/66210e1c8095cc9d6d8952d5",
      "item": "https://gate.dataloop.ai/api/v1/items/66210e0e8095cc435689481d",
      "dataset": "https://gate.dataloop.ai/api/v1/datasets/66210e0c0b653c71684ff7a3",
      "srcAnnotation": "662109a7088a99bb30d3d881",
      "type": "box",
      "label": "goal-middle-up",
      "attributes": [],
      "coordinates": [
        {
          "x": 787.2226429881566,
          "y": 184.80387501510285,
          "z": 0
        },
        {
          "x": 1132.8401490891217,
          "y": 355.94967815950514,
          "z": 0
        }
      ],
      "metadata": {
        "system": {
          "attributes": {},
          "automated": false,
          "clientId": "cece3fb7-aa55-462f-aff4-67a9a75a60f6",
          "coordinateVersion": "v2",
          "endFrame": 0,
          "endTime": 0,
          "frame": 0,
          "itemLinks": [],
          "objectId": "14",
          "openAnnotationVersion": "1.75.0-prod.1",
          "plottingParams": {},
          "recipeId": "6620cb3bf7dd129c3fb8e289",
          "snapshots_": [],
          "startTime": 0,
          "system": false
        },
        "user": {}
      },
      "creator": "kim.lichtenberg@wearetriple.com",
      "createdAt": "2024-04-18T12:12:12.775Z",
      "updatedBy": "kim.lichtenberg@wearetriple.com",
      "updatedAt": "2024-04-18T12:12:12.775Z",
      "hash": "93baae96529427189da15db4b86ef743f803d0f6",
      "source": "ui"
    },
    {
      "id": "66210e1c8095ccb3348952b3",
      "datasetId": "66210e0c0b653c71684ff7a3",
      "itemId": "66210e0e8095cc435689481d",
      "url": "https://gate.dataloop.ai/api/v1/annotations/66210e1c8095ccb3348952b3",
      "item": "https://gate.dataloop.ai/api/v1/items/66210e0e8095cc435689481d",
      "dataset": "https://gate.dataloop.ai/api/v1/datasets/66210e0c0b653c71684ff7a3",
      "srcAnnotation": "662109a7088a99860fd3d87f",
      "type": "box",
      "label": "goalkeeper",
      "attributes": [],
      "coordinates": [
        {
          "x": 716.133941764773,
          "y": 358.8493307594573,
          "z": 0
        },
        {
          "x": 867.4134102206993,
          "y": 531.3122244028187,
          "z": 0
        }
      ],
      "metadata": {
        "system": {
          "attributes": {},
          "automated": false,
          "clientId": "ea916088-6ce7-48d0-bf56-41e67db9ce33",
          "coordinateVersion": "v2",
          "endFrame": 0,
          "endTime": 0,
          "frame": 0,
          "itemLinks": [],
          "objectId": "8",
          "openAnnotationVersion": "1.75.0-prod.1",
          "plottingParams": {},
          "recipeId": "6620cb3bf7dd129c3fb8e289",
          "snapshots_": [],
          "startTime": 0,
          "system": false
        },
        "user": {}
      },
      "creator": "kim.lichtenberg@wearetriple.com",
      "createdAt": "2024-04-18T12:12:12.559Z",
      "updatedBy": "kim.lichtenberg@wearetriple.com",
      "updatedAt": "2024-04-18T12:12:12.559Z",
      "hash": "5e15028be449d4ce0783dafb01f5e78b16a4d34d",
      "source": "ui"
    },
    {
      "id": "66210e1c8095ccb89c8952a2",
      "datasetId": "66210e0c0b653c71684ff7a3",
      "itemId": "66210e0e8095cc435689481d",
      "url": "https://gate.dataloop.ai/api/v1/annotations/66210e1c8095ccb89c8952a2",
      "item": "https://gate.dataloop.ai/api/v1/items/66210e0e8095cc435689481d",
      "dataset": "https://gate.dataloop.ai/api/v1/datasets/66210e0c0b653c71684ff7a3",
      "srcAnnotation": "662109a7088a997125d3d880",
      "type": "box",
      "label": "goal-bottom-right",
      "attributes": [],
      "coordinates": [
        {
          "x": 1132.4840189496022,
          "y": 356.7277076203303,
          "z": 0
        },
        {
          "x": 1478.0943974229706,
          "y": 527.4118501224675,
          "z": 0
        }
      ],
      "metadata": {
        "system": {
          "attributes": {},
          "automated": false,
          "clientId": "e846d387-5b53-4dea-9db0-b7184a387890",
          "coordinateVersion": "v2",
          "endFrame": 0,
          "endTime": 0,
          "frame": 0,
          "itemLinks": [],
          "objectId": "16",
          "openAnnotationVersion": "1.75.0-prod.1",
          "plottingParams": {},
          "recipeId": "6620cb3bf7dd129c3fb8e289",
          "snapshots_": [],
          "startTime": 0,
          "system": false
        },
        "user": {}
      },
      "creator": "kim.lichtenberg@wearetriple.com",
      "createdAt": "2024-04-18T12:12:12.450Z",
      "updatedBy": "kim.lichtenberg@wearetriple.com",
      "updatedAt": "2024-04-18T12:12:12.450Z",
      "hash": "317c5cd0d00eed9984a95c7f5a37bfb4c70aa61a",
      "source": "ui"
    },
    {
      "id": "66210e1c8095ccc37b8952e6",
      "datasetId": "66210e0c0b653c71684ff7a3",
      "itemId": "66210e0e8095cc435689481d",
      "url": "https://gate.dataloop.ai/api/v1/annotations/66210e1c8095ccc37b8952e6",
      "item": "https://gate.dataloop.ai/api/v1/items/66210e0e8095cc435689481d",
      "dataset": "https://gate.dataloop.ai/api/v1/datasets/66210e0c0b653c71684ff7a3",
      "srcAnnotation": "662109a7088a99d42dd3d882",
      "type": "box",
      "label": "goal-top-right",
      "attributes": [],
      "coordinates": [
        {
          "x": 1133.9629815308285,
          "y": 184.92413847064014,
          "z": 0
        },
        {
          "x": 1480.2009622246799,
          "y": 355.93589592093286,
          "z": 0
        }
      ],
      "metadata": {
        "system": {
          "attributes": {},
          "automated": false,
          "clientId": "3dc168d7-9392-4a30-acb5-87f9eee5a7a3",
          "coordinateVersion": "v2",
          "endFrame": 0,
          "endTime": 0,
          "frame": 0,
          "itemLinks": [],
          "objectId": "15",
          "openAnnotationVersion": "1.75.0-prod.1",
          "plottingParams": {},
          "recipeId": "6620cb3bf7dd129c3fb8e289",
          "snapshots_": [],
          "startTime": 0,
          "system": false
        },
        "user": {}
      },
      "creator": "kim.lichtenberg@wearetriple.com",
      "createdAt": "2024-04-18T12:12:12.878Z",
      "updatedBy": "kim.lichtenberg@wearetriple.com",
      "updatedAt": "2024-04-18T12:12:12.878Z",
      "hash": "41b20a83a82b5a0bd1b56e61e73e77e56f5ce098",
      "source": "ui"
    }
  ],
  "annotationsCount": 9,
  "annotated": true,
  "srcItem": "6620cb886cc974fad957284d",
  "srcDataset": "6620cb3b6abc12d47dfc6ce9"
}