{
  "id": "66210e0e8095cc523f8947d0",
  "datasetId": "66210e0c0b653c71684ff7a3",
  "url": "https://gate.dataloop.ai/api/v1/items/66210e0e8095cc523f8947d0",
  "dataset": "https://gate.dataloop.ai/api/v1/datasets/66210e0c0b653c71684ff7a3",
  "createdAt": "2024-04-18T12:11:56.524Z",
  "dir": "/part0",
  "filename": "/part0/frame10.jpg",
  "type": "file",
  "hidden": false,
  "metadata": {
    "system": {
      "channels": 3,
      "encoding": "7bit",
      "height": 1080,
      "isBinary": true,
      "mimetype": "image/jpeg",
      "modalities": [],
      "originalname": "frame10.jpg",
      "refs": [],
      "size": 60711,
      "taskStatusLog": [],
      "thumbnailId": "66210e118095cc12ff894a17",
      "width": 1920
    }
  },
  "name": "frame10.jpg",
  "creator": "kim.lichtenberg@wearetriple.com",
  "updatedAt": "2024-04-18T12:12:36.530Z",
  "updatedBy": "rubiks@dataloop.ai",
  "stream": "https://gate.dataloop.ai/api/v1/items/66210e0e8095cc523f8947d0/stream",
  "thumbnail": "https://gate.dataloop.ai/api/v1/items/66210e0e8095cc523f8947d0/thumbnail",
  "annotations": [
    {
      "id": "66210e258095cc4109895586",
      "datasetId": "66210e0c0b653c71684ff7a3",
      "itemId": "66210e0e8095cc523f8947d0",
      "url": "https://gate.dataloop.ai/api/v1/annotations/66210e258095cc4109895586",
      "item": "https://gate.dataloop.ai/api/v1/items/66210e0e8095cc523f8947d0",
      "dataset": "https://gate.dataloop.ai/api/v1/datasets/66210e0c0b653c71684ff7a3",
      "srcAnnotation": "6620dc02f4167e440172f8b0",
      "type": "box",
      "label": "player",
      "attributes": [],
      "coordinates": [
        {
          "x": 513.2096226415092,
          "y": 544.8132075471699,
          "z": 0
        },
        {
          "x": 660.3409394383168,
          "y": 945.75320754717,
          "z": 0
        }
      ],
      "metadata": {
        "system": {
          "attributes": {},
          "automated": false,
          "clientId": "59f952e6-f02d-4268-916b-d5b604b0f39d",
          "coordinateVersion": "v2",
          "endFrame": 0,
          "endTime": 0,
          "frame": 0,
          "itemLinks": [],
          "objectId": "3",
          "openAnnotationVersion": "1.75.0-prod.1",
          "plottingParams": {},
          "recipeId": "6620cb3bf7dd129c3fb8e289",
          "snapshots_": [],
          "startTime": 0,
          "system": false
        },
        "user": {}
      },
      "creator": "kim.lichtenberg@wearetriple.com",
      "createdAt": "2024-04-18T12:12:21.873Z",
      "updatedBy": "kim.lichtenberg@wearetriple.com",
      "updatedAt": "2024-04-18T12:12:21.873Z",
      "hash": "7bbd3f3aaed0696bd6cbdd5bcaeeccec2bba871a",
      "source": "ui"
    },
    {
      "id": "66210e258095cc91d5895582",
      "datasetId": "66210e0c0b653c71684ff7a3",
      "itemId": "66210e0e8095cc523f8947d0",
      "url": "https://gate.dataloop.ai/api/v1/annotations/66210e258095cc91d5895582",
      "item": "https://gate.dataloop.ai/api/v1/items/66210e0e8095cc523f8947d0",
      "dataset": "https://gate.dataloop.ai/api/v1/datasets/66210e0c0b653c71684ff7a3",
      "srcAnnotation": "6620dc02f4167e387a72f8ab",
      "type": "box",
      "label": "goal-top-left",
      "attributes": [],
      "coordinates": [
        {
          "x": 509.7484670736494,
          "y": 233.36789275458096,
          "z": 0
        },
        {
          "x": 809.7894265159249,
          "y": 381.16927641551956,
          "z": 0
        }
      ],
      "metadata": {
        "system": {
          "attributes": {},
          "automated": false,
          "clientId": "19495e11-ec49-4900-a505-46d9570d5675",
          "coordinateVersion": "v2",
          "endFrame": 0,
          "endTime": 0,
          "frame": 0,
          "itemLinks": [],
          "objectId": "9",
          "openAnnotationVersion": "1.75.0-prod.1",
          "plottingParams": {},
          "recipeId": "6620cb3bf7dd129c3fb8e289",
          "snapshots_": [],
          "startTime": 0,
          "system": false
        },
        "user": {}
      },
      "creator": "kim.lichtenberg@wearetriple.com",
      "createdAt": "2024-04-18T12:12:21.819Z",
      "updatedBy": "kim.lichtenberg@wearetriple.com",
      "updatedAt": "2024-04-18T12:12:21.819Z",
      "hash": "985307d9a0fdceadd123b3d3edef5fbcac526df2",
      "source": "ui"
    },
    {
      "id": "66210e258095cc9f5689557a",
      "datasetId": "66210e0c0b653c71684ff7a3",
      "itemId": "66210e0e8095cc523f8947d0",
      "url": "https://gate.dataloop.ai/api/v1/annotations/66210e258095cc9f5689557a",
      "item": "https://gate.dataloop.ai/api/v1/items/66210e0e8095cc523f8947d0",
      "dataset": "https://gate.dataloop.ai/api/v1/datasets/66210e0c0b653c71684ff7a3",
      "srcAnnotation": "6620dc02f4167e1b3172f8af",
      "type": "box",
      "label": "goal-bottom-right",
      "attributes": [],
      "coordinates": [
        {
          "x": 1110.1232125446336,
          "y": 381.7760335497094,
          "z": 0
        },
        {
          "x": 1410.1641719869094,
          "y": 529.577417210648,
          "z": 0
        }
      ],
      "metadata": {
        "system": {
          "attributes": {},
          "automated": false,
          "clientId": "e0a03ae2-1e11-4ee5-8a6e-3c1698729997",
          "coordinateVersion": "v2",
          "endFrame": 0,
          "endTime": 0,
          "frame": 0,
          "itemLinks": [],
          "objectId": "51",
          "openAnnotationVersion": "1.75.0-prod.1",
          "plottingParams": {},
          "recipeId": "6620cb3bf7dd129c3fb8e289",
          "snapshots_": [],
          "startTime": 0,
          "system": false
        },
        "user": {}
      },
      "creator": "kim.lichtenberg@wearetriple.com",
      "createdAt": "2024-04-18T12:12:21.695Z",
      "updatedBy": "kim.lichtenberg@wearetriple.com",
      "updatedAt": "2024-04-18T12:12:21.695Z",
      "hash": "146ce586d70d5b52928218026db743831fc33b49",
      "source": "ui"
    },
    {
      "id": "66210e258095cca0f389558c",
      "datasetId": "66210e0c0b653c71684ff7a3",
      "itemId": "66210e0e8095cc523f8947d0",
      "url": "https://gate.dataloop.ai/api/v1/annotations/66210e258095cca0f389558c",
      "item": "https://gate.dataloop.ai/api/v1/items/66210e0e8095cc523f8947d0",
      "dataset": "https://gate.dataloop.ai/api/v1/datasets/66210e0c0b653c71684ff7a3",
      "srcAnnotation": "6620dc02f4167e690d72f8ad",
      "type": "box",
      "label": "goal-middle-down",
      "attributes": [],
      "coordinates": [
        {
          "x": 810.062128965418,
          "y": 381.52566120113283,
          "z": 0
        },
        {
          "x": 1110.1030884076936,
          "y": 529.3270448620716,
          "z": 0
        }
      ],
      "metadata": {
        "system": {
          "attributes": {},
          "automated": false,
          "clientId": "4be7a55f-ad68-4a1f-85a7-556b12eeb29d",
          "coordinateVersion": "v2",
          "endFrame": 0,
          "endTime": 0,
          "frame": 0,
          "itemLinks": [],
          "objectId": "45",
          "openAnnotationVersion": "1.75.0-prod.1",
          "plottingParams": {},
          "recipeId": "6620cb3bf7dd129c3fb8e289",
          "snapshots_": [],
          "startTime": 0,
          "system": false
        },
        "user": {}
      },
      "creator": "kim.lichtenberg@wearetriple.com",
      "createdAt": "2024-04-18T12:12:21.990Z",
      "updatedBy": "kim.lichtenberg@wearetriple.com",
      "updatedAt": "2024-04-18T12:12:21.990Z",
      "hash": "d596144f326ceeb0cb0be519310f6fc2893813c6",
      "source": "ui"
    },
    {
      "id": "66210e258095ccbf1489558a",
      "datasetId": "66210e0c0b653c71684ff7a3",
      "itemId": "66210e0e8095cc523f8947d0",
      "url": "https://gate.dataloop.ai/api/v1/annotations/66210e258095ccbf1489558a",
      "item": "https://gate.dataloop.ai/api/v1/items/66210e0e8095cc523f8947d0",
      "dataset": "https://gate.dataloop.ai/api/v1/datasets/66210e0c0b653c71684ff7a3",
      "srcAnnotation": "6620dc02f4167e4f8472f8a9",
      "type": "box",
      "label": "football",
      "attributes": [],
      "coordinates": [
        {
          "x": 933.1661051944053,
          "y": 727.9851578849152,
          "z": 0
        },
        {
          "x": 988.8261051944053,
          "y": 770.4351578849152,
          "z": 0
        }
      ],
      "metadata": {
        "system": {
          "attributes": {},
          "automated": false,
          "clientId": "31023474-9242-46ec-8fe2-1bf53cc9b615",
          "coordinateVersion": "v2",
          "endFrame": 0,
          "endTime": 0,
          "frame": 0,
          "itemLinks": [],
          "objectId": "1",
          "openAnnotationVersion": "1.75.0-prod.1",
          "plottingParams": {},
          "recipeId": "6620cb3bf7dd129c3fb8e289",
          "snapshots_": [],
          "startTime": 0,
          "system": false
        },
        "user": {}
      },
      "creator": "kim.lichtenberg@wearetriple.com",
      "createdAt": "2024-04-18T12:12:21.933Z",
      "updatedBy": "kim.lichtenberg@wearetriple.com",
      "updatedAt": "2024-04-18T12:12:21.933Z",
      "hash": "d0b7e501ccc20b221c660c2c8c5674e6589b336d",
      "source": "ui"
    },
    {
      "id": "66210e258095cce8e189557e",
      "datasetId": "66210e0c0b653c71684ff7a3",
      "itemId": "66210e0e8095cc523f8947d0",
      "url": "https://gate.dataloop.ai/api/v1/annotations/66210e258095cce8e189557e",
      "item": "https://gate.dataloop.ai/api/v1/items/66210e0e8095cc523f8947d0",
      "dataset": "https://gate.dataloop.ai/api/v1/datasets/66210e0c0b653c71684ff7a3",
      "srcAnnotation": "6620dc02f4167e365172f8b1",
      "type": "box",
      "label": "goal-bottom-left",
      "attributes": [],
      "coordinates": [
        {
          "x": 509.6575499411782,
          "y": 381.4565014530996,
          "z": 0
        },
        {
          "x": 809.6985093834538,
          "y": 529.2578851140381,
          "z": 0
        }
      ],
      "metadata": {
        "system": {
          "attributes": {},
          "automated": false,
          "clientId": "18841889-9cbf-4453-9685-364b15bad9ff",
          "coordinateVersion": "v2",
          "endFrame": 0,
          "endTime": 0,
          "frame": 0,
          "itemLinks": [],
          "objectId": "44",
          "openAnnotationVersion": "1.75.0-prod.1",
          "plottingParams": {},
          "recipeId": "6620cb3bf7dd129c3fb8e289",
          "snapshots_": [],
          "startTime": 0,
          "system": false
        },
        "user": {}
      },
      "creator": "kim.lichtenberg@wearetriple.com",
      "createdAt": "2024-04-18T12:12:21.763Z",
      "updatedBy": "kim.lichtenberg@wearetriple.com",
      "updatedAt": "2024-04-18T12:12:21.763Z",
      "hash": "c5fc0cb58096ba4982a6ddcdf01ab01495bddbcd",
      "source": "ui"
    },
    {
      "id": "66210e268095cc3435895594",
      "datasetId": "66210e0c0b653c71684ff7a3",
      "itemId": "66210e0e8095cc523f8947d0",
      "url": "https://gate.dataloop.ai/api/v1/annotations/66210e268095cc3435895594",
      "item": "https://gate.dataloop.ai/api/v1/items/66210e0e8095cc523f8947d0",
      "dataset": "https://gate.dataloop.ai/api/v1/datasets/66210e0c0b653c71684ff7a3",
      "srcAnnotation": "6620dc02f4167e84d772f8aa",
      "type": "box",
      "label": "goalkeeper",
      "attributes": [],
      "coordinates": [
        {
          "x": 910.1873973091608,
          "y": 295.91040918346675,
          "z": 0
        },
        {
          "x": 1045.7602925520314,
          "y": 532.5981840511445,
          "z": 0
        }
      ],
      "metadata": {
        "system": {
          "attributes": {},
          "automated": false,
          "clientId": "90697184-3d7a-49f4-963f-b08ea7b9012f",
          "coordinateVersion": "v2",
          "endFrame": 0,
          "endTime": 0,
          "frame": 0,
          "itemLinks": [],
          "objectId": "5",
          "openAnnotationVersion": "1.75.0-prod.1",
          "plottingParams": {},
          "recipeId": "6620cb3bf7dd129c3fb8e289",
          "snapshots_": [],
          "startTime": 0,
          "system": false
        },
        "user": {}
      },
      "creator": "kim.lichtenberg@wearetriple.com",
      "createdAt": "2024-04-18T12:12:22.063Z",
      "updatedBy": "kim.lichtenberg@wearetriple.com",
      "updatedAt": "2024-04-18T12:12:22.063Z",
      "hash": "77dd50127ac21559272a16c71eaf5193163879d4",
      "source": "ui"
    },
    {
      "id": "66210e268095ccc0838955b5",
      "datasetId": "66210e0c0b653c71684ff7a3",
      "itemId": "66210e0e8095cc523f8947d0",
      "url": "https://gate.dataloop.ai/api/v1/annotations/66210e268095ccc0838955b5",
      "item": "https://gate.dataloop.ai/api/v1/items/66210e0e8095cc523f8947d0",
      "dataset": "https://gate.dataloop.ai/api/v1/datasets/66210e0c0b653c71684ff7a3",
      "srcAnnotation": "662104af088a993ec8d3cc37",
      "type": "box",
      "label": "circle",
      "attributes": [],
      "coordinates": [
        {
          "x": 904.06,
          "y": 747.45,
          "z": 0
        },
        {
          "x": 1015.31,
          "y": 771.8100000000001,
          "z": 0
        }
      ],
      "metadata": {
        "system": {
          "attributes": {},
          "automated": false,
          "clientId": "4e12937e-37be-47fa-bdf0-0cc3203575b3",
          "coordinateVersion": "v2",
          "endFrame": 0,
          "endTime": 0,
          "frame": 0,
          "itemLinks": [],
          "objectId": "53",
          "openAnnotationVersion": "1.75.0-prod.1",
          "recipeId": "6620cb3bf7dd129c3fb8e289",
          "snapshots_": [],
          "startTime": 0,
          "system": false
        },
        "user": {}
      },
      "creator": "kim.lichtenberg@wearetriple.com",
      "createdAt": "2024-04-18T12:12:22.267Z",
      "updatedBy": "kim.lichtenberg@wearetriple.com",
      "updatedAt": "2024-04-18T12:12:22.267Z",
      "hash": "3cee56fc49b0b577d77002755accf1fab1a488cf",
      "source": "ui"
    },
    {
      "id": "66210e268095ccd52b8955aa",
      "datasetId": "66210e0c0b653c71684ff7a3",
      "itemId": "66210e0e8095cc523f8947d0",
      "url": "https://gate.dataloop.ai/api/v1/annotations/66210e268095ccd52b8955aa",
      "item": "https://gate.dataloop.ai/api/v1/items/66210e0e8095cc523f8947d0",
      "dataset": "https://gate.dataloop.ai/api/v1/datasets/66210e0c0b653c71684ff7a3",
      "srcAnnotation": "6620dc02f4167ed53572f8ac",
      "type": "box",
      "label": "goal-middle-up",
      "attributes": [],
      "coordinates": [
        {
          "x": 810.1311204331535,
          "y": 233.400564430087,
          "z": 0
        },
        {
          "x": 1109.6152633201598,
          "y": 381.20194809102566,
          "z": 0
        }
      ],
      "metadata": {
        "system": {
          "attributes": {},
          "automated": false,
          "clientId": "c3e8d80b-815d-497c-ac8a-9520bcd9a65a",
          "coordinateVersion": "v2",
          "endFrame": 0,
          "endTime": 0,
          "frame": 0,
          "itemLinks": [],
          "objectId": "42",
          "openAnnotationVersion": "1.75.0-prod.1",
          "plottingParams": {},
          "recipeId": "6620cb3bf7dd129c3fb8e289",
          "snapshots_": [],
          "startTime": 0,
          "system": false
        },
        "user": {}
      },
      "creator": "kim.lichtenberg@wearetriple.com",
      "createdAt": "2024-04-18T12:12:22.197Z",
      "updatedBy": "kim.lichtenberg@wearetriple.com",
      "updatedAt": "2024-04-18T12:12:22.197Z",
      "hash": "ce473f82df3939e57a56ffb593f25835561e3014",
      "source": "ui"
    },
    {
      "id": "66210e268095cce9df89559f",
      "datasetId": "66210e0c0b653c71684ff7a3",
      "itemId": "66210e0e8095cc523f8947d0",
      "url": "https://gate.dataloop.ai/api/v1/annotations/66210e268095cce9df89559f",
      "item": "https://gate.dataloop.ai/api/v1/items/66210e0e8095cc523f8947d0",
      "dataset": "https://gate.dataloop.ai/api/v1/datasets/66210e0c0b653c71684ff7a3",
      "srcAnnotation": "6620dc02f4167ed19272f8ae",
      "type": "box",
      "label": "goal-top-right",
      "attributes": [],
      "coordinates": [
        {
          "x": 1109.9232072237482,
          "y": 233.5121050067239,
          "z": 0
        },
        {
          "x": 1410.2287249676674,
          "y": 381.3134886676626,
          "z": 0
        }
      ],
      "metadata": {
        "system": {
          "attributes": {},
          "automated": false,
          "clientId": "8c8991f6-58a9-4a1c-ad09-da2247eb0f71",
          "coordinateVersion": "v2",
          "endFrame": 0,
          "endTime": 0,
          "frame": 0,
          "itemLinks": [],
          "objectId": "43",
          "openAnnotationVersion": "1.75.0-prod.1",
          "plottingParams": {},
          "recipeId": "6620cb3bf7dd129c3fb8e289",
          "snapshots_": [],
          "startTime": 0,
          "system": false
        },
        "user": {}
      },
      "creator": "kim.lichtenberg@wearetriple.com",
      "createdAt": "2024-04-18T12:12:22.127Z",
      "updatedBy": "kim.lichtenberg@wearetriple.com",
      "updatedAt": "2024-04-18T12:12:22.127Z",
      "hash": "684f2c26b703cb1ba77241b90231616e53b30d27",
      "source": "ui"
    }
  ],
  "annotationsCount": 10,
  "annotated": true,
  "srcItem": "6620cb8ea56105ebaf0e79c2",
  "srcDataset": "6620cb3b6abc12d47dfc6ce9"
}