{
  "id": "66210e0e8095cc85808947ce",
  "datasetId": "66210e0c0b653c71684ff7a3",
  "url": "https://gate.dataloop.ai/api/v1/items/66210e0e8095cc85808947ce",
  "dataset": "https://gate.dataloop.ai/api/v1/datasets/66210e0c0b653c71684ff7a3",
  "createdAt": "2024-04-18T12:11:56.524Z",
  "dir": "/part0",
  "filename": "/part0/frame1.jpg",
  "type": "file",
  "hidden": false,
  "metadata": {
    "system": {
      "channels": 3,
      "encoding": "7bit",
      "height": 1080,
      "isBinary": true,
      "mimetype": "image/jpeg",
      "modalities": [],
      "originalname": "frame1.jpg",
      "refs": [],
      "size": 214469,
      "taskStatusLog": [],
      "thumbnailId": "66210e108095cc709c8949e4",
      "width": 1920
    }
  },
  "name": "frame1.jpg",
  "creator": "kim.lichtenberg@wearetriple.com",
  "updatedAt": "2024-04-18T12:12:36.496Z",
  "updatedBy": "rubiks@dataloop.ai",
  "stream": "https://gate.dataloop.ai/api/v1/items/66210e0e8095cc85808947ce/stream",
  "thumbnail": "https://gate.dataloop.ai/api/v1/items/66210e0e8095cc85808947ce/thumbnail",
  "annotations": [
    {
      "id": "66210e248095ccf04489554a",
      "datasetId": "66210e0c0b653c71684ff7a3",
      "itemId": "66210e0e8095cc85808947ce",
      "url": "https://gate.dataloop.ai/api/v1/annotations/66210e248095ccf04489554a",
      "item": "https://gate.dataloop.ai/api/v1/items/66210e0e8095cc85808947ce",
      "dataset": "https://gate.dataloop.ai/api/v1/datasets/66210e0c0b653c71684ff7a3",
      "srcAnnotation": "6620dc34f4167e2d8072f9e4",
      "type": "box",
      "label": "goal-bottom-left",
      "attributes": [],
      "coordinates": [
        {
          "x": 509.6575499411782,
          "y": 381.4565014530996,
          "z": 0
        },
        {
          "x": 809.6985093834538,
          "y": 529.2578851140381,
          "z": 0
        }
      ],
      "metadata": {
        "system": {
          "attributes": {},
          "automated": false,
          "clientId": "36a823b1-c2ab-4221-bf18-3f5b06c5dace",
          "coordinateVersion": "v2",
          "endFrame": 0,
          "endTime": 0,
          "frame": 0,
          "itemLinks": [],
          "objectId": "44",
          "openAnnotationVersion": "1.75.0-prod.1",
          "plottingParams": {},
          "recipeId": "6620cb3bf7dd129c3fb8e289",
          "snapshots_": [],
          "startTime": 0,
          "system": false
        },
        "user": {}
      },
      "creator": "kim.lichtenberg@wearetriple.com",
      "createdAt": "2024-04-18T12:12:21.006Z",
      "updatedBy": "kim.lichtenberg@wearetriple.com",
      "updatedAt": "2024-04-18T12:12:21.006Z",
      "hash": "c2728a2d2f3bd9783ebecffb81a3458f31381745",
      "source": "ui"
    },
    {
      "id": "66210e258095cc036a895564",
      "datasetId": "66210e0c0b653c71684ff7a3",
      "itemId": "66210e0e8095cc85808947ce",
      "url": "https://gate.dataloop.ai/api/v1/annotations/66210e258095cc036a895564",
      "item": "https://gate.dataloop.ai/api/v1/items/66210e0e8095cc85808947ce",
      "dataset": "https://gate.dataloop.ai/api/v1/datasets/66210e0c0b653c71684ff7a3",
      "srcAnnotation": "6620dc34f4167eb27772f9e9",
      "type": "box",
      "label": "goalkeeper",
      "attributes": [],
      "coordinates": [
        {
          "x": 869.3392208873802,
          "y": 295.91040918346675,
          "z": 0
        },
        {
          "x": 1025.4557360339024,
          "y": 532.5981840511444,
          "z": 0
        }
      ],
      "metadata": {
        "system": {
          "attributes": {},
          "automated": false,
          "clientId": "6f5e4f32-806e-433a-be71-af3dc06ad204",
          "coordinateVersion": "v2",
          "endFrame": 0,
          "endTime": 0,
          "frame": 0,
          "itemLinks": [],
          "objectId": "5",
          "openAnnotationVersion": "1.75.0-prod.1",
          "plottingParams": {},
          "recipeId": "6620cb3bf7dd129c3fb8e289",
          "snapshots_": [],
          "startTime": 0,
          "system": false
        },
        "user": {}
      },
      "creator": "kim.lichtenberg@wearetriple.com",
      "createdAt": "2024-04-18T12:12:21.381Z",
      "updatedBy": "kim.lichtenberg@wearetriple.com",
      "updatedAt": "2024-04-18T12:12:21.381Z",
      "hash": "2736cc99127e0c51bf7d5a3c14651e76681fb700",
      "source": "ui"
    },
    {
      "id": "66210e258095cc047c89555c",
      "datasetId": "66210e0c0b653c71684ff7a3",
      "itemId": "66210e0e8095cc85808947ce",
      "url": "https://gate.dataloop.ai/api/v1/annotations/66210e258095cc047c89555c",
      "item": "https://gate.dataloop.ai/api/v1/items/66210e0e8095cc85808947ce",
      "dataset": "https://gate.dataloop.ai/api/v1/datasets/66210e0c0b653c71684ff7a3",
      "srcAnnotation": "6620dc34f4167e733772f9e7",
      "type": "box",
      "label": "football",
      "attributes": [],
      "coordinates": [
        {
          "x": 932.502972061059,
          "y": 727.3957062108295,
          "z": 0
        },
        {
          "x": 988.1629720610589,
          "y": 769.8457062108293,
          "z": 0
        }
      ],
      "metadata": {
        "system": {
          "attributes": {},
          "automated": false,
          "clientId": "961b2c0e-301d-4bc0-9b2d-3fa3272ca665",
          "coordinateVersion": "v2",
          "endFrame": 0,
          "endTime": 0,
          "frame": 0,
          "isOnlyLocal": false,
          "isOpen": false,
          "itemLinks": [],
          "objectId": "1",
          "openAnnotationVersion": "1.75.0-prod.1",
          "plottingParams": {},
          "recipeId": "6620cb3bf7dd129c3fb8e289",
          "snapshots_": [],
          "startTime": 0,
          "system": false
        },
        "user": {}
      },
      "creator": "kim.lichtenberg@wearetriple.com",
      "createdAt": "2024-04-18T12:12:21.243Z",
      "updatedBy": "kim.lichtenberg@wearetriple.com",
      "updatedAt": "2024-04-18T12:12:21.243Z",
      "hash": "3ad48f6c982be296346a9646ed9d124349b3fd22",
      "source": "ui"
    },
    {
      "id": "66210e258095cc08b8895550",
      "datasetId": "66210e0c0b653c71684ff7a3",
      "itemId": "66210e0e8095cc85808947ce",
      "url": "https://gate.dataloop.ai/api/v1/annotations/66210e258095cc08b8895550",
      "item": "https://gate.dataloop.ai/api/v1/items/66210e0e8095cc85808947ce",
      "dataset": "https://gate.dataloop.ai/api/v1/datasets/66210e0c0b653c71684ff7a3",
      "srcAnnotation": "6620dc34f4167e68a472f9e8",
      "type": "box",
      "label": "goal-middle-down",
      "attributes": [],
      "coordinates": [
        {
          "x": 810.062128965418,
          "y": 381.52566120113283,
          "z": 0
        },
        {
          "x": 1110.1030884076936,
          "y": 529.3270448620716,
          "z": 0
        }
      ],
      "metadata": {
        "system": {
          "attributes": {},
          "automated": false,
          "clientId": "4d2da0b8-1771-45f2-9105-18b45d16dd73",
          "coordinateVersion": "v2",
          "endFrame": 0,
          "endTime": 0,
          "frame": 0,
          "itemLinks": [],
          "objectId": "45",
          "openAnnotationVersion": "1.75.0-prod.1",
          "plottingParams": {},
          "recipeId": "6620cb3bf7dd129c3fb8e289",
          "snapshots_": [],
          "startTime": 0,
          "system": false
        },
        "user": {}
      },
      "creator": "kim.lichtenberg@wearetriple.com",
      "createdAt": "2024-04-18T12:12:21.059Z",
      "updatedBy": "kim.lichtenberg@wearetriple.com",
      "updatedAt": "2024-04-18T12:12:21.059Z",
      "hash": "575374edcb5c4db8df9a793fb3bc7e335d45f629",
      "source": "ui"
    },
    {
      "id": "66210e258095cc251e89555f",
      "datasetId": "66210e0c0b653c71684ff7a3",
      "itemId": "66210e0e8095cc85808947ce",
      "url": "https://gate.dataloop.ai/api/v1/annotations/66210e258095cc251e89555f",
      "item": "https://gate.dataloop.ai/api/v1/items/66210e0e8095cc85808947ce",
      "dataset": "https://gate.dataloop.ai/api/v1/datasets/66210e0c0b653c71684ff7a3",
      "srcAnnotation": "6620dc34f4167eae2272f9e6",
      "type": "box",
      "label": "player",
      "attributes": [],
      "coordinates": [
        {
          "x": 513.2096226415092,
          "y": 544.8132075471699,
          "z": 0
        },
        {
          "x": 660.3409394383168,
          "y": 945.75320754717,
          "z": 0
        }
      ],
      "metadata": {
        "system": {
          "attributes": {},
          "automated": false,
          "clientId": "43abb06c-9b52-4c91-873b-828f05c7e2de",
          "coordinateVersion": "v2",
          "endFrame": 0,
          "endTime": 0,
          "frame": 0,
          "itemLinks": [],
          "objectId": "3",
          "openAnnotationVersion": "1.75.0-prod.1",
          "plottingParams": {},
          "recipeId": "6620cb3bf7dd129c3fb8e289",
          "snapshots_": [],
          "startTime": 0,
          "system": false
        },
        "user": {}
      },
      "creator": "kim.lichtenberg@wearetriple.com",
      "createdAt": "2024-04-18T12:12:21.310Z",
      "updatedBy": "kim.lichtenberg@wearetriple.com",
      "updatedAt": "2024-04-18T12:12:21.310Z",
      "hash": "aaed8dbcee6bfa15ed9dc085925a949c3e0f23f6",
      "source": "ui"
    },
    {
      "id": "66210e258095cc67de89556f",
      "datasetId": "66210e0c0b653c71684ff7a3",
      "itemId": "66210e0e8095cc85808947ce",
      "url": "https://gate.dataloop.ai/api/v1/annotations/66210e258095cc67de89556f",
      "item": "https://gate.dataloop.ai/api/v1/items/66210e0e8095cc85808947ce",
      "dataset": "https://gate.dataloop.ai/api/v1/datasets/66210e0c0b653c71684ff7a3",
      "srcAnnotation": "662104a4c7f034ad321aa673",
      "type": "box",
      "label": "circle",
      "attributes": [],
      "coordinates": [
        {
          "x": 936.3616449777429,
          "y": 756.1116449777429,
          "z": 0
        },
        {
          "x": 983.8816449777429,
          "y": 763.988418247843,
          "z": 0
        }
      ],
      "metadata": {
        "system": {
          "attributes": {},
          "automated": false,
          "clientId": "b627b99c-0865-4e12-a076-c937492d3a07",
          "coordinateVersion": "v2",
          "endFrame": 0,
          "endTime": 0,
          "frame": 0,
          "itemLinks": [],
          "objectId": "55",
          "openAnnotationVersion": "1.75.0-prod.1",
          "recipeId": "6620cb3bf7dd129c3fb8e289",
          "snapshots_": [],
          "startTime": 0,
          "system": false
        },
        "user": {}
      },
      "creator": "kim.lichtenberg@wearetriple.com",
      "createdAt": "2024-04-18T12:12:21.563Z",
      "updatedBy": "kim.lichtenberg@wearetriple.com",
      "updatedAt": "2024-04-18T12:12:21.563Z",
      "hash": "abb7d8ba388736f69924d3e1e69bae540cb763bc",
      "source": "ui"
    },
    {
      "id": "66210e258095cc7504895567",
      "datasetId": "66210e0c0b653c71684ff7a3",
      "itemId": "66210e0e8095cc85808947ce",
      "url": "https://gate.dataloop.ai/api/v1/annotations/66210e258095cc7504895567",
      "item": "https://gate.dataloop.ai/api/v1/items/66210e0e8095cc85808947ce",
      "dataset": "https://gate.dataloop.ai/api/v1/datasets/66210e0c0b653c71684ff7a3",
      "srcAnnotation": "6620dc34f4167ee3cc72f9ea",
      "type": "box",
      "label": "goal-top-right",
      "attributes": [],
      "coordinates": [
        {
          "x": 1109.9232072237482,
          "y": 233.5121050067239,
          "z": 0
        },
        {
          "x": 1410.2287249676674,
          "y": 381.3134886676626,
          "z": 0
        }
      ],
      "metadata": {
        "system": {
          "attributes": {},
          "automated": false,
          "clientId": "dc84f333-e887-46d3-b51a-4228a53b3386",
          "coordinateVersion": "v2",
          "endFrame": 0,
          "endTime": 0,
          "frame": 0,
          "itemLinks": [],
          "objectId": "43",
          "openAnnotationVersion": "1.75.0-prod.1",
          "plottingParams": {},
          "recipeId": "6620cb3bf7dd129c3fb8e289",
          "snapshots_": [],
          "startTime": 0,
          "system": false
        },
        "user": {}
      },
      "creator": "kim.lichtenberg@wearetriple.com",
      "createdAt": "2024-04-18T12:12:21.445Z",
      "updatedBy": "kim.lichtenberg@wearetriple.com",
      "updatedAt": "2024-04-18T12:12:21.445Z",
      "hash": "2ff737bde6d2d0130901b6da9bc19c495400745e",
      "source": "ui"
    },
    {
      "id": "66210e258095cc882b895558",
      "datasetId": "66210e0c0b653c71684ff7a3",
      "itemId": "66210e0e8095cc85808947ce",
      "url": "https://gate.dataloop.ai/api/v1/annotations/66210e258095cc882b895558",
      "item": "https://gate.dataloop.ai/api/v1/items/66210e0e8095cc85808947ce",
      "dataset": "https://gate.dataloop.ai/api/v1/datasets/66210e0c0b653c71684ff7a3",
      "srcAnnotation": "6620dc34f4167e6f6b72f9e5",
      "type": "box",
      "label": "goal-top-left",
      "attributes": [],
      "coordinates": [
        {
          "x": 509.7484670736494,
          "y": 233.36789275458096,
          "z": 0
        },
        {
          "x": 809.7894265159249,
          "y": 381.16927641551956,
          "z": 0
        }
      ],
      "metadata": {
        "system": {
          "attributes": {},
          "automated": false,
          "clientId": "10b9acf5-96ab-4a26-9c05-5bf4c0ceff3f",
          "coordinateVersion": "v2",
          "endFrame": 0,
          "endTime": 0,
          "frame": 0,
          "itemLinks": [],
          "objectId": "9",
          "openAnnotationVersion": "1.75.0-prod.1",
          "plottingParams": {},
          "recipeId": "6620cb3bf7dd129c3fb8e289",
          "snapshots_": [],
          "startTime": 0,
          "system": false
        },
        "user": {}
      },
      "creator": "kim.lichtenberg@wearetriple.com",
      "createdAt": "2024-04-18T12:12:21.185Z",
      "updatedBy": "kim.lichtenberg@wearetriple.com",
      "updatedAt": "2024-04-18T12:12:21.185Z",
      "hash": "88966ef9a9f0f42789a2b0eaabcc05ad12378f33",
      "source": "ui"
    },
    {
      "id": "66210e258095ccadb189556b",
      "datasetId": "66210e0c0b653c71684ff7a3",
      "itemId": "66210e0e8095cc85808947ce",
      "url": "https://gate.dataloop.ai/api/v1/annotations/66210e258095ccadb189556b",
      "item": "https://gate.dataloop.ai/api/v1/items/66210e0e8095cc85808947ce",
      "dataset": "https://gate.dataloop.ai/api/v1/datasets/66210e0c0b653c71684ff7a3",
      "srcAnnotation": "6620dc34f4167ef84772f9e3",
      "type": "box",
      "label": "goal-bottom-right",
      "attributes": [],
      "coordinates": [
        {
          "x": 1110.1232125446336,
          "y": 381.7760335497094,
          "z": 0
        },
        {
          "x": 1410.1641719869094,
          "y": 529.577417210648,
          "z": 0
        }
      ],
      "metadata": {
        "system": {
          "attributes": {},
          "automated": false,
          "clientId": "a160b21e-4684-4d1f-9930-ea8666b62d80",
          "coordinateVersion": "v2",
          "endFrame": 0,
          "endTime": 0,
          "frame": 0,
          "itemLinks": [],
          "objectId": "51",
          "openAnnotationVersion": "1.75.0-prod.1",
          "plottingParams": {},
          "recipeId": "6620cb3bf7dd129c3fb8e289",
          "snapshots_": [],
          "startTime": 0,
          "system": false
        },
        "user": {}
      },
      "creator": "kim.lichtenberg@wearetriple.com",
      "createdAt": "2024-04-18T12:12:21.508Z",
      "updatedBy": "kim.lichtenberg@wearetriple.com",
      "updatedAt": "2024-04-18T12:12:21.508Z",
      "hash": "d590385e1da26bd5aefcf4a3db58b3edf73816bb",
      "source": "ui"
    },
    {
      "id": "66210e258095cce69f895554",
      "datasetId": "66210e0c0b653c71684ff7a3",
      "itemId": "66210e0e8095cc85808947ce",
      "url": "https://gate.dataloop.ai/api/v1/annotations/66210e258095cce69f895554",
      "item": "https://gate.dataloop.ai/api/v1/items/66210e0e8095cc85808947ce",
      "dataset": "https://gate.dataloop.ai/api/v1/datasets/66210e0c0b653c71684ff7a3",
      "srcAnnotation": "6620dc34f4167e6ad272f9eb",
      "type": "box",
      "label": "goal-middle-up",
      "attributes": [],
      "coordinates": [
        {
          "x": 810.1311204331535,
          "y": 233.400564430087,
          "z": 0
        },
        {
          "x": 1109.6152633201598,
          "y": 381.20194809102566,
          "z": 0
        }
      ],
      "metadata": {
        "system": {
          "attributes": {},
          "automated": false,
          "clientId": "1bb1eec1-8c76-4a1b-91f1-8ab498359c75",
          "coordinateVersion": "v2",
          "endFrame": 0,
          "endTime": 0,
          "frame": 0,
          "itemLinks": [],
          "objectId": "42",
          "openAnnotationVersion": "1.75.0-prod.1",
          "plottingParams": {},
          "recipeId": "6620cb3bf7dd129c3fb8e289",
          "snapshots_": [],
          "startTime": 0,
          "system": false
        },
        "user": {}
      },
      "creator": "kim.lichtenberg@wearetriple.com",
      "createdAt": "2024-04-18T12:12:21.124Z",
      "updatedBy": "kim.lichtenberg@wearetriple.com",
      "updatedAt": "2024-04-18T12:12:21.124Z",
      "hash": "e55ccada3732fdb8f524882498ade5c61cc74aec",
      "source": "ui"
    }
  ],
  "annotationsCount": 10,
  "annotated": true,
  "srcItem": "6620cb8e6cc9741bd8572888",
  "srcDataset": "6620cb3b6abc12d47dfc6ce9"
}