{
  "id": "66210e0e8095cc02628947d8",
  "datasetId": "66210e0c0b653c71684ff7a3",
  "url": "https://gate.dataloop.ai/api/v1/items/66210e0e8095cc02628947d8",
  "dataset": "https://gate.dataloop.ai/api/v1/datasets/66210e0c0b653c71684ff7a3",
  "createdAt": "2024-04-18T12:11:56.525Z",
  "dir": "/part0",
  "filename": "/part0/frame9.jpg",
  "type": "file",
  "hidden": false,
  "metadata": {
    "system": {
      "channels": 3,
      "encoding": "7bit",
      "height": 1080,
      "isBinary": true,
      "mimetype": "image/jpeg",
      "modalities": [],
      "originalname": "frame9.jpg",
      "refs": [],
      "size": 68417,
      "taskStatusLog": [],
      "thumbnailId": "66210e108095cc68938949f7",
      "width": 1920
    }
  },
  "name": "frame9.jpg",
  "creator": "kim.lichtenberg@wearetriple.com",
  "updatedAt": "2024-04-18T12:12:36.735Z",
  "updatedBy": "rubiks@dataloop.ai",
  "stream": "https://gate.dataloop.ai/api/v1/items/66210e0e8095cc02628947d8/stream",
  "thumbnail": "https://gate.dataloop.ai/api/v1/items/66210e0e8095cc02628947d8/thumbnail",
  "annotations": [
    {
      "id": "66210e2c8095cc32a3895951",
      "datasetId": "66210e0c0b653c71684ff7a3",
      "itemId": "66210e0e8095cc02628947d8",
      "url": "https://gate.dataloop.ai/api/v1/annotations/66210e2c8095cc32a3895951",
      "item": "https://gate.dataloop.ai/api/v1/items/66210e0e8095cc02628947d8",
      "dataset": "https://gate.dataloop.ai/api/v1/datasets/66210e0c0b653c71684ff7a3",
      "srcAnnotation": "6620dacef4167e4c0172f6ff",
      "type": "box",
      "label": "goal-middle-up",
      "attributes": [],
      "coordinates": [
        {
          "x": 810.1311204331535,
          "y": 233.400564430087,
          "z": 0
        },
        {
          "x": 1109.6152633201598,
          "y": 381.20194809102566,
          "z": 0
        }
      ],
      "metadata": {
        "system": {
          "attributes": {},
          "automated": false,
          "clientId": "b78d85a6-17e3-4fcb-b87a-1bf2a517054a",
          "coordinateVersion": "v2",
          "endFrame": 0,
          "endTime": 0,
          "frame": 0,
          "itemLinks": [],
          "objectId": "42",
          "openAnnotationVersion": "1.75.0-prod.1",
          "plottingParams": {},
          "recipeId": "6620cb3bf7dd129c3fb8e289",
          "snapshots_": [],
          "startTime": 0,
          "system": false
        },
        "user": {}
      },
      "creator": "kim.lichtenberg@wearetriple.com",
      "createdAt": "2024-04-18T12:12:28.734Z",
      "updatedBy": "kim.lichtenberg@wearetriple.com",
      "updatedAt": "2024-04-18T12:12:28.734Z",
      "hash": "9304c47657e60a7e8adbb8327b3ebf9baf9ea813",
      "source": "ui"
    },
    {
      "id": "66210e2c8095cc669589595e",
      "datasetId": "66210e0c0b653c71684ff7a3",
      "itemId": "66210e0e8095cc02628947d8",
      "url": "https://gate.dataloop.ai/api/v1/annotations/66210e2c8095cc669589595e",
      "item": "https://gate.dataloop.ai/api/v1/items/66210e0e8095cc02628947d8",
      "dataset": "https://gate.dataloop.ai/api/v1/datasets/66210e0c0b653c71684ff7a3",
      "srcAnnotation": "6620dacef4167ea53c72f6f6",
      "type": "box",
      "label": "goal-middle-down",
      "attributes": [],
      "coordinates": [
        {
          "x": 810.0577063884007,
          "y": 381.32435540826503,
          "z": 0
        },
        {
          "x": 1110.0986658306765,
          "y": 529.1257390692036,
          "z": 0
        }
      ],
      "metadata": {
        "system": {
          "attributes": {},
          "automated": false,
          "clientId": "c6bde2c7-9772-437c-a18b-8f34d730db83",
          "coordinateVersion": "v2",
          "endFrame": 0,
          "endTime": 0,
          "frame": 0,
          "itemLinks": [],
          "objectId": "45",
          "openAnnotationVersion": "1.75.0-prod.1",
          "plottingParams": {},
          "recipeId": "6620cb3bf7dd129c3fb8e289",
          "snapshots_": [],
          "startTime": 0,
          "system": false
        },
        "user": {}
      },
      "creator": "kim.lichtenberg@wearetriple.com",
      "createdAt": "2024-04-18T12:12:28.858Z",
      "updatedBy": "kim.lichtenberg@wearetriple.com",
      "updatedAt": "2024-04-18T12:12:28.858Z",
      "hash": "220ba29fd67f160d8fe3b21fae4863796d2deded",
      "source": "ui"
    },
    {
      "id": "66210e2c8095cc686d895963",
      "datasetId": "66210e0c0b653c71684ff7a3",
      "itemId": "66210e0e8095cc02628947d8",
      "url": "https://gate.dataloop.ai/api/v1/annotations/66210e2c8095cc686d895963",
      "item": "https://gate.dataloop.ai/api/v1/items/66210e0e8095cc02628947d8",
      "dataset": "https://gate.dataloop.ai/api/v1/datasets/66210e0c0b653c71684ff7a3",
      "srcAnnotation": "6620dacef4167eced672f6f8",
      "type": "box",
      "label": "goalkeeper",
      "attributes": [],
      "coordinates": [
        {
          "x": 917.374023531002,
          "y": 297.91587940439547,
          "z": 0
        },
        {
          "x": 1080.1661336820896,
          "y": 540.2758863839654,
          "z": 0
        }
      ],
      "metadata": {
        "system": {
          "attributes": {},
          "automated": false,
          "clientId": "c8dc14ab-5aeb-4d51-b005-210d9652d0b8",
          "coordinateVersion": "v2",
          "endFrame": 0,
          "endTime": 0,
          "frame": 0,
          "isOnlyLocal": false,
          "isOpen": false,
          "itemLinks": [],
          "objectId": "5",
          "openAnnotationVersion": "1.75.0-prod.1",
          "plottingParams": {},
          "recipeId": "6620cb3bf7dd129c3fb8e289",
          "snapshots_": [],
          "startTime": 0,
          "system": false
        },
        "user": {}
      },
      "creator": "kim.lichtenberg@wearetriple.com",
      "createdAt": "2024-04-18T12:12:28.920Z",
      "updatedBy": "kim.lichtenberg@wearetriple.com",
      "updatedAt": "2024-04-18T12:12:28.920Z",
      "hash": "a77f50a1f3fe0b7c082d8831604177de5fe3f7f1",
      "source": "ui"
    },
    {
      "id": "66210e2c8095cc6962895956",
      "datasetId": "66210e0c0b653c71684ff7a3",
      "itemId": "66210e0e8095cc02628947d8",
      "url": "https://gate.dataloop.ai/api/v1/annotations/66210e2c8095cc6962895956",
      "item": "https://gate.dataloop.ai/api/v1/items/66210e0e8095cc02628947d8",
      "dataset": "https://gate.dataloop.ai/api/v1/datasets/66210e0c0b653c71684ff7a3",
      "srcAnnotation": "6620dacef4167e5a4e72f6f9",
      "type": "box",
      "label": "football",
      "attributes": [],
      "coordinates": [
        {
          "x": 933.1661051944053,
          "y": 727.9851578849152,
          "z": 0
        },
        {
          "x": 988.8261051944053,
          "y": 770.4351578849152,
          "z": 0
        }
      ],
      "metadata": {
        "system": {
          "attributes": {},
          "automated": false,
          "clientId": "2170642d-593d-4e6d-8a59-90aa7ddc12b1",
          "coordinateVersion": "v2",
          "endFrame": 0,
          "endTime": 0,
          "frame": 0,
          "itemLinks": [],
          "objectId": "1",
          "openAnnotationVersion": "1.75.0-prod.1",
          "plottingParams": {},
          "recipeId": "6620cb3bf7dd129c3fb8e289",
          "snapshots_": [],
          "startTime": 0,
          "system": false
        },
        "user": {}
      },
      "creator": "kim.lichtenberg@wearetriple.com",
      "createdAt": "2024-04-18T12:12:28.795Z",
      "updatedBy": "kim.lichtenberg@wearetriple.com",
      "updatedAt": "2024-04-18T12:12:28.795Z",
      "hash": "81bc7bbb20936e2d2ffbcd04e244b910066a4c88",
      "source": "ui"
    },
    {
      "id": "66210e2c8095cc74c4895944",
      "datasetId": "66210e0c0b653c71684ff7a3",
      "itemId": "66210e0e8095cc02628947d8",
      "url": "https://gate.dataloop.ai/api/v1/annotations/66210e2c8095cc74c4895944",
      "item": "https://gate.dataloop.ai/api/v1/items/66210e0e8095cc02628947d8",
      "dataset": "https://gate.dataloop.ai/api/v1/datasets/66210e0c0b653c71684ff7a3",
      "srcAnnotation": "6620dacef4167e397872f6f7",
      "type": "box",
      "label": "player",
      "attributes": [],
      "coordinates": [
        {
          "x": 518.87,
          "y": 546.7,
          "z": 0
        },
        {
          "x": 647.1700000000001,
          "y": 947.6400000000001,
          "z": 0
        }
      ],
      "metadata": {
        "system": {
          "attributes": {},
          "automated": false,
          "clientId": "9dc608dc-2597-4ae4-aa7a-d540d200f626",
          "coordinateVersion": "v2",
          "endFrame": 0,
          "endTime": 0,
          "frame": 0,
          "itemLinks": [],
          "objectId": "3",
          "openAnnotationVersion": "1.75.0-prod.1",
          "plottingParams": {},
          "recipeId": "6620cb3bf7dd129c3fb8e289",
          "snapshots_": [],
          "startTime": 0,
          "system": false
        },
        "user": {}
      },
      "creator": "kim.lichtenberg@wearetriple.com",
      "createdAt": "2024-04-18T12:12:28.619Z",
      "updatedBy": "kim.lichtenberg@wearetriple.com",
      "updatedAt": "2024-04-18T12:12:28.619Z",
      "hash": "f7219dabdde524498e960e3dd51eff3aac8a71df",
      "source": "ui"
    },
    {
      "id": "66210e2c8095ccb29f895969",
      "datasetId": "66210e0c0b653c71684ff7a3",
      "itemId": "66210e0e8095cc02628947d8",
      "url": "https://gate.dataloop.ai/api/v1/annotations/66210e2c8095ccb29f895969",
      "item": "https://gate.dataloop.ai/api/v1/items/66210e0e8095cc02628947d8",
      "dataset": "https://gate.dataloop.ai/api/v1/datasets/66210e0c0b653c71684ff7a3",
      "srcAnnotation": "6620dacef4167eee1872f6fd",
      "type": "box",
      "label": "goal-bottom-left",
      "attributes": [],
      "coordinates": [
        {
          "x": 509.6575499411782,
          "y": 381.4565014530996,
          "z": 0
        },
        {
          "x": 809.6985093834538,
          "y": 529.2578851140381,
          "z": 0
        }
      ],
      "metadata": {
        "system": {
          "attributes": {},
          "automated": false,
          "clientId": "69252871-fb83-4446-b1da-5c55bb14e552",
          "coordinateVersion": "v2",
          "endFrame": 0,
          "endTime": 0,
          "frame": 0,
          "itemLinks": [],
          "objectId": "44",
          "openAnnotationVersion": "1.75.0-prod.1",
          "plottingParams": {},
          "recipeId": "6620cb3bf7dd129c3fb8e289",
          "snapshots_": [],
          "startTime": 0,
          "system": false
        },
        "user": {}
      },
      "creator": "kim.lichtenberg@wearetriple.com",
      "createdAt": "2024-04-18T12:12:28.981Z",
      "updatedBy": "kim.lichtenberg@wearetriple.com",
      "updatedAt": "2024-04-18T12:12:28.981Z",
      "hash": "06672a280dda25fa65e3125ec37a3ec0d02c531b",
      "source": "ui"
    },
    {
      "id": "66210e2c8095ccb45389593f",
      "datasetId": "66210e0c0b653c71684ff7a3",
      "itemId": "66210e0e8095cc02628947d8",
      "url": "https://gate.dataloop.ai/api/v1/annotations/66210e2c8095ccb45389593f",
      "item": "https://gate.dataloop.ai/api/v1/items/66210e0e8095cc02628947d8",
      "dataset": "https://gate.dataloop.ai/api/v1/datasets/66210e0c0b653c71684ff7a3",
      "srcAnnotation": "6620dacef4167e2e3772f6fa",
      "type": "box",
      "label": "goal-top-left",
      "attributes": [],
      "coordinates": [
        {
          "x": 509.7484670736494,
          "y": 233.36789275458096,
          "z": 0
        },
        {
          "x": 809.7894265159249,
          "y": 381.16927641551956,
          "z": 0
        }
      ],
      "metadata": {
        "system": {
          "attributes": {},
          "automated": false,
          "clientId": "289d488b-1611-4af3-a1cf-410a743f6adb",
          "coordinateVersion": "v2",
          "endFrame": 0,
          "endTime": 0,
          "frame": 0,
          "itemLinks": [],
          "objectId": "9",
          "openAnnotationVersion": "1.75.0-prod.1",
          "plottingParams": {},
          "recipeId": "6620cb3bf7dd129c3fb8e289",
          "snapshots_": [],
          "startTime": 0,
          "system": false
        },
        "user": {}
      },
      "creator": "kim.lichtenberg@wearetriple.com",
      "createdAt": "2024-04-18T12:12:28.558Z",
      "updatedBy": "kim.lichtenberg@wearetriple.com",
      "updatedAt": "2024-04-18T12:12:28.558Z",
      "hash": "5eb20166a90cc6eab13a510655fb99941a1ff941",
      "source": "ui"
    },
    {
      "id": "66210e2c8095ccce9d895937",
      "datasetId": "66210e0c0b653c71684ff7a3",
      "itemId": "66210e0e8095cc02628947d8",
      "url": "https://gate.dataloop.ai/api/v1/annotations/66210e2c8095ccce9d895937",
      "item": "https://gate.dataloop.ai/api/v1/items/66210e0e8095cc02628947d8",
      "dataset": "https://gate.dataloop.ai/api/v1/datasets/66210e0c0b653c71684ff7a3",
      "srcAnnotation": "6620dacef4167e21a972f6fb",
      "type": "box",
      "label": "goal-top-right",
      "attributes": [],
      "coordinates": [
        {
          "x": 1109.9232072237482,
          "y": 233.5121050067239,
          "z": 0
        },
        {
          "x": 1410.2287249676674,
          "y": 381.3134886676626,
          "z": 0
        }
      ],
      "metadata": {
        "system": {
          "attributes": {},
          "automated": false,
          "clientId": "bb2ef291-f3cf-4770-9438-628fd0684dee",
          "coordinateVersion": "v2",
          "endFrame": 0,
          "endTime": 0,
          "frame": 0,
          "itemLinks": [],
          "objectId": "43",
          "openAnnotationVersion": "1.75.0-prod.1",
          "plottingParams": {},
          "recipeId": "6620cb3bf7dd129c3fb8e289",
          "snapshots_": [],
          "startTime": 0,
          "system": false
        },
        "user": {}
      },
      "creator": "kim.lichtenberg@wearetriple.com",
      "createdAt": "2024-04-18T12:12:28.500Z",
      "updatedBy": "kim.lichtenberg@wearetriple.com",
      "updatedAt": "2024-04-18T12:12:28.500Z",
      "hash": "c375aea09b328c8e00d1ffeeae5383ce394c96c5",
      "source": "ui"
    },
    {
      "id": "66210e2c8095ccf76289594a",
      "datasetId": "66210e0c0b653c71684ff7a3",
      "itemId": "66210e0e8095cc02628947d8",
      "url": "https://gate.dataloop.ai/api/v1/annotations/66210e2c8095ccf76289594a",
      "item": "https://gate.dataloop.ai/api/v1/items/66210e0e8095cc02628947d8",
      "dataset": "https://gate.dataloop.ai/api/v1/datasets/66210e0c0b653c71684ff7a3",
      "srcAnnotation": "6620dacef4167e46d472f6fe",
      "type": "box",
      "label": "goal-bottom-right",
      "attributes": [],
      "coordinates": [
        {
          "x": 1110.1232125446336,
          "y": 381.7760335497094,
          "z": 0
        },
        {
          "x": 1410.1641719869094,
          "y": 529.577417210648,
          "z": 0
        }
      ],
      "metadata": {
        "system": {
          "attributes": {},
          "automated": false,
          "clientId": "c97d1217-3183-40cc-ba9e-314c07f967a0",
          "coordinateVersion": "v2",
          "endFrame": 0,
          "endTime": 0,
          "frame": 0,
          "itemLinks": [],
          "objectId": "51",
          "openAnnotationVersion": "1.75.0-prod.1",
          "plottingParams": {},
          "recipeId": "6620cb3bf7dd129c3fb8e289",
          "snapshots_": [],
          "startTime": 0,
          "system": false
        },
        "user": {}
      },
      "creator": "kim.lichtenberg@wearetriple.com",
      "createdAt": "2024-04-18T12:12:28.676Z",
      "updatedBy": "kim.lichtenberg@wearetriple.com",
      "updatedAt": "2024-04-18T12:12:28.676Z",
      "hash": "2da89b69db5917eb215803c3e33200f846e77696",
      "source": "ui"
    },
    {
      "id": "66210e2d8095cc7a57895970",
      "datasetId": "66210e0c0b653c71684ff7a3",
      "itemId": "66210e0e8095cc02628947d8",
      "url": "https://gate.dataloop.ai/api/v1/annotations/66210e2d8095cc7a57895970",
      "item": "https://gate.dataloop.ai/api/v1/items/66210e0e8095cc02628947d8",
      "dataset": "https://gate.dataloop.ai/api/v1/datasets/66210e0c0b653c71684ff7a3",
      "srcAnnotation": "662104f672b11a704fe11463",
      "type": "box",
      "label": "circle",
      "attributes": [],
      "coordinates": [
        {
          "x": 859.78,
          "y": 731.52,
          "z": 0
        },
        {
          "x": 1050.65,
          "y": 780.8199999999999,
          "z": 0
        }
      ],
      "metadata": {
        "system": {
          "attributes": {},
          "automated": false,
          "clientId": "b6d17c0f-dac5-4d03-a6b9-de8fcf683925",
          "coordinateVersion": "v2",
          "endFrame": 0,
          "endTime": 0,
          "frame": 0,
          "itemLinks": [],
          "objectId": "52",
          "openAnnotationVersion": "1.75.0-prod.1",
          "recipeId": "6620cb3bf7dd129c3fb8e289",
          "snapshots_": [],
          "startTime": 0,
          "system": false
        },
        "user": {}
      },
      "creator": "kim.lichtenberg@wearetriple.com",
      "createdAt": "2024-04-18T12:12:29.034Z",
      "updatedBy": "kim.lichtenberg@wearetriple.com",
      "updatedAt": "2024-04-18T12:12:29.034Z",
      "hash": "66c75f43901f2cee1282281be441d5b9be8fdbab",
      "source": "ui"
    }
  ],
  "annotationsCount": 10,
  "annotated": true,
  "srcItem": "6620cb902e841d2dfe18c58c",
  "srcDataset": "6620cb3b6abc12d47dfc6ce9"
}