{
  "id": "66210e0e8095cce9ca8947f2",
  "datasetId": "66210e0c0b653c71684ff7a3",
  "url": "https://gate.dataloop.ai/api/v1/items/66210e0e8095cce9ca8947f2",
  "dataset": "https://gate.dataloop.ai/api/v1/datasets/66210e0c0b653c71684ff7a3",
  "createdAt": "2024-04-18T12:11:56.525Z",
  "dir": "/part0",
  "filename": "/part0/frame8.jpg",
  "type": "file",
  "hidden": false,
  "metadata": {
    "system": {
      "channels": 3,
      "encoding": "7bit",
      "height": 1080,
      "isBinary": true,
      "mimetype": "image/jpeg",
      "modalities": [],
      "originalname": "frame8.jpg",
      "refs": [],
      "size": 78853,
      "taskStatusLog": [],
      "thumbnailId": "66210e108095cc381a8949d0",
      "width": 1920
    }
  },
  "name": "frame8.jpg",
  "creator": "kim.lichtenberg@wearetriple.com",
  "updatedAt": "2024-04-18T12:12:36.776Z",
  "updatedBy": "rubiks@dataloop.ai",
  "stream": "https://gate.dataloop.ai/api/v1/items/66210e0e8095cce9ca8947f2/stream",
  "thumbnail": "https://gate.dataloop.ai/api/v1/items/66210e0e8095cce9ca8947f2/thumbnail",
  "annotations": [
    {
      "id": "66210e2d8095cc0c53895995",
      "datasetId": "66210e0c0b653c71684ff7a3",
      "itemId": "66210e0e8095cce9ca8947f2",
      "url": "https://gate.dataloop.ai/api/v1/annotations/66210e2d8095cc0c53895995",
      "item": "https://gate.dataloop.ai/api/v1/items/66210e0e8095cce9ca8947f2",
      "dataset": "https://gate.dataloop.ai/api/v1/datasets/66210e0c0b653c71684ff7a3",
      "srcAnnotation": "6620daa0a237983a8510da48",
      "type": "box",
      "label": "goal-top-left",
      "attributes": [],
      "coordinates": [
        {
          "x": 509.7484670736494,
          "y": 233.36789275458096,
          "z": 0
        },
        {
          "x": 809.7894265159249,
          "y": 381.16927641551956,
          "z": 0
        }
      ],
      "metadata": {
        "system": {
          "attributes": {},
          "automated": false,
          "clientId": "96944e0b-5e20-420a-825b-1762d0d7921d",
          "coordinateVersion": "v2",
          "endFrame": 0,
          "endTime": 0,
          "frame": 0,
          "itemLinks": [],
          "objectId": "9",
          "openAnnotationVersion": "1.75.0-prod.1",
          "plottingParams": {},
          "recipeId": "6620cb3bf7dd129c3fb8e289",
          "snapshots_": [],
          "startTime": 0,
          "system": false
        },
        "user": {}
      },
      "creator": "kim.lichtenberg@wearetriple.com",
      "createdAt": "2024-04-18T12:12:29.385Z",
      "updatedBy": "kim.lichtenberg@wearetriple.com",
      "updatedAt": "2024-04-18T12:12:29.385Z",
      "hash": "d9df0d04988dbd60293b515f39a3c0021bd4d2b8",
      "source": "ui"
    },
    {
      "id": "66210e2d8095cc2eb98959ad",
      "datasetId": "66210e0c0b653c71684ff7a3",
      "itemId": "66210e0e8095cce9ca8947f2",
      "url": "https://gate.dataloop.ai/api/v1/annotations/66210e2d8095cc2eb98959ad",
      "item": "https://gate.dataloop.ai/api/v1/items/66210e0e8095cce9ca8947f2",
      "dataset": "https://gate.dataloop.ai/api/v1/datasets/66210e0c0b653c71684ff7a3",
      "srcAnnotation": "6620daa0a23798f4bf10da40",
      "type": "box",
      "label": "goal-middle-up",
      "attributes": [],
      "coordinates": [
        {
          "x": 810.1311204331535,
          "y": 233.400564430087,
          "z": 0
        },
        {
          "x": 1109.6152633201598,
          "y": 381.20194809102566,
          "z": 0
        }
      ],
      "metadata": {
        "system": {
          "attributes": {},
          "automated": false,
          "clientId": "70c6a962-377a-4b43-bdb6-949e508ea48f",
          "coordinateVersion": "v2",
          "endFrame": 0,
          "endTime": 0,
          "frame": 0,
          "itemLinks": [],
          "objectId": "42",
          "openAnnotationVersion": "1.75.0-prod.1",
          "plottingParams": {},
          "recipeId": "6620cb3bf7dd129c3fb8e289",
          "snapshots_": [],
          "startTime": 0,
          "system": false
        },
        "user": {}
      },
      "creator": "kim.lichtenberg@wearetriple.com",
      "createdAt": "2024-04-18T12:12:29.633Z",
      "updatedBy": "kim.lichtenberg@wearetriple.com",
      "updatedAt": "2024-04-18T12:12:29.633Z",
      "hash": "7031c431aff7b7f47f2805cd290955d01907680b",
      "source": "ui"
    },
    {
      "id": "66210e2d8095cc4b07895988",
      "datasetId": "66210e0c0b653c71684ff7a3",
      "itemId": "66210e0e8095cce9ca8947f2",
      "url": "https://gate.dataloop.ai/api/v1/annotations/66210e2d8095cc4b07895988",
      "item": "https://gate.dataloop.ai/api/v1/items/66210e0e8095cce9ca8947f2",
      "dataset": "https://gate.dataloop.ai/api/v1/datasets/66210e0c0b653c71684ff7a3",
      "srcAnnotation": "6620daa0a237981f1510da46",
      "type": "box",
      "label": "goalkeeper",
      "attributes": [],
      "coordinates": [
        {
          "x": 933.0268476798192,
          "y": 286.9314414052252,
          "z": 0
        },
        {
          "x": 1082.522900397308,
          "y": 534.6649174113868,
          "z": 0
        }
      ],
      "metadata": {
        "system": {
          "attributes": {},
          "automated": false,
          "clientId": "81705763-351e-42d6-9a2c-20a44d9801a5",
          "coordinateVersion": "v2",
          "endFrame": 0,
          "endTime": 0,
          "frame": 0,
          "isOnlyLocal": false,
          "isOpen": false,
          "itemLinks": [],
          "objectId": "5",
          "openAnnotationVersion": "1.75.0-prod.1",
          "plottingParams": {},
          "recipeId": "6620cb3bf7dd129c3fb8e289",
          "snapshots_": [],
          "startTime": 0,
          "system": false
        },
        "user": {}
      },
      "creator": "kim.lichtenberg@wearetriple.com",
      "createdAt": "2024-04-18T12:12:29.267Z",
      "updatedBy": "kim.lichtenberg@wearetriple.com",
      "updatedAt": "2024-04-18T12:12:29.267Z",
      "hash": "b826fd8e5a533a09dd403df5ddec93a9af964376",
      "source": "ui"
    },
    {
      "id": "66210e2d8095cc4f4289598f",
      "datasetId": "66210e0c0b653c71684ff7a3",
      "itemId": "66210e0e8095cce9ca8947f2",
      "url": "https://gate.dataloop.ai/api/v1/annotations/66210e2d8095cc4f4289598f",
      "item": "https://gate.dataloop.ai/api/v1/items/66210e0e8095cce9ca8947f2",
      "dataset": "https://gate.dataloop.ai/api/v1/datasets/66210e0c0b653c71684ff7a3",
      "srcAnnotation": "6620daa0a2379825a210da45",
      "type": "box",
      "label": "football",
      "attributes": [],
      "coordinates": [
        {
          "x": 933.1661051944053,
          "y": 727.9851578849152,
          "z": 0
        },
        {
          "x": 988.8261051944053,
          "y": 770.4351578849152,
          "z": 0
        }
      ],
      "metadata": {
        "system": {
          "attributes": {},
          "automated": false,
          "clientId": "bfb828f5-814c-41c1-bb57-15a7340c8adc",
          "coordinateVersion": "v2",
          "endFrame": 0,
          "endTime": 0,
          "frame": 0,
          "itemLinks": [],
          "objectId": "1",
          "openAnnotationVersion": "1.75.0-prod.1",
          "plottingParams": {},
          "recipeId": "6620cb3bf7dd129c3fb8e289",
          "snapshots_": [],
          "startTime": 0,
          "system": false
        },
        "user": {}
      },
      "creator": "kim.lichtenberg@wearetriple.com",
      "createdAt": "2024-04-18T12:12:29.326Z",
      "updatedBy": "kim.lichtenberg@wearetriple.com",
      "updatedAt": "2024-04-18T12:12:29.326Z",
      "hash": "213af96f88364d5b454aab217e4c8c98aa55661a",
      "source": "ui"
    },
    {
      "id": "66210e2d8095cc55a289599c",
      "datasetId": "66210e0c0b653c71684ff7a3",
      "itemId": "66210e0e8095cce9ca8947f2",
      "url": "https://gate.dataloop.ai/api/v1/annotations/66210e2d8095cc55a289599c",
      "item": "https://gate.dataloop.ai/api/v1/items/66210e0e8095cce9ca8947f2",
      "dataset": "https://gate.dataloop.ai/api/v1/datasets/66210e0c0b653c71684ff7a3",
      "srcAnnotation": "6620daa0a237986a3210da44",
      "type": "box",
      "label": "goal-top-right",
      "attributes": [],
      "coordinates": [
        {
          "x": 1109.9232072237482,
          "y": 233.5121050067239,
          "z": 0
        },
        {
          "x": 1410.2287249676674,
          "y": 381.3134886676626,
          "z": 0
        }
      ],
      "metadata": {
        "system": {
          "attributes": {},
          "automated": false,
          "clientId": "ef25ceb2-4f9f-44e2-8cc9-bd82f8b57de0",
          "coordinateVersion": "v2",
          "endFrame": 0,
          "endTime": 0,
          "frame": 0,
          "itemLinks": [],
          "objectId": "43",
          "openAnnotationVersion": "1.75.0-prod.1",
          "plottingParams": {},
          "recipeId": "6620cb3bf7dd129c3fb8e289",
          "snapshots_": [],
          "startTime": 0,
          "system": false
        },
        "user": {}
      },
      "creator": "kim.lichtenberg@wearetriple.com",
      "createdAt": "2024-04-18T12:12:29.449Z",
      "updatedBy": "kim.lichtenberg@wearetriple.com",
      "updatedAt": "2024-04-18T12:12:29.449Z",
      "hash": "5331b4682a51554ae7d5e97b03f76318d6f215fc",
      "source": "ui"
    },
    {
      "id": "66210e2d8095cc5bba8959a2",
      "datasetId": "66210e0c0b653c71684ff7a3",
      "itemId": "66210e0e8095cce9ca8947f2",
      "url": "https://gate.dataloop.ai/api/v1/annotations/66210e2d8095cc5bba8959a2",
      "item": "https://gate.dataloop.ai/api/v1/items/66210e0e8095cce9ca8947f2",
      "dataset": "https://gate.dataloop.ai/api/v1/datasets/66210e0c0b653c71684ff7a3",
      "srcAnnotation": "6620daa0a23798735110da47",
      "type": "box",
      "label": "goal-bottom-left",
      "attributes": [],
      "coordinates": [
        {
          "x": 509.6575499411782,
          "y": 381.4565014530996,
          "z": 0
        },
        {
          "x": 809.6985093834538,
          "y": 529.2578851140381,
          "z": 0
        }
      ],
      "metadata": {
        "system": {
          "attributes": {},
          "automated": false,
          "clientId": "5bfd9d6f-a0ce-4c6e-9785-43ad5955fea5",
          "coordinateVersion": "v2",
          "endFrame": 0,
          "endTime": 0,
          "frame": 0,
          "itemLinks": [],
          "objectId": "44",
          "openAnnotationVersion": "1.75.0-prod.1",
          "plottingParams": {},
          "recipeId": "6620cb3bf7dd129c3fb8e289",
          "snapshots_": [],
          "startTime": 0,
          "system": false
        },
        "user": {}
      },
      "creator": "kim.lichtenberg@wearetriple.com",
      "createdAt": "2024-04-18T12:12:29.510Z",
      "updatedBy": "kim.lichtenberg@wearetriple.com",
      "updatedAt": "2024-04-18T12:12:29.510Z",
      "hash": "5424a21e70f68ac44b86c549c67bca691703e54c",
      "source": "ui"
    },
    {
      "id": "66210e2d8095cc75318959a7",
      "datasetId": "66210e0c0b653c71684ff7a3",
      "itemId": "66210e0e8095cce9ca8947f2",
      "url": "https://gate.dataloop.ai/api/v1/annotations/66210e2d8095cc75318959a7",
      "item": "https://gate.dataloop.ai/api/v1/items/66210e0e8095cce9ca8947f2",
      "dataset": "https://gate.dataloop.ai/api/v1/datasets/66210e0c0b653c71684ff7a3",
      "srcAnnotation": "6620daa0a23798c26010da3f",
      "type": "box",
      "label": "goal-bottom-right",
      "attributes": [],
      "coordinates": [
        {
          "x": 1110.1232125446336,
          "y": 381.7760335497094,
          "z": 0
        },
        {
          "x": 1410.1641719869094,
          "y": 529.577417210648,
          "z": 0
        }
      ],
      "metadata": {
        "system": {
          "attributes": {},
          "automated": false,
          "clientId": "f4be7b33-3cae-4893-a12c-2af4ff9a5804",
          "coordinateVersion": "v2",
          "endFrame": 0,
          "endTime": 0,
          "frame": 0,
          "itemLinks": [],
          "objectId": "51",
          "openAnnotationVersion": "1.75.0-prod.1",
          "plottingParams": {},
          "recipeId": "6620cb3bf7dd129c3fb8e289",
          "snapshots_": [],
          "startTime": 0,
          "system": false
        },
        "user": {}
      },
      "creator": "kim.lichtenberg@wearetriple.com",
      "createdAt": "2024-04-18T12:12:29.573Z",
      "updatedBy": "kim.lichtenberg@wearetriple.com",
      "updatedAt": "2024-04-18T12:12:29.573Z",
      "hash": "437ec1c2e1f2095c55089eac92e4a93a595dcde9",
      "source": "ui"
    },
    {
      "id": "66210e2d8095cc82308959b3",
      "datasetId": "66210e0c0b653c71684ff7a3",
      "itemId": "66210e0e8095cce9ca8947f2",
      "url": "https://gate.dataloop.ai/api/v1/annotations/66210e2d8095cc82308959b3",
      "item": "https://gate.dataloop.ai/api/v1/items/66210e0e8095cce9ca8947f2",
      "dataset": "https://gate.dataloop.ai/api/v1/datasets/66210e0c0b653c71684ff7a3",
      "srcAnnotation": "662104fe72b11ad988e11466",
      "type": "box",
      "label": "circle",
      "attributes": [],
      "coordinates": [
        {
          "x": 831.47,
          "y": 735.78,
          "z": 0
        },
        {
          "x": 1092.33,
          "y": 784.86,
          "z": 0
        }
      ],
      "metadata": {
        "system": {
          "attributes": {},
          "automated": false,
          "clientId": "7cf81aac-7707-445d-ab51-6f387ac73d63",
          "coordinateVersion": "v2",
          "endFrame": 0,
          "endTime": 0,
          "frame": 0,
          "itemLinks": [],
          "objectId": "52",
          "openAnnotationVersion": "1.75.0-prod.1",
          "recipeId": "6620cb3bf7dd129c3fb8e289",
          "snapshots_": [],
          "startTime": 0,
          "system": false
        },
        "user": {}
      },
      "creator": "kim.lichtenberg@wearetriple.com",
      "createdAt": "2024-04-18T12:12:29.691Z",
      "updatedBy": "kim.lichtenberg@wearetriple.com",
      "updatedAt": "2024-04-18T12:12:29.691Z",
      "hash": "5fdaaff62092f3816d83c3e2d7f47dd8faebe414",
      "source": "ui"
    },
    {
      "id": "66210e2d8095cca28889597b",
      "datasetId": "66210e0c0b653c71684ff7a3",
      "itemId": "66210e0e8095cce9ca8947f2",
      "url": "https://gate.dataloop.ai/api/v1/annotations/66210e2d8095cca28889597b",
      "item": "https://gate.dataloop.ai/api/v1/items/66210e0e8095cce9ca8947f2",
      "dataset": "https://gate.dataloop.ai/api/v1/datasets/66210e0c0b653c71684ff7a3",
      "srcAnnotation": "6620daa0a2379810ab10da43",
      "type": "box",
      "label": "goal-middle-down",
      "attributes": [],
      "coordinates": [
        {
          "x": 810.0577063884007,
          "y": 381.32435540826503,
          "z": 0
        },
        {
          "x": 1110.0986658306765,
          "y": 529.1257390692036,
          "z": 0
        }
      ],
      "metadata": {
        "system": {
          "attributes": {},
          "automated": false,
          "clientId": "1c992aa5-3834-427a-b5a4-4ce64b516338",
          "coordinateVersion": "v2",
          "endFrame": 0,
          "endTime": 0,
          "frame": 0,
          "itemLinks": [],
          "objectId": "45",
          "openAnnotationVersion": "1.75.0-prod.1",
          "plottingParams": {},
          "recipeId": "6620cb3bf7dd129c3fb8e289",
          "snapshots_": [],
          "startTime": 0,
          "system": false
        },
        "user": {}
      },
      "creator": "kim.lichtenberg@wearetriple.com",
      "createdAt": "2024-04-18T12:12:29.146Z",
      "updatedBy": "kim.lichtenberg@wearetriple.com",
      "updatedAt": "2024-04-18T12:12:29.146Z",
      "hash": "1b2e932198f0fd1fa8a7e96b2aa43d3e3a7bdd09",
      "source": "ui"
    },
    {
      "id": "66210e2d8095cca337895983",
      "datasetId": "66210e0c0b653c71684ff7a3",
      "itemId": "66210e0e8095cce9ca8947f2",
      "url": "https://gate.dataloop.ai/api/v1/annotations/66210e2d8095cca337895983",
      "item": "https://gate.dataloop.ai/api/v1/items/66210e0e8095cce9ca8947f2",
      "dataset": "https://gate.dataloop.ai/api/v1/datasets/66210e0c0b653c71684ff7a3",
      "srcAnnotation": "6620daa0a237981ad210da41",
      "type": "box",
      "label": "player",
      "attributes": [],
      "coordinates": [
        {
          "x": 518.87,
          "y": 546.7,
          "z": 0
        },
        {
          "x": 647.1700000000001,
          "y": 947.6400000000001,
          "z": 0
        }
      ],
      "metadata": {
        "system": {
          "attributes": {},
          "automated": false,
          "clientId": "29a72eb8-908d-4d75-bbe4-f76e076ff8b6",
          "coordinateVersion": "v2",
          "endFrame": 0,
          "endTime": 0,
          "frame": 0,
          "itemLinks": [],
          "objectId": "3",
          "openAnnotationVersion": "1.75.0-prod.1",
          "plottingParams": {},
          "recipeId": "6620cb3bf7dd129c3fb8e289",
          "snapshots_": [],
          "startTime": 0,
          "system": false
        },
        "user": {}
      },
      "creator": "kim.lichtenberg@wearetriple.com",
      "createdAt": "2024-04-18T12:12:29.207Z",
      "updatedBy": "kim.lichtenberg@wearetriple.com",
      "updatedAt": "2024-04-18T12:12:29.207Z",
      "hash": "54c93da077adf1f88307b7d5c92313a3a3edb1e4",
      "source": "ui"
    }
  ],
  "annotationsCount": 10,
  "annotated": true,
  "srcItem": "6620cb902e841d3a7418c585",
  "srcDataset": "6620cb3b6abc12d47dfc6ce9"
}