{
  "id": "66210e0e8095cc0c168947d4",
  "datasetId": "66210e0c0b653c71684ff7a3",
  "url": "https://gate.dataloop.ai/api/v1/items/66210e0e8095cc0c168947d4",
  "dataset": "https://gate.dataloop.ai/api/v1/datasets/66210e0c0b653c71684ff7a3",
  "createdAt": "2024-04-18T12:11:56.524Z",
  "dir": "/part0",
  "filename": "/part0/frame0.jpg",
  "type": "file",
  "hidden": false,
  "metadata": {
    "system": {
      "channels": 3,
      "encoding": "7bit",
      "height": 1080,
      "isBinary": true,
      "mimetype": "image/jpeg",
      "modalities": [],
      "originalname": "frame0.jpg",
      "refs": [],
      "size": 156503,
      "taskStatusLog": [],
      "thumbnailId": "66210e118095cc3937894a10",
      "width": 1920
    }
  },
  "name": "frame0.jpg",
  "creator": "kim.lichtenberg@wearetriple.com",
  "updatedAt": "2024-04-18T12:12:36.561Z",
  "updatedBy": "rubiks@dataloop.ai",
  "stream": "https://gate.dataloop.ai/api/v1/items/66210e0e8095cc0c168947d4/stream",
  "thumbnail": "https://gate.dataloop.ai/api/v1/items/66210e0e8095cc0c168947d4/thumbnail",
  "annotations": [
    {
      "id": "66210e268095cc1cf28955df",
      "datasetId": "66210e0c0b653c71684ff7a3",
      "itemId": "66210e0e8095cc0c168947d4",
      "url": "https://gate.dataloop.ai/api/v1/annotations/66210e268095cc1cf28955df",
      "item": "https://gate.dataloop.ai/api/v1/items/66210e0e8095cc0c168947d4",
      "dataset": "https://gate.dataloop.ai/api/v1/datasets/66210e0c0b653c71684ff7a3",
      "srcAnnotation": "6620db7bf4167e278872f780",
      "type": "box",
      "label": "goal-top-left",
      "attributes": [],
      "coordinates": [
        {
          "x": 509.7484670736494,
          "y": 233.36789275458096,
          "z": 0
        },
        {
          "x": 809.7894265159249,
          "y": 381.16927641551956,
          "z": 0
        }
      ],
      "metadata": {
        "system": {
          "attributes": {},
          "automated": false,
          "clientId": "1565b6ba-ea5d-496a-a7c1-7e2399bbd28c",
          "coordinateVersion": "v2",
          "endFrame": 0,
          "endTime": 0,
          "frame": 0,
          "itemLinks": [],
          "objectId": "9",
          "openAnnotationVersion": "1.75.0-prod.1",
          "plottingParams": {},
          "recipeId": "6620cb3bf7dd129c3fb8e289",
          "snapshots_": [],
          "startTime": 0,
          "system": false
        },
        "user": {}
      },
      "creator": "kim.lichtenberg@wearetriple.com",
      "createdAt": "2024-04-18T12:12:22.560Z",
      "updatedBy": "kim.lichtenberg@wearetriple.com",
      "updatedAt": "2024-04-18T12:12:22.560Z",
      "hash": "7e6748bcbf14ab70e6c44aec69bfeb2b9af9040b",
      "source": "ui"
    },
    {
      "id": "66210e268095cc38458955ea",
      "datasetId": "66210e0c0b653c71684ff7a3",
      "itemId": "66210e0e8095cc0c168947d4",
      "url": "https://gate.dataloop.ai/api/v1/annotations/66210e268095cc38458955ea",
      "item": "https://gate.dataloop.ai/api/v1/items/66210e0e8095cc0c168947d4",
      "dataset": "https://gate.dataloop.ai/api/v1/datasets/66210e0c0b653c71684ff7a3",
      "srcAnnotation": "6620db7bf4167e3cbc72f786",
      "type": "box",
      "label": "goal-middle-up",
      "attributes": [],
      "coordinates": [
        {
          "x": 810.1311204331535,
          "y": 233.400564430087,
          "z": 0
        },
        {
          "x": 1109.6152633201598,
          "y": 381.20194809102566,
          "z": 0
        }
      ],
      "metadata": {
        "system": {
          "attributes": {},
          "automated": false,
          "clientId": "dde69f0a-fa75-4b62-b7f1-dc29669c9fee",
          "coordinateVersion": "v2",
          "endFrame": 0,
          "endTime": 0,
          "frame": 0,
          "isOnlyLocal": false,
          "isOpen": false,
          "itemLinks": [],
          "objectId": "42",
          "openAnnotationVersion": "1.75.0-prod.1",
          "plottingParams": {},
          "recipeId": "6620cb3bf7dd129c3fb8e289",
          "snapshots_": [],
          "startTime": 0,
          "system": false
        },
        "user": {}
      },
      "creator": "kim.lichtenberg@wearetriple.com",
      "createdAt": "2024-04-18T12:12:22.630Z",
      "updatedBy": "kim.lichtenberg@wearetriple.com",
      "updatedAt": "2024-04-18T12:12:22.630Z",
      "hash": "5442bf86a7546c6af430099ce2e8099d74473269",
      "source": "ui"
    },
    {
      "id": "66210e268095cc3c4589561e",
      "datasetId": "66210e0c0b653c71684ff7a3",
      "itemId": "66210e0e8095cc0c168947d4",
      "url": "https://gate.dataloop.ai/api/v1/annotations/66210e268095cc3c4589561e",
      "item": "https://gate.dataloop.ai/api/v1/items/66210e0e8095cc0c168947d4",
      "dataset": "https://gate.dataloop.ai/api/v1/datasets/66210e0c0b653c71684ff7a3",
      "srcAnnotation": "6620db7bf4167ef59672f787",
      "type": "box",
      "label": "goal-bottom-left",
      "attributes": [],
      "coordinates": [
        {
          "x": 509.6575499411782,
          "y": 381.4565014530996,
          "z": 0
        },
        {
          "x": 809.6985093834538,
          "y": 529.2578851140381,
          "z": 0
        }
      ],
      "metadata": {
        "system": {
          "attributes": {},
          "automated": false,
          "clientId": "c94b0eba-d1c5-4f04-b69f-2ff26240bf32",
          "coordinateVersion": "v2",
          "endFrame": 0,
          "endTime": 0,
          "frame": 0,
          "itemLinks": [],
          "objectId": "44",
          "openAnnotationVersion": "1.75.0-prod.1",
          "plottingParams": {},
          "recipeId": "6620cb3bf7dd129c3fb8e289",
          "snapshots_": [],
          "startTime": 0,
          "system": false
        },
        "user": {}
      },
      "creator": "kim.lichtenberg@wearetriple.com",
      "createdAt": "2024-04-18T12:12:22.960Z",
      "updatedBy": "kim.lichtenberg@wearetriple.com",
      "updatedAt": "2024-04-18T12:12:22.960Z",
      "hash": "a3ebf818a6a5cf4a6c6e4f4d910a29894f14ed4e",
      "source": "ui"
    },
    {
      "id": "66210e268095cc4760895613",
      "datasetId": "66210e0c0b653c71684ff7a3",
      "itemId": "66210e0e8095cc0c168947d4",
      "url": "https://gate.dataloop.ai/api/v1/annotations/66210e268095cc4760895613",
      "item": "https://gate.dataloop.ai/api/v1/items/66210e0e8095cc0c168947d4",
      "dataset": "https://gate.dataloop.ai/api/v1/datasets/66210e0c0b653c71684ff7a3",
      "srcAnnotation": "6620db7bf4167eafe072f785",
      "type": "box",
      "label": "player",
      "attributes": [],
      "coordinates": [
        {
          "x": 513.2096226415092,
          "y": 544.8132075471699,
          "z": 0
        },
        {
          "x": 660.3409394383168,
          "y": 945.75320754717,
          "z": 0
        }
      ],
      "metadata": {
        "system": {
          "attributes": {},
          "automated": false,
          "clientId": "5fb59145-cfde-4c9d-87a0-388ffa31c870",
          "coordinateVersion": "v2",
          "endFrame": 0,
          "endTime": 0,
          "frame": 0,
          "itemLinks": [],
          "objectId": "3",
          "openAnnotationVersion": "1.75.0-prod.1",
          "plottingParams": {},
          "recipeId": "6620cb3bf7dd129c3fb8e289",
          "snapshots_": [],
          "startTime": 0,
          "system": false
        },
        "user": {}
      },
      "creator": "kim.lichtenberg@wearetriple.com",
      "createdAt": "2024-04-18T12:12:22.893Z",
      "updatedBy": "kim.lichtenberg@wearetriple.com",
      "updatedAt": "2024-04-18T12:12:22.893Z",
      "hash": "9e72bec114e42d5fb46f2d995e30786200e84a70",
      "source": "ui"
    },
    {
      "id": "66210e268095cc8cac8955f5",
      "datasetId": "66210e0c0b653c71684ff7a3",
      "itemId": "66210e0e8095cc0c168947d4",
      "url": "https://gate.dataloop.ai/api/v1/annotations/66210e268095cc8cac8955f5",
      "item": "https://gate.dataloop.ai/api/v1/items/66210e0e8095cc0c168947d4",
      "dataset": "https://gate.dataloop.ai/api/v1/datasets/66210e0c0b653c71684ff7a3",
      "srcAnnotation": "6620db7bf4167e48f372f783",
      "type": "box",
      "label": "goal-middle-down",
      "attributes": [],
      "coordinates": [
        {
          "x": 810.0621289654181,
          "y": 381.2261852326326,
          "z": 0
        },
        {
          "x": 1110.1030884076938,
          "y": 529.0275688935714,
          "z": 0
        }
      ],
      "metadata": {
        "system": {
          "attributes": {},
          "automated": false,
          "clientId": "2ecb1176-af1f-41f8-8958-18c1407f3ae8",
          "coordinateVersion": "v2",
          "endFrame": 0,
          "endTime": 0,
          "frame": 0,
          "isOnlyLocal": false,
          "isOpen": false,
          "itemLinks": [],
          "objectId": "45",
          "openAnnotationVersion": "1.75.0-prod.1",
          "plottingParams": {},
          "recipeId": "6620cb3bf7dd129c3fb8e289",
          "snapshots_": [],
          "startTime": 0,
          "system": false
        },
        "user": {}
      },
      "creator": "kim.lichtenberg@wearetriple.com",
      "createdAt": "2024-04-18T12:12:22.697Z",
      "updatedBy": "kim.lichtenberg@wearetriple.com",
      "updatedAt": "2024-04-18T12:12:22.697Z",
      "hash": "f528f0fe2c4861e452b9917173b01b51e27f34ed",
      "source": "ui"
    },
    {
      "id": "66210e268095cca9498955d6",
      "datasetId": "66210e0c0b653c71684ff7a3",
      "itemId": "66210e0e8095cc0c168947d4",
      "url": "https://gate.dataloop.ai/api/v1/annotations/66210e268095cca9498955d6",
      "item": "https://gate.dataloop.ai/api/v1/items/66210e0e8095cc0c168947d4",
      "dataset": "https://gate.dataloop.ai/api/v1/datasets/66210e0c0b653c71684ff7a3",
      "srcAnnotation": "6620db7bf4167e266f72f77f",
      "type": "box",
      "label": "goalkeeper",
      "attributes": [],
      "coordinates": [
        {
          "x": 869.2653587420241,
          "y": 292.3190673559088,
          "z": 0
        },
        {
          "x": 1038.0946603627356,
          "y": 532.6174823569015,
          "z": 0
        }
      ],
      "metadata": {
        "system": {
          "attributes": {},
          "automated": false,
          "clientId": "84cabb7a-645e-47aa-b969-c2eed5bf9695",
          "coordinateVersion": "v2",
          "endFrame": 0,
          "endTime": 0,
          "frame": 0,
          "isOnlyLocal": false,
          "isOpen": false,
          "itemLinks": [],
          "objectId": "5",
          "openAnnotationVersion": "1.75.0-prod.1",
          "plottingParams": {},
          "recipeId": "6620cb3bf7dd129c3fb8e289",
          "snapshots_": [],
          "startTime": 0,
          "system": false
        },
        "user": {}
      },
      "creator": "kim.lichtenberg@wearetriple.com",
      "createdAt": "2024-04-18T12:12:22.497Z",
      "updatedBy": "kim.lichtenberg@wearetriple.com",
      "updatedAt": "2024-04-18T12:12:22.497Z",
      "hash": "272bf78d0bb8847648f758940a8edade65348b8c",
      "source": "ui"
    },
    {
      "id": "66210e268095ccb98e8955ff",
      "datasetId": "66210e0c0b653c71684ff7a3",
      "itemId": "66210e0e8095cc0c168947d4",
      "url": "https://gate.dataloop.ai/api/v1/annotations/66210e268095ccb98e8955ff",
      "item": "https://gate.dataloop.ai/api/v1/items/66210e0e8095cc0c168947d4",
      "dataset": "https://gate.dataloop.ai/api/v1/datasets/66210e0c0b653c71684ff7a3",
      "srcAnnotation": "6620db7bf4167e4c6272f784",
      "type": "box",
      "label": "goal-top-right",
      "attributes": [],
      "coordinates": [
        {
          "x": 1109.9232072237482,
          "y": 233.5121050067239,
          "z": 0
        },
        {
          "x": 1410.2287249676674,
          "y": 381.3134886676626,
          "z": 0
        }
      ],
      "metadata": {
        "system": {
          "attributes": {},
          "automated": false,
          "clientId": "5e752e22-1a54-47e2-95d4-3ef1f3c17707",
          "coordinateVersion": "v2",
          "endFrame": 0,
          "endTime": 0,
          "frame": 0,
          "itemLinks": [],
          "objectId": "43",
          "openAnnotationVersion": "1.75.0-prod.1",
          "plottingParams": {},
          "recipeId": "6620cb3bf7dd129c3fb8e289",
          "snapshots_": [],
          "startTime": 0,
          "system": false
        },
        "user": {}
      },
      "creator": "kim.lichtenberg@wearetriple.com",
      "createdAt": "2024-04-18T12:12:22.767Z",
      "updatedBy": "kim.lichtenberg@wearetriple.com",
      "updatedAt": "2024-04-18T12:12:22.767Z",
      "hash": "941e213a17bbf5955a69fb963f0c8b8f6fa10ced",
      "source": "ui"
    },
    {
      "id": "66210e268095ccbbd18955cb",
      "datasetId": "66210e0c0b653c71684ff7a3",
      "itemId": "66210e0e8095cc0c168947d4",
      "url": "https://gate.dataloop.ai/api/v1/annotations/66210e268095ccbbd18955cb",
      "item": "https://gate.dataloop.ai/api/v1/items/66210e0e8095cc0c168947d4",
      "dataset": "https://gate.dataloop.ai/api/v1/datasets/66210e0c0b653c71684ff7a3",
      "srcAnnotation": "6620db7bf4167e0f6e72f782",
      "type": "box",
      "label": "football",
      "attributes": [],
      "coordinates": [
        {
          "x": 933.6183490471133,
          "y": 730.0202552221006,
          "z": 0
        },
        {
          "x": 989.278349047113,
          "y": 772.4702552221003,
          "z": 0
        }
      ],
      "metadata": {
        "system": {
          "attributes": {},
          "automated": false,
          "clientId": "3e9e8ef0-ea48-4313-a7d5-bd0ba010e40b",
          "coordinateVersion": "v2",
          "endFrame": 0,
          "endTime": 0,
          "frame": 0,
          "isOnlyLocal": false,
          "isOpen": false,
          "itemLinks": [],
          "objectId": "1",
          "openAnnotationVersion": "1.75.0-prod.1",
          "plottingParams": {},
          "recipeId": "6620cb3bf7dd129c3fb8e289",
          "snapshots_": [],
          "startTime": 0,
          "system": false
        },
        "user": {}
      },
      "creator": "kim.lichtenberg@wearetriple.com",
      "createdAt": "2024-04-18T12:12:22.420Z",
      "updatedBy": "kim.lichtenberg@wearetriple.com",
      "updatedAt": "2024-04-18T12:12:22.420Z",
      "hash": "25576b6382370a661252b6ede65b018f317707ad",
      "source": "ui"
    },
    {
      "id": "66210e268095ccbf4189560a",
      "datasetId": "66210e0c0b653c71684ff7a3",
      "itemId": "66210e0e8095cc0c168947d4",
      "url": "https://gate.dataloop.ai/api/v1/annotations/66210e268095ccbf4189560a",
      "item": "https://gate.dataloop.ai/api/v1/items/66210e0e8095cc0c168947d4",
      "dataset": "https://gate.dataloop.ai/api/v1/datasets/66210e0c0b653c71684ff7a3",
      "srcAnnotation": "6620db7bf4167e99bc72f781",
      "type": "box",
      "label": "goal-bottom-right",
      "attributes": [],
      "coordinates": [
        {
          "x": 1110.1232125446336,
          "y": 381.7760335497094,
          "z": 0
        },
        {
          "x": 1410.1641719869094,
          "y": 529.577417210648,
          "z": 0
        }
      ],
      "metadata": {
        "system": {
          "attributes": {},
          "automated": false,
          "clientId": "256ab225-ee04-4b8f-9f42-34b91f1f0bf7",
          "coordinateVersion": "v2",
          "endFrame": 0,
          "endTime": 0,
          "frame": 0,
          "itemLinks": [],
          "objectId": "51",
          "openAnnotationVersion": "1.75.0-prod.1",
          "plottingParams": {},
          "recipeId": "6620cb3bf7dd129c3fb8e289",
          "snapshots_": [],
          "startTime": 0,
          "system": false
        },
        "user": {}
      },
      "creator": "kim.lichtenberg@wearetriple.com",
      "createdAt": "2024-04-18T12:12:22.829Z",
      "updatedBy": "kim.lichtenberg@wearetriple.com",
      "updatedAt": "2024-04-18T12:12:22.829Z",
      "hash": "8562cc507f369b4de22742d9dcb9d6a8f9740be9",
      "source": "ui"
    },
    {
      "id": "66210e278095ccd58c895629",
      "datasetId": "66210e0c0b653c71684ff7a3",
      "itemId": "66210e0e8095cc0c168947d4",
      "url": "https://gate.dataloop.ai/api/v1/annotations/66210e278095ccd58c895629",
      "item": "https://gate.dataloop.ai/api/v1/items/66210e0e8095cc0c168947d4",
      "dataset": "https://gate.dataloop.ai/api/v1/datasets/66210e0c0b653c71684ff7a3",
      "srcAnnotation": "662104c572b11aa4f0e112f7",
      "type": "box",
      "label": "circle",
      "attributes": [],
      "coordinates": [
        {
          "x": 938.55,
          "y": 754.69,
          "z": 0
        },
        {
          "x": 981.91,
          "y": 767.8100000000001,
          "z": 0
        }
      ],
      "metadata": {
        "system": {
          "attributes": {},
          "automated": false,
          "clientId": "e66c9db8-e326-4a0e-b3ea-1ed44a00791e",
          "coordinateVersion": "v2",
          "endFrame": 0,
          "endTime": 0,
          "frame": 0,
          "itemLinks": [],
          "objectId": "52",
          "openAnnotationVersion": "1.75.0-prod.1",
          "recipeId": "6620cb3bf7dd129c3fb8e289",
          "snapshots_": [],
          "startTime": 0,
          "system": false
        },
        "user": {}
      },
      "creator": "kim.lichtenberg@wearetriple.com",
      "createdAt": "2024-04-18T12:12:23.027Z",
      "updatedBy": "kim.lichtenberg@wearetriple.com",
      "updatedAt": "2024-04-18T12:12:23.027Z",
      "hash": "2478aff9af8f3b0c3561da8cf7db5867da753183",
      "source": "ui"
    }
  ],
  "annotationsCount": 10,
  "annotated": true,
  "srcItem": "6620cb8ea623000b11c92e91",
  "srcDataset": "6620cb3b6abc12d47dfc6ce9"
}