{
  "id": "66210e0e8095cc3c0d8947fc",
  "datasetId": "66210e0c0b653c71684ff7a3",
  "url": "https://gate.dataloop.ai/api/v1/items/66210e0e8095cc3c0d8947fc",
  "dataset": "https://gate.dataloop.ai/api/v1/datasets/66210e0c0b653c71684ff7a3",
  "createdAt": "2024-04-18T12:11:56.525Z",
  "dir": "/part0",
  "filename": "/part0/frame6.jpg",
  "type": "file",
  "hidden": false,
  "metadata": {
    "system": {
      "channels": 3,
      "encoding": "7bit",
      "height": 1080,
      "isBinary": true,
      "mimetype": "image/jpeg",
      "modalities": [],
      "originalname": "frame6.jpg",
      "refs": [],
      "size": 120050,
      "taskStatusLog": [],
      "thumbnailId": "66210e108095cc869a8949d9",
      "width": 1920
    }
  },
  "name": "frame6.jpg",
  "creator": "kim.lichtenberg@wearetriple.com",
  "updatedAt": "2024-04-18T12:12:36.814Z",
  "updatedBy": "rubiks@dataloop.ai",
  "stream": "https://gate.dataloop.ai/api/v1/items/66210e0e8095cc3c0d8947fc/stream",
  "thumbnail": "https://gate.dataloop.ai/api/v1/items/66210e0e8095cc3c0d8947fc/thumbnail",
  "annotations": [
    {
      "id": "66210e2d8095cc131f8959cd",
      "datasetId": "66210e0c0b653c71684ff7a3",
      "itemId": "66210e0e8095cc3c0d8947fc",
      "url": "https://gate.dataloop.ai/api/v1/annotations/66210e2d8095cc131f8959cd",
      "item": "https://gate.dataloop.ai/api/v1/items/66210e0e8095cc3c0d8947fc",
      "dataset": "https://gate.dataloop.ai/api/v1/datasets/66210e0c0b653c71684ff7a3",
      "srcAnnotation": "6620da84c7f0341cf71a03b3",
      "type": "box",
      "label": "player",
      "attributes": [],
      "coordinates": [
        {
          "x": 518.87,
          "y": 546.7,
          "z": 0
        },
        {
          "x": 647.1700000000001,
          "y": 947.6400000000001,
          "z": 0
        }
      ],
      "metadata": {
        "system": {
          "attributes": {},
          "automated": false,
          "clientId": "86cf56cf-2a22-4325-a564-3ec3fa5e5a05",
          "coordinateVersion": "v2",
          "endFrame": 0,
          "endTime": 0,
          "frame": 0,
          "itemLinks": [],
          "objectId": "3",
          "openAnnotationVersion": "1.75.0-prod.1",
          "plottingParams": {},
          "recipeId": "6620cb3bf7dd129c3fb8e289",
          "snapshots_": [],
          "startTime": 0,
          "system": false
        },
        "user": {}
      },
      "creator": "kim.lichtenberg@wearetriple.com",
      "createdAt": "2024-04-18T12:12:29.941Z",
      "updatedBy": "kim.lichtenberg@wearetriple.com",
      "updatedAt": "2024-04-18T12:12:29.941Z",
      "hash": "58b30d68a6135c432614db0b87b4386da8b063ab",
      "source": "ui"
    },
    {
      "id": "66210e2d8095cc2eeb8959c2",
      "datasetId": "66210e0c0b653c71684ff7a3",
      "itemId": "66210e0e8095cc3c0d8947fc",
      "url": "https://gate.dataloop.ai/api/v1/annotations/66210e2d8095cc2eeb8959c2",
      "item": "https://gate.dataloop.ai/api/v1/items/66210e0e8095cc3c0d8947fc",
      "dataset": "https://gate.dataloop.ai/api/v1/datasets/66210e0c0b653c71684ff7a3",
      "srcAnnotation": "6620da84c7f0341aed1a03b6",
      "type": "box",
      "label": "goal-bottom-right",
      "attributes": [],
      "coordinates": [
        {
          "x": 1110.1232125446336,
          "y": 381.7760335497094,
          "z": 0
        },
        {
          "x": 1410.1641719869094,
          "y": 529.577417210648,
          "z": 0
        }
      ],
      "metadata": {
        "system": {
          "attributes": {},
          "automated": false,
          "clientId": "17389f9c-3c00-4baf-88e1-477bd025dc08",
          "coordinateVersion": "v2",
          "endFrame": 0,
          "endTime": 0,
          "frame": 0,
          "itemLinks": [],
          "objectId": "51",
          "openAnnotationVersion": "1.75.0-prod.1",
          "plottingParams": {},
          "recipeId": "6620cb3bf7dd129c3fb8e289",
          "snapshots_": [],
          "startTime": 0,
          "system": false
        },
        "user": {}
      },
      "creator": "kim.lichtenberg@wearetriple.com",
      "createdAt": "2024-04-18T12:12:29.825Z",
      "updatedBy": "kim.lichtenberg@wearetriple.com",
      "updatedAt": "2024-04-18T12:12:29.825Z",
      "hash": "3ae4b635a5f16a7515f61608fdd06e5d4d79c04d",
      "source": "ui"
    },
    {
      "id": "66210e2d8095cc56198959d4",
      "datasetId": "66210e0c0b653c71684ff7a3",
      "itemId": "66210e0e8095cc3c0d8947fc",
      "url": "https://gate.dataloop.ai/api/v1/annotations/66210e2d8095cc56198959d4",
      "item": "https://gate.dataloop.ai/api/v1/items/66210e0e8095cc3c0d8947fc",
      "dataset": "https://gate.dataloop.ai/api/v1/datasets/66210e0c0b653c71684ff7a3",
      "srcAnnotation": "6620da84c7f0342f0a1a03b8",
      "type": "box",
      "label": "goal-middle-down",
      "attributes": [],
      "coordinates": [
        {
          "x": 810.0577063884007,
          "y": 381.32435540826503,
          "z": 0
        },
        {
          "x": 1110.0986658306765,
          "y": 529.1257390692036,
          "z": 0
        }
      ],
      "metadata": {
        "system": {
          "attributes": {},
          "automated": false,
          "clientId": "ec96341d-fb6e-4246-a800-0d52eebcc579",
          "coordinateVersion": "v2",
          "endFrame": 0,
          "endTime": 0,
          "frame": 0,
          "itemLinks": [],
          "objectId": "45",
          "openAnnotationVersion": "1.75.0-prod.1",
          "plottingParams": {},
          "recipeId": "6620cb3bf7dd129c3fb8e289",
          "snapshots_": [],
          "startTime": 0,
          "system": false
        },
        "user": {}
      },
      "creator": "kim.lichtenberg@wearetriple.com",
      "createdAt": "2024-04-18T12:12:30.003Z",
      "updatedBy": "kim.lichtenberg@wearetriple.com",
      "updatedAt": "2024-04-18T12:12:30.003Z",
      "hash": "209166431384aab2071a77dc43c60077f221314b",
      "source": "ui"
    },
    {
      "id": "66210e2d8095ccb0f08959c7",
      "datasetId": "66210e0c0b653c71684ff7a3",
      "itemId": "66210e0e8095cc3c0d8947fc",
      "url": "https://gate.dataloop.ai/api/v1/annotations/66210e2d8095ccb0f08959c7",
      "item": "https://gate.dataloop.ai/api/v1/items/66210e0e8095cc3c0d8947fc",
      "dataset": "https://gate.dataloop.ai/api/v1/datasets/66210e0c0b653c71684ff7a3",
      "srcAnnotation": "6620da84c7f0341b921a03b9",
      "type": "box",
      "label": "goal-middle-up",
      "attributes": [],
      "coordinates": [
        {
          "x": 810.1311204331535,
          "y": 233.400564430087,
          "z": 0
        },
        {
          "x": 1109.6152633201598,
          "y": 381.20194809102566,
          "z": 0
        }
      ],
      "metadata": {
        "system": {
          "attributes": {},
          "automated": false,
          "clientId": "98c41052-5258-46df-9ba4-c72d9593f610",
          "coordinateVersion": "v2",
          "endFrame": 0,
          "endTime": 0,
          "frame": 0,
          "itemLinks": [],
          "objectId": "42",
          "openAnnotationVersion": "1.75.0-prod.1",
          "plottingParams": {},
          "recipeId": "6620cb3bf7dd129c3fb8e289",
          "snapshots_": [],
          "startTime": 0,
          "system": false
        },
        "user": {}
      },
      "creator": "kim.lichtenberg@wearetriple.com",
      "createdAt": "2024-04-18T12:12:29.889Z",
      "updatedBy": "kim.lichtenberg@wearetriple.com",
      "updatedAt": "2024-04-18T12:12:29.889Z",
      "hash": "df9cf528d91a231ae39a46094ee46239e715fae0",
      "source": "ui"
    },
    {
      "id": "66210e2e8095cc0d2d8959df",
      "datasetId": "66210e0c0b653c71684ff7a3",
      "itemId": "66210e0e8095cc3c0d8947fc",
      "url": "https://gate.dataloop.ai/api/v1/annotations/66210e2e8095cc0d2d8959df",
      "item": "https://gate.dataloop.ai/api/v1/items/66210e0e8095cc3c0d8947fc",
      "dataset": "https://gate.dataloop.ai/api/v1/datasets/66210e0c0b653c71684ff7a3",
      "srcAnnotation": "6620da84c7f03449151a03b2",
      "type": "box",
      "label": "football",
      "attributes": [],
      "coordinates": [
        {
          "x": 933.1661051944053,
          "y": 727.9851578849152,
          "z": 0
        },
        {
          "x": 988.8261051944053,
          "y": 770.4351578849152,
          "z": 0
        }
      ],
      "metadata": {
        "system": {
          "attributes": {},
          "automated": false,
          "clientId": "b37e3fcd-a020-43f1-ae1f-79e6877ee6be",
          "coordinateVersion": "v2",
          "endFrame": 0,
          "endTime": 0,
          "frame": 0,
          "itemLinks": [],
          "objectId": "1",
          "openAnnotationVersion": "1.75.0-prod.1",
          "plottingParams": {},
          "recipeId": "6620cb3bf7dd129c3fb8e289",
          "snapshots_": [],
          "startTime": 0,
          "system": false
        },
        "user": {}
      },
      "creator": "kim.lichtenberg@wearetriple.com",
      "createdAt": "2024-04-18T12:12:30.115Z",
      "updatedBy": "kim.lichtenberg@wearetriple.com",
      "updatedAt": "2024-04-18T12:12:30.115Z",
      "hash": "1a824ff630f29e3cdf2a745d392a8a1e8059fc9b",
      "source": "ui"
    },
    {
      "id": "66210e2e8095cc41d08959f3",
      "datasetId": "66210e0c0b653c71684ff7a3",
      "itemId": "66210e0e8095cc3c0d8947fc",
      "url": "https://gate.dataloop.ai/api/v1/annotations/66210e2e8095cc41d08959f3",
      "item": "https://gate.dataloop.ai/api/v1/items/66210e0e8095cc3c0d8947fc",
      "dataset": "https://gate.dataloop.ai/api/v1/datasets/66210e0c0b653c71684ff7a3",
      "srcAnnotation": "6620da84c7f034d1311a03b4",
      "type": "box",
      "label": "goal-top-left",
      "attributes": [],
      "coordinates": [
        {
          "x": 509.7484670736494,
          "y": 233.36789275458096,
          "z": 0
        },
        {
          "x": 809.7894265159249,
          "y": 381.16927641551956,
          "z": 0
        }
      ],
      "metadata": {
        "system": {
          "attributes": {},
          "automated": false,
          "clientId": "55a2067b-bb9a-4b1f-818c-75513214df76",
          "coordinateVersion": "v2",
          "endFrame": 0,
          "endTime": 0,
          "frame": 0,
          "itemLinks": [],
          "objectId": "9",
          "openAnnotationVersion": "1.75.0-prod.1",
          "plottingParams": {},
          "recipeId": "6620cb3bf7dd129c3fb8e289",
          "snapshots_": [],
          "startTime": 0,
          "system": false
        },
        "user": {}
      },
      "creator": "kim.lichtenberg@wearetriple.com",
      "createdAt": "2024-04-18T12:12:30.292Z",
      "updatedBy": "kim.lichtenberg@wearetriple.com",
      "updatedAt": "2024-04-18T12:12:30.292Z",
      "hash": "0d05874c18f0e430be20261c29acd4170f2909ce",
      "source": "ui"
    },
    {
      "id": "66210e2e8095cc926b8959d9",
      "datasetId": "66210e0c0b653c71684ff7a3",
      "itemId": "66210e0e8095cc3c0d8947fc",
      "url": "https://gate.dataloop.ai/api/v1/annotations/66210e2e8095cc926b8959d9",
      "item": "https://gate.dataloop.ai/api/v1/items/66210e0e8095cc3c0d8947fc",
      "dataset": "https://gate.dataloop.ai/api/v1/datasets/66210e0c0b653c71684ff7a3",
      "srcAnnotation": "6620da84c7f034478a1a03ba",
      "type": "box",
      "label": "goal-top-right",
      "attributes": [],
      "coordinates": [
        {
          "x": 1109.9232072237482,
          "y": 233.5121050067239,
          "z": 0
        },
        {
          "x": 1410.2287249676674,
          "y": 381.3134886676626,
          "z": 0
        }
      ],
      "metadata": {
        "system": {
          "attributes": {},
          "automated": false,
          "clientId": "4172c6f4-1f54-4600-b831-8de0b4603460",
          "coordinateVersion": "v2",
          "endFrame": 0,
          "endTime": 0,
          "frame": 0,
          "itemLinks": [],
          "objectId": "43",
          "openAnnotationVersion": "1.75.0-prod.1",
          "plottingParams": {},
          "recipeId": "6620cb3bf7dd129c3fb8e289",
          "snapshots_": [],
          "startTime": 0,
          "system": false
        },
        "user": {}
      },
      "creator": "kim.lichtenberg@wearetriple.com",
      "createdAt": "2024-04-18T12:12:30.057Z",
      "updatedBy": "kim.lichtenberg@wearetriple.com",
      "updatedAt": "2024-04-18T12:12:30.057Z",
      "hash": "fd212cdea02a6abaceba219136c3ca759c68a06f",
      "source": "ui"
    },
    {
      "id": "66210e2e8095cc9ef78959eb",
      "datasetId": "66210e0c0b653c71684ff7a3",
      "itemId": "66210e0e8095cc3c0d8947fc",
      "url": "https://gate.dataloop.ai/api/v1/annotations/66210e2e8095cc9ef78959eb",
      "item": "https://gate.dataloop.ai/api/v1/items/66210e0e8095cc3c0d8947fc",
      "dataset": "https://gate.dataloop.ai/api/v1/datasets/66210e0c0b653c71684ff7a3",
      "srcAnnotation": "6620da84c7f034a9371a03b7",
      "type": "box",
      "label": "goal-bottom-left",
      "attributes": [],
      "coordinates": [
        {
          "x": 509.6575499411782,
          "y": 381.4565014530996,
          "z": 0
        },
        {
          "x": 809.6985093834538,
          "y": 529.2578851140381,
          "z": 0
        }
      ],
      "metadata": {
        "system": {
          "attributes": {},
          "automated": false,
          "clientId": "b737de65-b40f-4cee-9631-13e353f6714a",
          "coordinateVersion": "v2",
          "endFrame": 0,
          "endTime": 0,
          "frame": 0,
          "itemLinks": [],
          "objectId": "44",
          "openAnnotationVersion": "1.75.0-prod.1",
          "plottingParams": {},
          "recipeId": "6620cb3bf7dd129c3fb8e289",
          "snapshots_": [],
          "startTime": 0,
          "system": false
        },
        "user": {}
      },
      "creator": "kim.lichtenberg@wearetriple.com",
      "createdAt": "2024-04-18T12:12:30.232Z",
      "updatedBy": "kim.lichtenberg@wearetriple.com",
      "updatedAt": "2024-04-18T12:12:30.232Z",
      "hash": "a5c51fd7955c8b4e99b4c59813266f8fe926fca0",
      "source": "ui"
    },
    {
      "id": "66210e2e8095cccc2a8959e6",
      "datasetId": "66210e0c0b653c71684ff7a3",
      "itemId": "66210e0e8095cc3c0d8947fc",
      "url": "https://gate.dataloop.ai/api/v1/annotations/66210e2e8095cccc2a8959e6",
      "item": "https://gate.dataloop.ai/api/v1/items/66210e0e8095cc3c0d8947fc",
      "dataset": "https://gate.dataloop.ai/api/v1/datasets/66210e0c0b653c71684ff7a3",
      "srcAnnotation": "6620da84c7f03471641a03b1",
      "type": "box",
      "label": "goalkeeper",
      "attributes": [],
      "coordinates": [
        {
          "x": 933.0268476798192,
          "y": 286.9314414052252,
          "z": 0
        },
        {
          "x": 1082.522900397308,
          "y": 535.1471359183311,
          "z": 0
        }
      ],
      "metadata": {
        "system": {
          "attributes": {},
          "automated": false,
          "clientId": "d8a9054e-0b68-41eb-955a-a906d1ecfc37",
          "coordinateVersion": "v2",
          "endFrame": 0,
          "endTime": 0,
          "frame": 0,
          "isOnlyLocal": false,
          "isOpen": false,
          "itemLinks": [],
          "objectId": "5",
          "openAnnotationVersion": "1.75.0-prod.1",
          "plottingParams": {},
          "recipeId": "6620cb3bf7dd129c3fb8e289",
          "snapshots_": [],
          "startTime": 0,
          "system": false
        },
        "user": {}
      },
      "creator": "kim.lichtenberg@wearetriple.com",
      "createdAt": "2024-04-18T12:12:30.173Z",
      "updatedBy": "kim.lichtenberg@wearetriple.com",
      "updatedAt": "2024-04-18T12:12:30.173Z",
      "hash": "cb0a0be455eae76a5a8b91d4b0457e4b56629809",
      "source": "ui"
    },
    {
      "id": "66210e2e8095ccd5558959f8",
      "datasetId": "66210e0c0b653c71684ff7a3",
      "itemId": "66210e0e8095cc3c0d8947fc",
      "url": "https://gate.dataloop.ai/api/v1/annotations/66210e2e8095ccd5558959f8",
      "item": "https://gate.dataloop.ai/api/v1/items/66210e0e8095cc3c0d8947fc",
      "dataset": "https://gate.dataloop.ai/api/v1/datasets/66210e0c0b653c71684ff7a3",
      "srcAnnotation": "662106ba088a99bae2d3d310",
      "type": "box",
      "label": "circle",
      "attributes": [],
      "coordinates": [
        {
          "x": 776.42,
          "y": 720.28,
          "z": 0
        },
        {
          "x": 1148.12,
          "y": 803.3,
          "z": 0
        }
      ],
      "metadata": {
        "system": {
          "attributes": {},
          "automated": false,
          "clientId": "0457b078-fa62-4d65-819b-d0bdbda21e4e",
          "coordinateVersion": "v2",
          "endFrame": 0,
          "endTime": 0,
          "frame": 0,
          "itemLinks": [],
          "objectId": "52",
          "openAnnotationVersion": "1.75.0-prod.1",
          "recipeId": "6620cb3bf7dd129c3fb8e289",
          "snapshots_": [],
          "startTime": 0,
          "system": false
        },
        "user": {}
      },
      "creator": "kim.lichtenberg@wearetriple.com",
      "createdAt": "2024-04-18T12:12:30.360Z",
      "updatedBy": "kim.lichtenberg@wearetriple.com",
      "updatedAt": "2024-04-18T12:12:30.360Z",
      "hash": "c810f7c707693b0ea151ccf38651744311373ad7",
      "source": "ui"
    }
  ],
  "annotationsCount": 10,
  "annotated": true,
  "srcItem": "6620cb906cc974689957288f",
  "srcDataset": "6620cb3b6abc12d47dfc6ce9"
}