{
  "id": "66210e0e8095ccb0fb8947d6",
  "datasetId": "66210e0c0b653c71684ff7a3",
  "url": "https://gate.dataloop.ai/api/v1/items/66210e0e8095ccb0fb8947d6",
  "dataset": "https://gate.dataloop.ai/api/v1/datasets/66210e0c0b653c71684ff7a3",
  "createdAt": "2024-04-18T12:11:56.524Z",
  "dir": "/part0",
  "filename": "/part0/frame4.jpg",
  "type": "file",
  "hidden": false,
  "metadata": {
    "system": {
      "channels": 3,
      "encoding": "7bit",
      "height": 1080,
      "isBinary": true,
      "mimetype": "image/jpeg",
      "modalities": [],
      "originalname": "frame4.jpg",
      "refs": [],
      "size": 221190,
      "taskStatusLog": [],
      "thumbnailId": "66210e108095cc236e894a0d",
      "width": 1920
    }
  },
  "name": "frame4.jpg",
  "creator": "kim.lichtenberg@wearetriple.com",
  "updatedAt": "2024-04-18T12:12:36.664Z",
  "updatedBy": "rubiks@dataloop.ai",
  "stream": "https://gate.dataloop.ai/api/v1/items/66210e0e8095ccb0fb8947d6/stream",
  "thumbnail": "https://gate.dataloop.ai/api/v1/items/66210e0e8095ccb0fb8947d6/thumbnail",
  "annotations": [
    {
      "id": "66210e298095cc049b8957de",
      "datasetId": "66210e0c0b653c71684ff7a3",
      "itemId": "66210e0e8095ccb0fb8947d6",
      "url": "https://gate.dataloop.ai/api/v1/annotations/66210e298095cc049b8957de",
      "item": "https://gate.dataloop.ai/api/v1/items/66210e0e8095ccb0fb8947d6",
      "dataset": "https://gate.dataloop.ai/api/v1/datasets/66210e0c0b653c71684ff7a3",
      "srcAnnotation": "6620db1dc819db42cb9781c4",
      "type": "box",
      "label": "goal-middle-down",
      "attributes": [],
      "coordinates": [
        {
          "x": 810.0577063884007,
          "y": 381.32435540826503,
          "z": 0
        },
        {
          "x": 1110.0986658306765,
          "y": 529.1257390692036,
          "z": 0
        }
      ],
      "metadata": {
        "system": {
          "attributes": {},
          "automated": false,
          "clientId": "d477d874-ff95-4ce2-8476-080588b7ebe6",
          "coordinateVersion": "v2",
          "endFrame": 0,
          "endTime": 0,
          "frame": 0,
          "itemLinks": [],
          "objectId": "45",
          "openAnnotationVersion": "1.75.0-prod.1",
          "plottingParams": {},
          "recipeId": "6620cb3bf7dd129c3fb8e289",
          "snapshots_": [],
          "startTime": 0,
          "system": false
        },
        "user": {}
      },
      "creator": "kim.lichtenberg@wearetriple.com",
      "createdAt": "2024-04-18T12:12:25.910Z",
      "updatedBy": "kim.lichtenberg@wearetriple.com",
      "updatedAt": "2024-04-18T12:12:25.910Z",
      "hash": "a7e9e0d61b770d22abac046f8ddc93d5389e758a",
      "source": "ui"
    },
    {
      "id": "66210e298095cc16bc8957aa",
      "datasetId": "66210e0c0b653c71684ff7a3",
      "itemId": "66210e0e8095ccb0fb8947d6",
      "url": "https://gate.dataloop.ai/api/v1/annotations/66210e298095cc16bc8957aa",
      "item": "https://gate.dataloop.ai/api/v1/items/66210e0e8095ccb0fb8947d6",
      "dataset": "https://gate.dataloop.ai/api/v1/datasets/66210e0c0b653c71684ff7a3",
      "srcAnnotation": "6620db1dc819db2aa69781cc",
      "type": "box",
      "label": "goal-middle-up",
      "attributes": [],
      "coordinates": [
        {
          "x": 810.1311204331535,
          "y": 233.400564430087,
          "z": 0
        },
        {
          "x": 1109.6152633201598,
          "y": 381.20194809102566,
          "z": 0
        }
      ],
      "metadata": {
        "system": {
          "attributes": {},
          "automated": false,
          "clientId": "08be0f24-cc40-4feb-a0aa-cfae9db9e40b",
          "coordinateVersion": "v2",
          "endFrame": 0,
          "endTime": 0,
          "frame": 0,
          "itemLinks": [],
          "objectId": "42",
          "openAnnotationVersion": "1.75.0-prod.1",
          "plottingParams": {},
          "recipeId": "6620cb3bf7dd129c3fb8e289",
          "snapshots_": [],
          "startTime": 0,
          "system": false
        },
        "user": {}
      },
      "creator": "kim.lichtenberg@wearetriple.com",
      "createdAt": "2024-04-18T12:12:25.606Z",
      "updatedBy": "kim.lichtenberg@wearetriple.com",
      "updatedAt": "2024-04-18T12:12:25.606Z",
      "hash": "a7d3fbbf4b72a8cf98a6f837594d8722cb38bfad",
      "source": "ui"
    },
    {
      "id": "66210e298095cc31b08957c3",
      "datasetId": "66210e0c0b653c71684ff7a3",
      "itemId": "66210e0e8095ccb0fb8947d6",
      "url": "https://gate.dataloop.ai/api/v1/annotations/66210e298095cc31b08957c3",
      "item": "https://gate.dataloop.ai/api/v1/items/66210e0e8095ccb0fb8947d6",
      "dataset": "https://gate.dataloop.ai/api/v1/datasets/66210e0c0b653c71684ff7a3",
      "srcAnnotation": "6620db1dc819db30a39781c9",
      "type": "box",
      "label": "goal-top-left",
      "attributes": [],
      "coordinates": [
        {
          "x": 509.7484670736494,
          "y": 233.36789275458096,
          "z": 0
        },
        {
          "x": 809.7894265159249,
          "y": 381.16927641551956,
          "z": 0
        }
      ],
      "metadata": {
        "system": {
          "attributes": {},
          "automated": false,
          "clientId": "8b68ab69-43d8-4037-88fa-600cf1e6c528",
          "coordinateVersion": "v2",
          "endFrame": 0,
          "endTime": 0,
          "frame": 0,
          "itemLinks": [],
          "objectId": "9",
          "openAnnotationVersion": "1.75.0-prod.1",
          "plottingParams": {},
          "recipeId": "6620cb3bf7dd129c3fb8e289",
          "snapshots_": [],
          "startTime": 0,
          "system": false
        },
        "user": {}
      },
      "creator": "kim.lichtenberg@wearetriple.com",
      "createdAt": "2024-04-18T12:12:25.744Z",
      "updatedBy": "kim.lichtenberg@wearetriple.com",
      "updatedAt": "2024-04-18T12:12:25.744Z",
      "hash": "bbd8074567050fc20d7aa6cd1462436686a7ad13",
      "source": "ui"
    },
    {
      "id": "66210e298095cc87d5895793",
      "datasetId": "66210e0c0b653c71684ff7a3",
      "itemId": "66210e0e8095ccb0fb8947d6",
      "url": "https://gate.dataloop.ai/api/v1/annotations/66210e298095cc87d5895793",
      "item": "https://gate.dataloop.ai/api/v1/items/66210e0e8095ccb0fb8947d6",
      "dataset": "https://gate.dataloop.ai/api/v1/datasets/66210e0c0b653c71684ff7a3",
      "srcAnnotation": "6620db1dc819db292b9781c5",
      "type": "box",
      "label": "football",
      "attributes": [],
      "coordinates": [
        {
          "x": 933.1661051944053,
          "y": 727.9851578849152,
          "z": 0
        },
        {
          "x": 988.8261051944053,
          "y": 770.4351578849152,
          "z": 0
        }
      ],
      "metadata": {
        "system": {
          "attributes": {},
          "automated": false,
          "clientId": "b918c82f-9d32-432c-b873-e9e9fd3c06f1",
          "coordinateVersion": "v2",
          "endFrame": 0,
          "endTime": 0,
          "frame": 0,
          "itemLinks": [],
          "objectId": "1",
          "openAnnotationVersion": "1.75.0-prod.1",
          "plottingParams": {},
          "recipeId": "6620cb3bf7dd129c3fb8e289",
          "snapshots_": [],
          "startTime": 0,
          "system": false
        },
        "user": {}
      },
      "creator": "kim.lichtenberg@wearetriple.com",
      "createdAt": "2024-04-18T12:12:25.408Z",
      "updatedBy": "kim.lichtenberg@wearetriple.com",
      "updatedAt": "2024-04-18T12:12:25.408Z",
      "hash": "4e9e6771bb1fea5879bc584cb5a49a518d3ef0e4",
      "source": "ui"
    },
    {
      "id": "66210e2a8095cc2949895827",
      "datasetId": "66210e0c0b653c71684ff7a3",
      "itemId": "66210e0e8095ccb0fb8947d6",
      "url": "https://gate.dataloop.ai/api/v1/annotations/66210e2a8095cc2949895827",
      "item": "https://gate.dataloop.ai/api/v1/items/66210e0e8095ccb0fb8947d6",
      "dataset": "https://gate.dataloop.ai/api/v1/datasets/66210e0c0b653c71684ff7a3",
      "srcAnnotation": "6620db1dc819db796a9781c7",
      "type": "box",
      "label": "goal-bottom-right",
      "attributes": [],
      "coordinates": [
        {
          "x": 1110.1232125446336,
          "y": 381.7760335497094,
          "z": 0
        },
        {
          "x": 1410.1641719869094,
          "y": 529.577417210648,
          "z": 0
        }
      ],
      "metadata": {
        "system": {
          "attributes": {},
          "automated": false,
          "clientId": "92ff1473-b7fa-4464-bf98-ea46ee389a7c",
          "coordinateVersion": "v2",
          "endFrame": 0,
          "endTime": 0,
          "frame": 0,
          "itemLinks": [],
          "objectId": "51",
          "openAnnotationVersion": "1.75.0-prod.1",
          "plottingParams": {},
          "recipeId": "6620cb3bf7dd129c3fb8e289",
          "snapshots_": [],
          "startTime": 0,
          "system": false
        },
        "user": {}
      },
      "creator": "kim.lichtenberg@wearetriple.com",
      "createdAt": "2024-04-18T12:12:26.486Z",
      "updatedBy": "kim.lichtenberg@wearetriple.com",
      "updatedAt": "2024-04-18T12:12:26.486Z",
      "hash": "f79f287ab61457b896ebcd40ec6a35d782642b05",
      "source": "ui"
    },
    {
      "id": "66210e2a8095cc496989583f",
      "datasetId": "66210e0c0b653c71684ff7a3",
      "itemId": "66210e0e8095ccb0fb8947d6",
      "url": "https://gate.dataloop.ai/api/v1/annotations/66210e2a8095cc496989583f",
      "item": "https://gate.dataloop.ai/api/v1/items/66210e0e8095ccb0fb8947d6",
      "dataset": "https://gate.dataloop.ai/api/v1/datasets/66210e0c0b653c71684ff7a3",
      "srcAnnotation": "6620db1dc819db883d9781c6",
      "type": "box",
      "label": "goal-bottom-left",
      "attributes": [],
      "coordinates": [
        {
          "x": 509.6575499411782,
          "y": 381.4565014530996,
          "z": 0
        },
        {
          "x": 809.6985093834538,
          "y": 529.2578851140381,
          "z": 0
        }
      ],
      "metadata": {
        "system": {
          "attributes": {},
          "automated": false,
          "clientId": "f2e30c2d-79e9-456a-929a-9f18ecf58981",
          "coordinateVersion": "v2",
          "endFrame": 0,
          "endTime": 0,
          "frame": 0,
          "itemLinks": [],
          "objectId": "44",
          "openAnnotationVersion": "1.75.0-prod.1",
          "plottingParams": {},
          "recipeId": "6620cb3bf7dd129c3fb8e289",
          "snapshots_": [],
          "startTime": 0,
          "system": false
        },
        "user": {}
      },
      "creator": "kim.lichtenberg@wearetriple.com",
      "createdAt": "2024-04-18T12:12:26.617Z",
      "updatedBy": "kim.lichtenberg@wearetriple.com",
      "updatedAt": "2024-04-18T12:12:26.617Z",
      "hash": "cd20c7133f589a23caaf6d3514a0afc695ad17cf",
      "source": "ui"
    },
    {
      "id": "66210e2a8095cc5147895869",
      "datasetId": "66210e0c0b653c71684ff7a3",
      "itemId": "66210e0e8095ccb0fb8947d6",
      "url": "https://gate.dataloop.ai/api/v1/annotations/66210e2a8095cc5147895869",
      "item": "https://gate.dataloop.ai/api/v1/items/66210e0e8095ccb0fb8947d6",
      "dataset": "https://gate.dataloop.ai/api/v1/datasets/66210e0c0b653c71684ff7a3",
      "srcAnnotation": "662104e9a23798648d1174de",
      "type": "box",
      "label": "circle",
      "attributes": [],
      "coordinates": [
        {
          "x": 770.75,
          "y": 716.51,
          "z": 0
        },
        {
          "x": 1154.71,
          "y": 799.53,
          "z": 0
        }
      ],
      "metadata": {
        "system": {
          "attributes": {},
          "automated": false,
          "clientId": "208325e5-78da-4383-95ef-8da1eed9057f",
          "coordinateVersion": "v2",
          "endFrame": 0,
          "endTime": 0,
          "frame": 0,
          "itemLinks": [],
          "objectId": "53",
          "openAnnotationVersion": "1.75.0-prod.1",
          "recipeId": "6620cb3bf7dd129c3fb8e289",
          "snapshots_": [],
          "startTime": 0,
          "system": false
        },
        "user": {}
      },
      "creator": "kim.lichtenberg@wearetriple.com",
      "createdAt": "2024-04-18T12:12:26.949Z",
      "updatedBy": "kim.lichtenberg@wearetriple.com",
      "updatedAt": "2024-04-18T12:12:26.949Z",
      "hash": "95b4b930befa771cdfcec736522d8d1582706560",
      "source": "ui"
    },
    {
      "id": "66210e2a8095cc796e89584e",
      "datasetId": "66210e0c0b653c71684ff7a3",
      "itemId": "66210e0e8095ccb0fb8947d6",
      "url": "https://gate.dataloop.ai/api/v1/annotations/66210e2a8095cc796e89584e",
      "item": "https://gate.dataloop.ai/api/v1/items/66210e0e8095ccb0fb8947d6",
      "dataset": "https://gate.dataloop.ai/api/v1/datasets/66210e0c0b653c71684ff7a3",
      "srcAnnotation": "6620db1dc819db9b839781cb",
      "type": "box",
      "label": "player",
      "attributes": [],
      "coordinates": [
        {
          "x": 518.87,
          "y": 546.7,
          "z": 0
        },
        {
          "x": 647.1700000000001,
          "y": 947.6400000000001,
          "z": 0
        }
      ],
      "metadata": {
        "system": {
          "attributes": {},
          "automated": false,
          "clientId": "f0439cbc-1f0a-4a21-8311-3bb31112759b",
          "coordinateVersion": "v2",
          "endFrame": 0,
          "endTime": 0,
          "frame": 0,
          "itemLinks": [],
          "objectId": "3",
          "openAnnotationVersion": "1.75.0-prod.1",
          "plottingParams": {},
          "recipeId": "6620cb3bf7dd129c3fb8e289",
          "snapshots_": [],
          "startTime": 0,
          "system": false
        },
        "user": {}
      },
      "creator": "kim.lichtenberg@wearetriple.com",
      "createdAt": "2024-04-18T12:12:26.785Z",
      "updatedBy": "kim.lichtenberg@wearetriple.com",
      "updatedAt": "2024-04-18T12:12:26.785Z",
      "hash": "b8e4556721e8d714fa6144c198c9aab207a66614",
      "source": "ui"
    },
    {
      "id": "66210e2a8095cc7df689580c",
      "datasetId": "66210e0c0b653c71684ff7a3",
      "itemId": "66210e0e8095ccb0fb8947d6",
      "url": "https://gate.dataloop.ai/api/v1/annotations/66210e2a8095cc7df689580c",
      "item": "https://gate.dataloop.ai/api/v1/items/66210e0e8095ccb0fb8947d6",
      "dataset": "https://gate.dataloop.ai/api/v1/datasets/66210e0c0b653c71684ff7a3",
      "srcAnnotation": "6620db1dc819db76799781ca",
      "type": "box",
      "label": "goalkeeper",
      "attributes": [],
      "coordinates": [
        {
          "x": 919.8761894113461,
          "y": 301.3496910481525,
          "z": 0
        },
        {
          "x": 1038.3204916710652,
          "y": 534.5779949434469,
          "z": 0
        }
      ],
      "metadata": {
        "system": {
          "attributes": {},
          "automated": false,
          "clientId": "2b692220-f0c9-43f6-8262-af677f0fa568",
          "coordinateVersion": "v2",
          "endFrame": 0,
          "endTime": 0,
          "frame": 0,
          "isOnlyLocal": false,
          "isOpen": false,
          "itemLinks": [],
          "objectId": "5",
          "openAnnotationVersion": "1.75.0-prod.1",
          "plottingParams": {},
          "recipeId": "6620cb3bf7dd129c3fb8e289",
          "snapshots_": [],
          "startTime": 0,
          "system": false
        },
        "user": {}
      },
      "creator": "kim.lichtenberg@wearetriple.com",
      "createdAt": "2024-04-18T12:12:26.281Z",
      "updatedBy": "kim.lichtenberg@wearetriple.com",
      "updatedAt": "2024-04-18T12:12:26.281Z",
      "hash": "fbed41ac729a0830c96e2ccf9f63857c05018b09",
      "source": "ui"
    },
    {
      "id": "66210e2a8095cc82a48957f4",
      "datasetId": "66210e0c0b653c71684ff7a3",
      "itemId": "66210e0e8095ccb0fb8947d6",
      "url": "https://gate.dataloop.ai/api/v1/annotations/66210e2a8095cc82a48957f4",
      "item": "https://gate.dataloop.ai/api/v1/items/66210e0e8095ccb0fb8947d6",
      "dataset": "https://gate.dataloop.ai/api/v1/datasets/66210e0c0b653c71684ff7a3",
      "srcAnnotation": "6620db1dc819db4ca59781c8",
      "type": "box",
      "label": "goal-top-right",
      "attributes": [],
      "coordinates": [
        {
          "x": 1109.9232072237482,
          "y": 233.5121050067239,
          "z": 0
        },
        {
          "x": 1410.2287249676674,
          "y": 381.3134886676626,
          "z": 0
        }
      ],
      "metadata": {
        "system": {
          "attributes": {},
          "automated": false,
          "clientId": "7298be25-59ec-463e-9f83-652ebe180897",
          "coordinateVersion": "v2",
          "endFrame": 0,
          "endTime": 0,
          "frame": 0,
          "itemLinks": [],
          "objectId": "43",
          "openAnnotationVersion": "1.75.0-prod.1",
          "plottingParams": {},
          "recipeId": "6620cb3bf7dd129c3fb8e289",
          "snapshots_": [],
          "startTime": 0,
          "system": false
        },
        "user": {}
      },
      "creator": "kim.lichtenberg@wearetriple.com",
      "createdAt": "2024-04-18T12:12:26.096Z",
      "updatedBy": "kim.lichtenberg@wearetriple.com",
      "updatedAt": "2024-04-18T12:12:26.096Z",
      "hash": "fdbd6d1c6f8a1d047c26a5e69f2327ada80e7324",
      "source": "ui"
    }
  ],
  "annotationsCount": 10,
  "annotated": true,
  "srcItem": "6620cb8fa623005b6fc92ea3",
  "srcDataset": "6620cb3b6abc12d47dfc6ce9"
}