{
  "id": "66210e0e8095cc149c8947cd",
  "datasetId": "66210e0c0b653c71684ff7a3",
  "url": "https://gate.dataloop.ai/api/v1/items/66210e0e8095cc149c8947cd",
  "dataset": "https://gate.dataloop.ai/api/v1/datasets/66210e0c0b653c71684ff7a3",
  "createdAt": "2024-04-18T12:11:56.519Z",
  "dir": "/part0",
  "filename": "/part0/frame2.jpg",
  "type": "file",
  "hidden": false,
  "metadata": {
    "system": {
      "channels": 3,
      "encoding": "7bit",
      "height": 1080,
      "isBinary": true,
      "mimetype": "image/jpeg",
      "modalities": [],
      "originalname": "frame2.jpg",
      "refs": [],
      "size": 423577,
      "taskStatusLog": [],
      "thumbnailId": "66210e108095cc59a58949d6",
      "width": 1920
    }
  },
  "name": "frame2.jpg",
  "creator": "kim.lichtenberg@wearetriple.com",
  "updatedAt": "2024-04-18T12:12:36.459Z",
  "updatedBy": "rubiks@dataloop.ai",
  "stream": "https://gate.dataloop.ai/api/v1/items/66210e0e8095cc149c8947cd/stream",
  "thumbnail": "https://gate.dataloop.ai/api/v1/items/66210e0e8095cc149c8947cd/thumbnail",
  "annotations": [
    {
      "id": "66210e248095cc105689551e",
      "datasetId": "66210e0c0b653c71684ff7a3",
      "itemId": "66210e0e8095cc149c8947cd",
      "url": "https://gate.dataloop.ai/api/v1/annotations/66210e248095cc105689551e",
      "item": "https://gate.dataloop.ai/api/v1/items/66210e0e8095cc149c8947cd",
      "dataset": "https://gate.dataloop.ai/api/v1/datasets/66210e0c0b653c71684ff7a3",
      "srcAnnotation": "6620dc4d72b11a0011e07e78",
      "type": "box",
      "label": "goal-top-left",
      "attributes": [],
      "coordinates": [
        {
          "x": 509.7484670736494,
          "y": 233.36789275458096,
          "z": 0
        },
        {
          "x": 809.7894265159249,
          "y": 381.16927641551956,
          "z": 0
        }
      ],
      "metadata": {
        "system": {
          "attributes": {},
          "automated": false,
          "clientId": "025a92e7-d822-4e59-8626-ed5a010d0639",
          "coordinateVersion": "v2",
          "endFrame": 0,
          "endTime": 0,
          "frame": 0,
          "itemLinks": [],
          "objectId": "9",
          "openAnnotationVersion": "1.75.0-prod.1",
          "plottingParams": {},
          "recipeId": "6620cb3bf7dd129c3fb8e289",
          "snapshots_": [],
          "startTime": 0,
          "system": false
        },
        "user": {}
      },
      "creator": "kim.lichtenberg@wearetriple.com",
      "createdAt": "2024-04-18T12:12:20.359Z",
      "updatedBy": "kim.lichtenberg@wearetriple.com",
      "updatedAt": "2024-04-18T12:12:20.359Z",
      "hash": "f31148730b0dfd1e6fddecfd833f0e171e7af50d",
      "source": "ui"
    },
    {
      "id": "66210e248095cc316f895528",
      "datasetId": "66210e0c0b653c71684ff7a3",
      "itemId": "66210e0e8095cc149c8947cd",
      "url": "https://gate.dataloop.ai/api/v1/annotations/66210e248095cc316f895528",
      "item": "https://gate.dataloop.ai/api/v1/items/66210e0e8095cc149c8947cd",
      "dataset": "https://gate.dataloop.ai/api/v1/datasets/66210e0c0b653c71684ff7a3",
      "srcAnnotation": "6620dc4d72b11a1e7ce07e7b",
      "type": "box",
      "label": "goalkeeper",
      "attributes": [],
      "coordinates": [
        {
          "x": 894.3734970244861,
          "y": 295.91040918346675,
          "z": 0
        },
        {
          "x": 1025.4557360339024,
          "y": 532.5981840511444,
          "z": 0
        }
      ],
      "metadata": {
        "system": {
          "attributes": {},
          "automated": false,
          "clientId": "b8f91083-13f0-491e-b454-b478d9a154eb",
          "coordinateVersion": "v2",
          "endFrame": 0,
          "endTime": 0,
          "frame": 0,
          "itemLinks": [],
          "objectId": "5",
          "openAnnotationVersion": "1.75.0-prod.1",
          "plottingParams": {},
          "recipeId": "6620cb3bf7dd129c3fb8e289",
          "snapshots_": [],
          "startTime": 0,
          "system": false
        },
        "user": {}
      },
      "creator": "kim.lichtenberg@wearetriple.com",
      "createdAt": "2024-04-18T12:12:20.529Z",
      "updatedBy": "kim.lichtenberg@wearetriple.com",
      "updatedAt": "2024-04-18T12:12:20.529Z",
      "hash": "8daf08214090883335dad1179b74127feadd4430",
      "source": "ui"
    },
    {
      "id": "66210e248095cc424089553d",
      "datasetId": "66210e0c0b653c71684ff7a3",
      "itemId": "66210e0e8095cc149c8947cd",
      "url": "https://gate.dataloop.ai/api/v1/annotations/66210e248095cc424089553d",
      "item": "https://gate.dataloop.ai/api/v1/items/66210e0e8095cc149c8947cd",
      "dataset": "https://gate.dataloop.ai/api/v1/datasets/66210e0c0b653c71684ff7a3",
      "srcAnnotation": "6620dc4d72b11a6042e07e7c",
      "type": "box",
      "label": "goal-top-right",
      "attributes": [],
      "coordinates": [
        {
          "x": 1109.9232072237482,
          "y": 233.5121050067239,
          "z": 0
        },
        {
          "x": 1410.2287249676674,
          "y": 381.3134886676626,
          "z": 0
        }
      ],
      "metadata": {
        "system": {
          "attributes": {},
          "automated": false,
          "clientId": "f06d8cb6-d86b-4501-b680-77119c9a5a40",
          "coordinateVersion": "v2",
          "endFrame": 0,
          "endTime": 0,
          "frame": 0,
          "itemLinks": [],
          "objectId": "43",
          "openAnnotationVersion": "1.75.0-prod.1",
          "plottingParams": {},
          "recipeId": "6620cb3bf7dd129c3fb8e289",
          "snapshots_": [],
          "startTime": 0,
          "system": false
        },
        "user": {}
      },
      "creator": "kim.lichtenberg@wearetriple.com",
      "createdAt": "2024-04-18T12:12:20.811Z",
      "updatedBy": "kim.lichtenberg@wearetriple.com",
      "updatedAt": "2024-04-18T12:12:20.811Z",
      "hash": "c6af9fa6e76498303d9d533ca4a9395b1840768e",
      "source": "ui"
    },
    {
      "id": "66210e248095cc5c14895534",
      "datasetId": "66210e0c0b653c71684ff7a3",
      "itemId": "66210e0e8095cc149c8947cd",
      "url": "https://gate.dataloop.ai/api/v1/annotations/66210e248095cc5c14895534",
      "item": "https://gate.dataloop.ai/api/v1/items/66210e0e8095cc149c8947cd",
      "dataset": "https://gate.dataloop.ai/api/v1/datasets/66210e0c0b653c71684ff7a3",
      "srcAnnotation": "6620dc4d72b11a3694e07e79",
      "type": "box",
      "label": "football",
      "attributes": [],
      "coordinates": [
        {
          "x": 933.1661051944053,
          "y": 727.9851578849152,
          "z": 0
        },
        {
          "x": 988.8261051944053,
          "y": 770.4351578849152,
          "z": 0
        }
      ],
      "metadata": {
        "system": {
          "attributes": {},
          "automated": false,
          "clientId": "59ba708b-bdab-4292-ab5f-f0f6377e0d2e",
          "coordinateVersion": "v2",
          "endFrame": 0,
          "endTime": 0,
          "frame": 0,
          "itemLinks": [],
          "objectId": "1",
          "openAnnotationVersion": "1.75.0-prod.1",
          "plottingParams": {},
          "recipeId": "6620cb3bf7dd129c3fb8e289",
          "snapshots_": [],
          "startTime": 0,
          "system": false
        },
        "user": {}
      },
      "creator": "kim.lichtenberg@wearetriple.com",
      "createdAt": "2024-04-18T12:12:20.699Z",
      "updatedBy": "kim.lichtenberg@wearetriple.com",
      "updatedAt": "2024-04-18T12:12:20.699Z",
      "hash": "0404159f5122083bb4a4af8b035d6e1820a8184a",
      "source": "ui"
    },
    {
      "id": "66210e248095cc67b8895530",
      "datasetId": "66210e0c0b653c71684ff7a3",
      "itemId": "66210e0e8095cc149c8947cd",
      "url": "https://gate.dataloop.ai/api/v1/annotations/66210e248095cc67b8895530",
      "item": "https://gate.dataloop.ai/api/v1/items/66210e0e8095cc149c8947cd",
      "dataset": "https://gate.dataloop.ai/api/v1/datasets/66210e0c0b653c71684ff7a3",
      "srcAnnotation": "6620dc4d72b11a3134e07e76",
      "type": "box",
      "label": "goal-middle-down",
      "attributes": [],
      "coordinates": [
        {
          "x": 810.062128965418,
          "y": 381.52566120113283,
          "z": 0
        },
        {
          "x": 1110.1030884076936,
          "y": 529.3270448620716,
          "z": 0
        }
      ],
      "metadata": {
        "system": {
          "attributes": {},
          "automated": false,
          "clientId": "1275d2db-59df-4686-aabf-022632ef0904",
          "coordinateVersion": "v2",
          "endFrame": 0,
          "endTime": 0,
          "frame": 0,
          "itemLinks": [],
          "objectId": "45",
          "openAnnotationVersion": "1.75.0-prod.1",
          "plottingParams": {},
          "recipeId": "6620cb3bf7dd129c3fb8e289",
          "snapshots_": [],
          "startTime": 0,
          "system": false
        },
        "user": {}
      },
      "creator": "kim.lichtenberg@wearetriple.com",
      "createdAt": "2024-04-18T12:12:20.641Z",
      "updatedBy": "kim.lichtenberg@wearetriple.com",
      "updatedAt": "2024-04-18T12:12:20.641Z",
      "hash": "5db14236d512157c7674e8ebc888e11a5f5d6bb3",
      "source": "ui"
    },
    {
      "id": "66210e248095cc9c16895539",
      "datasetId": "66210e0c0b653c71684ff7a3",
      "itemId": "66210e0e8095cc149c8947cd",
      "url": "https://gate.dataloop.ai/api/v1/annotations/66210e248095cc9c16895539",
      "item": "https://gate.dataloop.ai/api/v1/items/66210e0e8095cc149c8947cd",
      "dataset": "https://gate.dataloop.ai/api/v1/datasets/66210e0c0b653c71684ff7a3",
      "srcAnnotation": "6620dc4d72b11a467ce07e7a",
      "type": "box",
      "label": "player",
      "attributes": [],
      "coordinates": [
        {
          "x": 513.2096226415092,
          "y": 544.8132075471699,
          "z": 0
        },
        {
          "x": 660.3409394383168,
          "y": 945.75320754717,
          "z": 0
        }
      ],
      "metadata": {
        "system": {
          "attributes": {},
          "automated": false,
          "clientId": "3d18dee9-eb2c-4d01-98d3-5cf4c813adf0",
          "coordinateVersion": "v2",
          "endFrame": 0,
          "endTime": 0,
          "frame": 0,
          "itemLinks": [],
          "objectId": "3",
          "openAnnotationVersion": "1.75.0-prod.1",
          "plottingParams": {},
          "recipeId": "6620cb3bf7dd129c3fb8e289",
          "snapshots_": [],
          "startTime": 0,
          "system": false
        },
        "user": {}
      },
      "creator": "kim.lichtenberg@wearetriple.com",
      "createdAt": "2024-04-18T12:12:20.752Z",
      "updatedBy": "kim.lichtenberg@wearetriple.com",
      "updatedAt": "2024-04-18T12:12:20.752Z",
      "hash": "f434dd53175369fded58d26720c4e94ea1baa9ab",
      "source": "ui"
    },
    {
      "id": "66210e248095cca886895522",
      "datasetId": "66210e0c0b653c71684ff7a3",
      "itemId": "66210e0e8095cc149c8947cd",
      "url": "https://gate.dataloop.ai/api/v1/annotations/66210e248095cca886895522",
      "item": "https://gate.dataloop.ai/api/v1/items/66210e0e8095cc149c8947cd",
      "dataset": "https://gate.dataloop.ai/api/v1/datasets/66210e0c0b653c71684ff7a3",
      "srcAnnotation": "6620dc4d72b11a0bc3e07e77",
      "type": "box",
      "label": "goal-middle-up",
      "attributes": [],
      "coordinates": [
        {
          "x": 810.1311204331535,
          "y": 233.400564430087,
          "z": 0
        },
        {
          "x": 1109.6152633201598,
          "y": 381.20194809102566,
          "z": 0
        }
      ],
      "metadata": {
        "system": {
          "attributes": {},
          "automated": false,
          "clientId": "93f11524-6310-45ce-8edc-c8804d507a03",
          "coordinateVersion": "v2",
          "endFrame": 0,
          "endTime": 0,
          "frame": 0,
          "itemLinks": [],
          "objectId": "42",
          "openAnnotationVersion": "1.75.0-prod.1",
          "plottingParams": {},
          "recipeId": "6620cb3bf7dd129c3fb8e289",
          "snapshots_": [],
          "startTime": 0,
          "system": false
        },
        "user": {}
      },
      "creator": "kim.lichtenberg@wearetriple.com",
      "createdAt": "2024-04-18T12:12:20.423Z",
      "updatedBy": "kim.lichtenberg@wearetriple.com",
      "updatedAt": "2024-04-18T12:12:20.423Z",
      "hash": "e7f5ee27cb27028da2cc88abff8cb60e9a7f2288",
      "source": "ui"
    },
    {
      "id": "66210e248095ccacf6895525",
      "datasetId": "66210e0c0b653c71684ff7a3",
      "itemId": "66210e0e8095cc149c8947cd",
      "url": "https://gate.dataloop.ai/api/v1/annotations/66210e248095ccacf6895525",
      "item": "https://gate.dataloop.ai/api/v1/items/66210e0e8095cc149c8947cd",
      "dataset": "https://gate.dataloop.ai/api/v1/datasets/66210e0c0b653c71684ff7a3",
      "srcAnnotation": "6620dc4d72b11a156ae07e7d",
      "type": "box",
      "label": "goal-bottom-right",
      "attributes": [],
      "coordinates": [
        {
          "x": 1110.1232125446336,
          "y": 381.7760335497094,
          "z": 0
        },
        {
          "x": 1410.1641719869094,
          "y": 529.577417210648,
          "z": 0
        }
      ],
      "metadata": {
        "system": {
          "attributes": {},
          "automated": false,
          "clientId": "105a45dd-20b8-46b3-8592-b8e161fec289",
          "coordinateVersion": "v2",
          "endFrame": 0,
          "endTime": 0,
          "frame": 0,
          "itemLinks": [],
          "objectId": "51",
          "openAnnotationVersion": "1.75.0-prod.1",
          "plottingParams": {},
          "recipeId": "6620cb3bf7dd129c3fb8e289",
          "snapshots_": [],
          "startTime": 0,
          "system": false
        },
        "user": {}
      },
      "creator": "kim.lichtenberg@wearetriple.com",
      "createdAt": "2024-04-18T12:12:20.480Z",
      "updatedBy": "kim.lichtenberg@wearetriple.com",
      "updatedAt": "2024-04-18T12:12:20.480Z",
      "hash": "6cea22b2e47712a1d583ee83eec7ef836703f066",
      "source": "ui"
    },
    {
      "id": "66210e248095ccd0ac895541",
      "datasetId": "66210e0c0b653c71684ff7a3",
      "itemId": "66210e0e8095cc149c8947cd",
      "url": "https://gate.dataloop.ai/api/v1/annotations/66210e248095ccd0ac895541",
      "item": "https://gate.dataloop.ai/api/v1/items/66210e0e8095cc149c8947cd",
      "dataset": "https://gate.dataloop.ai/api/v1/datasets/66210e0c0b653c71684ff7a3",
      "srcAnnotation": "6621048372b11a19a5e1129b",
      "type": "box",
      "label": "circle",
      "attributes": [],
      "coordinates": [
        {
          "x": 936.44,
          "y": 755.8,
          "z": 0
        },
        {
          "x": 986.83,
          "y": 767.3599999999999,
          "z": 0
        }
      ],
      "metadata": {
        "system": {
          "attributes": {},
          "automated": false,
          "clientId": "00ac44c1-ca18-40ea-b059-77f282845563",
          "coordinateVersion": "v2",
          "endFrame": 0,
          "endTime": 0,
          "frame": 0,
          "itemLinks": [],
          "objectId": "53",
          "openAnnotationVersion": "1.75.0-prod.1",
          "recipeId": "6620cb3bf7dd129c3fb8e289",
          "snapshots_": [],
          "startTime": 0,
          "system": false
        },
        "user": {}
      },
      "creator": "kim.lichtenberg@wearetriple.com",
      "createdAt": "2024-04-18T12:12:20.872Z",
      "updatedBy": "kim.lichtenberg@wearetriple.com",
      "updatedAt": "2024-04-18T12:12:20.872Z",
      "hash": "97d876dfc4f46196cb55ecd44a8fde4f7e1daecb",
      "source": "ui"
    },
    {
      "id": "66210e248095ccd73a89552c",
      "datasetId": "66210e0c0b653c71684ff7a3",
      "itemId": "66210e0e8095cc149c8947cd",
      "url": "https://gate.dataloop.ai/api/v1/annotations/66210e248095ccd73a89552c",
      "item": "https://gate.dataloop.ai/api/v1/items/66210e0e8095cc149c8947cd",
      "dataset": "https://gate.dataloop.ai/api/v1/datasets/66210e0c0b653c71684ff7a3",
      "srcAnnotation": "6620dc4d72b11a265ce07e75",
      "type": "box",
      "label": "goal-bottom-left",
      "attributes": [],
      "coordinates": [
        {
          "x": 509.6575499411782,
          "y": 381.4565014530996,
          "z": 0
        },
        {
          "x": 809.6985093834538,
          "y": 529.2578851140381,
          "z": 0
        }
      ],
      "metadata": {
        "system": {
          "attributes": {},
          "automated": false,
          "clientId": "f121cebe-3410-479e-99a9-d67273f90602",
          "coordinateVersion": "v2",
          "endFrame": 0,
          "endTime": 0,
          "frame": 0,
          "itemLinks": [],
          "objectId": "44",
          "openAnnotationVersion": "1.75.0-prod.1",
          "plottingParams": {},
          "recipeId": "6620cb3bf7dd129c3fb8e289",
          "snapshots_": [],
          "startTime": 0,
          "system": false
        },
        "user": {}
      },
      "creator": "kim.lichtenberg@wearetriple.com",
      "createdAt": "2024-04-18T12:12:20.587Z",
      "updatedBy": "kim.lichtenberg@wearetriple.com",
      "updatedAt": "2024-04-18T12:12:20.587Z",
      "hash": "275425c56812bbd75315f2a64baf05c07a20b5e1",
      "source": "ui"
    }
  ],
  "annotationsCount": 10,
  "annotated": true,
  "srcItem": "6620cb8e2e841d30c418c57e",
  "srcDataset": "6620cb3b6abc12d47dfc6ce9"
}