{
  "id": "66210e0e8095cc88db8947d5",
  "datasetId": "66210e0c0b653c71684ff7a3",
  "url": "https://gate.dataloop.ai/api/v1/items/66210e0e8095cc88db8947d5",
  "dataset": "https://gate.dataloop.ai/api/v1/datasets/66210e0c0b653c71684ff7a3",
  "createdAt": "2024-04-18T12:11:56.524Z",
  "dir": "/part0",
  "filename": "/part0/frame3.jpg",
  "type": "file",
  "hidden": false,
  "metadata": {
    "system": {
      "channels": 3,
      "encoding": "7bit",
      "height": 1080,
      "isBinary": true,
      "mimetype": "image/jpeg",
      "modalities": [],
      "originalname": "frame3.jpg",
      "refs": [],
      "size": 325980,
      "taskStatusLog": [],
      "thumbnailId": "66210e108095cca1dc8949cb",
      "width": 1920
    }
  },
  "name": "frame3.jpg",
  "creator": "kim.lichtenberg@wearetriple.com",
  "updatedAt": "2024-04-18T12:12:36.700Z",
  "updatedBy": "rubiks@dataloop.ai",
  "stream": "https://gate.dataloop.ai/api/v1/items/66210e0e8095cc88db8947d5/stream",
  "thumbnail": "https://gate.dataloop.ai/api/v1/items/66210e0e8095cc88db8947d5/thumbnail",
  "annotations": [
    {
      "id": "66210e2b8095cc2c018958c0",
      "datasetId": "66210e0c0b653c71684ff7a3",
      "itemId": "66210e0e8095cc88db8947d5",
      "url": "https://gate.dataloop.ai/api/v1/annotations/66210e2b8095cc2c018958c0",
      "item": "https://gate.dataloop.ai/api/v1/items/66210e0e8095cc88db8947d5",
      "dataset": "https://gate.dataloop.ai/api/v1/datasets/66210e0c0b653c71684ff7a3",
      "srcAnnotation": "6620db0ff4167e150e72f71f",
      "type": "box",
      "label": "football",
      "attributes": [],
      "coordinates": [
        {
          "x": 933.1661051944053,
          "y": 727.9851578849152,
          "z": 0
        },
        {
          "x": 988.8261051944053,
          "y": 770.4351578849152,
          "z": 0
        }
      ],
      "metadata": {
        "system": {
          "attributes": {},
          "automated": false,
          "clientId": "9a93ce08-3185-482b-8f91-af1099bb5a15",
          "coordinateVersion": "v2",
          "endFrame": 0,
          "endTime": 0,
          "frame": 0,
          "itemLinks": [],
          "objectId": "1",
          "openAnnotationVersion": "1.75.0-prod.1",
          "plottingParams": {},
          "recipeId": "6620cb3bf7dd129c3fb8e289",
          "snapshots_": [],
          "startTime": 0,
          "system": false
        },
        "user": {}
      },
      "creator": "kim.lichtenberg@wearetriple.com",
      "createdAt": "2024-04-18T12:12:27.522Z",
      "updatedBy": "kim.lichtenberg@wearetriple.com",
      "updatedAt": "2024-04-18T12:12:27.522Z",
      "hash": "903694e43bd8ada9336ba96e6a1f922a2a3d02d6",
      "source": "ui"
    },
    {
      "id": "66210e2b8095cc868f8958f1",
      "datasetId": "66210e0c0b653c71684ff7a3",
      "itemId": "66210e0e8095cc88db8947d5",
      "url": "https://gate.dataloop.ai/api/v1/annotations/66210e2b8095cc868f8958f1",
      "item": "https://gate.dataloop.ai/api/v1/items/66210e0e8095cc88db8947d5",
      "dataset": "https://gate.dataloop.ai/api/v1/datasets/66210e0c0b653c71684ff7a3",
      "srcAnnotation": "6620db0ff4167e26e672f71d",
      "type": "box",
      "label": "goal-bottom-right",
      "attributes": [],
      "coordinates": [
        {
          "x": 1110.1232125446336,
          "y": 381.7760335497094,
          "z": 0
        },
        {
          "x": 1410.1641719869094,
          "y": 529.577417210648,
          "z": 0
        }
      ],
      "metadata": {
        "system": {
          "attributes": {},
          "automated": false,
          "clientId": "c2e673fd-a32e-4727-bb07-a8760b4338e1",
          "coordinateVersion": "v2",
          "endFrame": 0,
          "endTime": 0,
          "frame": 0,
          "itemLinks": [],
          "objectId": "51",
          "openAnnotationVersion": "1.75.0-prod.1",
          "plottingParams": {},
          "recipeId": "6620cb3bf7dd129c3fb8e289",
          "snapshots_": [],
          "startTime": 0,
          "system": false
        },
        "user": {}
      },
      "creator": "kim.lichtenberg@wearetriple.com",
      "createdAt": "2024-04-18T12:12:27.880Z",
      "updatedBy": "kim.lichtenberg@wearetriple.com",
      "updatedAt": "2024-04-18T12:12:27.880Z",
      "hash": "a0e1e5336176b7691dabab808709b19cec808f08",
      "source": "ui"
    },
    {
      "id": "66210e2b8095ccfe3e8958a1",
      "datasetId": "66210e0c0b653c71684ff7a3",
      "itemId": "66210e0e8095cc88db8947d5",
      "url": "https://gate.dataloop.ai/api/v1/annotations/66210e2b8095ccfe3e8958a1",
      "item": "https://gate.dataloop.ai/api/v1/items/66210e0e8095cc88db8947d5",
      "dataset": "https://gate.dataloop.ai/api/v1/datasets/66210e0c0b653c71684ff7a3",
      "srcAnnotation": "6620db0ff4167e14a372f720",
      "type": "box",
      "label": "goal-middle-down",
      "attributes": [],
      "coordinates": [
        {
          "x": 810.0577063884007,
          "y": 381.32435540826503,
          "z": 0
        },
        {
          "x": 1110.0986658306765,
          "y": 529.1257390692036,
          "z": 0
        }
      ],
      "metadata": {
        "system": {
          "attributes": {},
          "automated": false,
          "clientId": "6c4579ac-ce4a-4b15-a9fe-f8fc830ad5c9",
          "coordinateVersion": "v2",
          "endFrame": 0,
          "endTime": 0,
          "frame": 0,
          "itemLinks": [],
          "objectId": "45",
          "openAnnotationVersion": "1.75.0-prod.1",
          "plottingParams": {},
          "recipeId": "6620cb3bf7dd129c3fb8e289",
          "snapshots_": [],
          "startTime": 0,
          "system": false
        },
        "user": {}
      },
      "creator": "kim.lichtenberg@wearetriple.com",
      "createdAt": "2024-04-18T12:12:27.313Z",
      "updatedBy": "kim.lichtenberg@wearetriple.com",
      "updatedAt": "2024-04-18T12:12:27.313Z",
      "hash": "60efebe24f7cb9236649fdedde49d733d16a1063",
      "source": "ui"
    },
    {
      "id": "66210e2b8095ccfefa8958d7",
      "datasetId": "66210e0c0b653c71684ff7a3",
      "itemId": "66210e0e8095cc88db8947d5",
      "url": "https://gate.dataloop.ai/api/v1/annotations/66210e2b8095ccfefa8958d7",
      "item": "https://gate.dataloop.ai/api/v1/items/66210e0e8095cc88db8947d5",
      "dataset": "https://gate.dataloop.ai/api/v1/datasets/66210e0c0b653c71684ff7a3",
      "srcAnnotation": "6620db0ff4167e16be72f722",
      "type": "box",
      "label": "goal-bottom-left",
      "attributes": [],
      "coordinates": [
        {
          "x": 509.6575499411782,
          "y": 381.4565014530996,
          "z": 0
        },
        {
          "x": 809.6985093834538,
          "y": 529.2578851140381,
          "z": 0
        }
      ],
      "metadata": {
        "system": {
          "attributes": {},
          "automated": false,
          "clientId": "4ddfad5e-3b4a-4029-83e2-86305a6d8a49",
          "coordinateVersion": "v2",
          "endFrame": 0,
          "endTime": 0,
          "frame": 0,
          "itemLinks": [],
          "objectId": "44",
          "openAnnotationVersion": "1.75.0-prod.1",
          "plottingParams": {},
          "recipeId": "6620cb3bf7dd129c3fb8e289",
          "snapshots_": [],
          "startTime": 0,
          "system": false
        },
        "user": {}
      },
      "creator": "kim.lichtenberg@wearetriple.com",
      "createdAt": "2024-04-18T12:12:27.682Z",
      "updatedBy": "kim.lichtenberg@wearetriple.com",
      "updatedAt": "2024-04-18T12:12:27.682Z",
      "hash": "aea7ad266ed42554e20dc79e07c33ff1e464c61a",
      "source": "ui"
    },
    {
      "id": "66210e2c8095cc20c789591d",
      "datasetId": "66210e0c0b653c71684ff7a3",
      "itemId": "66210e0e8095cc88db8947d5",
      "url": "https://gate.dataloop.ai/api/v1/annotations/66210e2c8095cc20c789591d",
      "item": "https://gate.dataloop.ai/api/v1/items/66210e0e8095cc88db8947d5",
      "dataset": "https://gate.dataloop.ai/api/v1/datasets/66210e0c0b653c71684ff7a3",
      "srcAnnotation": "6620db0ff4167e559e72f71b",
      "type": "box",
      "label": "goal-top-left",
      "attributes": [],
      "coordinates": [
        {
          "x": 509.7484670736494,
          "y": 233.36789275458096,
          "z": 0
        },
        {
          "x": 809.7894265159249,
          "y": 381.16927641551956,
          "z": 0
        }
      ],
      "metadata": {
        "system": {
          "attributes": {},
          "automated": false,
          "clientId": "2e8b75a5-3e12-46be-b0bf-37ff8f846027",
          "coordinateVersion": "v2",
          "endFrame": 0,
          "endTime": 0,
          "frame": 0,
          "itemLinks": [],
          "objectId": "9",
          "openAnnotationVersion": "1.75.0-prod.1",
          "plottingParams": {},
          "recipeId": "6620cb3bf7dd129c3fb8e289",
          "snapshots_": [],
          "startTime": 0,
          "system": false
        },
        "user": {}
      },
      "creator": "kim.lichtenberg@wearetriple.com",
      "createdAt": "2024-04-18T12:12:28.206Z",
      "updatedBy": "kim.lichtenberg@wearetriple.com",
      "updatedAt": "2024-04-18T12:12:28.206Z",
      "hash": "79e7f070170f1d556e5a9accb2de2cc16cc61b3c",
      "source": "ui"
    },
    {
      "id": "66210e2c8095cc346289592a",
      "datasetId": "66210e0c0b653c71684ff7a3",
      "itemId": "66210e0e8095cc88db8947d5",
      "url": "https://gate.dataloop.ai/api/v1/annotations/66210e2c8095cc346289592a",
      "item": "https://gate.dataloop.ai/api/v1/items/66210e0e8095cc88db8947d5",
      "dataset": "https://gate.dataloop.ai/api/v1/datasets/66210e0c0b653c71684ff7a3",
      "srcAnnotation": "6620db0ff4167ed04772f71e",
      "type": "box",
      "label": "goal-middle-up",
      "attributes": [],
      "coordinates": [
        {
          "x": 810.1311204331535,
          "y": 233.400564430087,
          "z": 0
        },
        {
          "x": 1109.6152633201598,
          "y": 381.20194809102566,
          "z": 0
        }
      ],
      "metadata": {
        "system": {
          "attributes": {},
          "automated": false,
          "clientId": "c3e2bb94-6f79-4f28-8737-bbe1525cb19a",
          "coordinateVersion": "v2",
          "endFrame": 0,
          "endTime": 0,
          "frame": 0,
          "itemLinks": [],
          "objectId": "42",
          "openAnnotationVersion": "1.75.0-prod.1",
          "plottingParams": {},
          "recipeId": "6620cb3bf7dd129c3fb8e289",
          "snapshots_": [],
          "startTime": 0,
          "system": false
        },
        "user": {}
      },
      "creator": "kim.lichtenberg@wearetriple.com",
      "createdAt": "2024-04-18T12:12:28.380Z",
      "updatedBy": "kim.lichtenberg@wearetriple.com",
      "updatedAt": "2024-04-18T12:12:28.380Z",
      "hash": "6abdee2963354674a356be28000f66e4d6c2ae91",
      "source": "ui"
    },
    {
      "id": "66210e2c8095cc77aa89591f",
      "datasetId": "66210e0c0b653c71684ff7a3",
      "itemId": "66210e0e8095cc88db8947d5",
      "url": "https://gate.dataloop.ai/api/v1/annotations/66210e2c8095cc77aa89591f",
      "item": "https://gate.dataloop.ai/api/v1/items/66210e0e8095cc88db8947d5",
      "dataset": "https://gate.dataloop.ai/api/v1/datasets/66210e0c0b653c71684ff7a3",
      "srcAnnotation": "6620db0ff4167e6db672f721",
      "type": "box",
      "label": "goalkeeper",
      "attributes": [],
      "coordinates": [
        {
          "x": 920.1325459766504,
          "y": 300.8980284314936,
          "z": 0
        },
        {
          "x": 1038.5768482363692,
          "y": 532.3104621863549,
          "z": 0
        }
      ],
      "metadata": {
        "system": {
          "attributes": {},
          "automated": false,
          "clientId": "8ca4d0e9-9fc5-457c-b826-2f705899b425",
          "coordinateVersion": "v2",
          "endFrame": 0,
          "endTime": 0,
          "frame": 0,
          "isOnlyLocal": false,
          "isOpen": false,
          "itemLinks": [],
          "objectId": "5",
          "openAnnotationVersion": "1.75.0-prod.1",
          "plottingParams": {},
          "recipeId": "6620cb3bf7dd129c3fb8e289",
          "snapshots_": [],
          "startTime": 0,
          "system": false
        },
        "user": {}
      },
      "creator": "kim.lichtenberg@wearetriple.com",
      "createdAt": "2024-04-18T12:12:28.260Z",
      "updatedBy": "kim.lichtenberg@wearetriple.com",
      "updatedAt": "2024-04-18T12:12:28.260Z",
      "hash": "0582ced5ed21b692d35cf1884c7d47f5617e04e1",
      "source": "ui"
    },
    {
      "id": "66210e2c8095cc7aa3895924",
      "datasetId": "66210e0c0b653c71684ff7a3",
      "itemId": "66210e0e8095cc88db8947d5",
      "url": "https://gate.dataloop.ai/api/v1/annotations/66210e2c8095cc7aa3895924",
      "item": "https://gate.dataloop.ai/api/v1/items/66210e0e8095cc88db8947d5",
      "dataset": "https://gate.dataloop.ai/api/v1/datasets/66210e0c0b653c71684ff7a3",
      "srcAnnotation": "6620db0ff4167ec5d772f71c",
      "type": "box",
      "label": "player",
      "attributes": [],
      "coordinates": [
        {
          "x": 518.87,
          "y": 546.7,
          "z": 0
        },
        {
          "x": 647.1700000000001,
          "y": 947.6400000000001,
          "z": 0
        }
      ],
      "metadata": {
        "system": {
          "attributes": {},
          "automated": false,
          "clientId": "6bbdb962-2e3a-4370-a794-a7b021752bf2",
          "coordinateVersion": "v2",
          "endFrame": 0,
          "endTime": 0,
          "frame": 0,
          "itemLinks": [],
          "objectId": "3",
          "openAnnotationVersion": "1.75.0-prod.1",
          "plottingParams": {},
          "recipeId": "6620cb3bf7dd129c3fb8e289",
          "snapshots_": [],
          "startTime": 0,
          "system": false
        },
        "user": {}
      },
      "creator": "kim.lichtenberg@wearetriple.com",
      "createdAt": "2024-04-18T12:12:28.316Z",
      "updatedBy": "kim.lichtenberg@wearetriple.com",
      "updatedAt": "2024-04-18T12:12:28.316Z",
      "hash": "39a93e5c99f17f26e23e9237976ce689f7a849cd",
      "source": "ui"
    },
    {
      "id": "66210e2c8095ccc150895907",
      "datasetId": "66210e0c0b653c71684ff7a3",
      "itemId": "66210e0e8095cc88db8947d5",
      "url": "https://gate.dataloop.ai/api/v1/annotations/66210e2c8095ccc150895907",
      "item": "https://gate.dataloop.ai/api/v1/items/66210e0e8095cc88db8947d5",
      "dataset": "https://gate.dataloop.ai/api/v1/datasets/66210e0c0b653c71684ff7a3",
      "srcAnnotation": "6620db0ff4167e41e972f71a",
      "type": "box",
      "label": "goal-top-right",
      "attributes": [],
      "coordinates": [
        {
          "x": 1109.9232072237482,
          "y": 233.5121050067239,
          "z": 0
        },
        {
          "x": 1410.2287249676674,
          "y": 381.3134886676626,
          "z": 0
        }
      ],
      "metadata": {
        "system": {
          "attributes": {},
          "automated": false,
          "clientId": "c4035435-6605-48c5-a845-bcb3c7032943",
          "coordinateVersion": "v2",
          "endFrame": 0,
          "endTime": 0,
          "frame": 0,
          "itemLinks": [],
          "objectId": "43",
          "openAnnotationVersion": "1.75.0-prod.1",
          "plottingParams": {},
          "recipeId": "6620cb3bf7dd129c3fb8e289",
          "snapshots_": [],
          "startTime": 0,
          "system": false
        },
        "user": {}
      },
      "creator": "kim.lichtenberg@wearetriple.com",
      "createdAt": "2024-04-18T12:12:28.087Z",
      "updatedBy": "kim.lichtenberg@wearetriple.com",
      "updatedAt": "2024-04-18T12:12:28.087Z",
      "hash": "72f6580badc5e83e82b707ac08c9065deb131473",
      "source": "ui"
    }
  ],
  "annotationsCount": 9,
  "annotated": true,
  "srcItem": "6620cb8fa9bd2056aa17e1e6",
  "srcDataset": "6620cb3b6abc12d47dfc6ce9"
}