{
  "id": "66210e0e8095cce0f08947d2",
  "datasetId": "66210e0c0b653c71684ff7a3",
  "url": "https://gate.dataloop.ai/api/v1/items/66210e0e8095cce0f08947d2",
  "dataset": "https://gate.dataloop.ai/api/v1/datasets/66210e0c0b653c71684ff7a3",
  "createdAt": "2024-04-18T12:11:56.524Z",
  "dir": "/part0",
  "filename": "/part0/frame5.jpg",
  "type": "file",
  "hidden": false,
  "metadata": {
    "system": {
      "channels": 3,
      "encoding": "7bit",
      "height": 1080,
      "isBinary": true,
      "mimetype": "image/jpeg",
      "modalities": [],
      "originalname": "frame5.jpg",
      "refs": [],
      "size": 162846,
      "taskStatusLog": [],
      "thumbnailId": "66210e118095cc00e1894a18",
      "width": 1920
    }
  },
  "name": "frame5.jpg",
  "creator": "kim.lichtenberg@wearetriple.com",
  "updatedAt": "2024-04-18T12:12:36.630Z",
  "updatedBy": "rubiks@dataloop.ai",
  "stream": "https://gate.dataloop.ai/api/v1/items/66210e0e8095cce0f08947d2/stream",
  "thumbnail": "https://gate.dataloop.ai/api/v1/items/66210e0e8095cce0f08947d2/thumbnail",
  "annotations": [
    {
      "id": "66210e278095cc56ff8956ae",
      "datasetId": "66210e0c0b653c71684ff7a3",
      "itemId": "66210e0e8095cce0f08947d2",
      "url": "https://gate.dataloop.ai/api/v1/annotations/66210e278095cc56ff8956ae",
      "item": "https://gate.dataloop.ai/api/v1/items/66210e0e8095cce0f08947d2",
      "dataset": "https://gate.dataloop.ai/api/v1/datasets/66210e0c0b653c71684ff7a3",
      "srcAnnotation": "6620db2da23798201010dac2",
      "type": "box",
      "label": "goal-middle-down",
      "attributes": [],
      "coordinates": [
        {
          "x": 810.0577063884007,
          "y": 381.32435540826503,
          "z": 0
        },
        {
          "x": 1110.0986658306765,
          "y": 529.1257390692036,
          "z": 0
        }
      ],
      "metadata": {
        "system": {
          "attributes": {},
          "automated": false,
          "clientId": "efbbba39-a34b-4b9f-ab9b-e5c559c69ba1",
          "coordinateVersion": "v2",
          "endFrame": 0,
          "endTime": 0,
          "frame": 0,
          "itemLinks": [],
          "objectId": "45",
          "openAnnotationVersion": "1.75.0-prod.1",
          "plottingParams": {},
          "recipeId": "6620cb3bf7dd129c3fb8e289",
          "snapshots_": [],
          "startTime": 0,
          "system": false
        },
        "user": {}
      },
      "creator": "kim.lichtenberg@wearetriple.com",
      "createdAt": "2024-04-18T12:12:23.843Z",
      "updatedBy": "kim.lichtenberg@wearetriple.com",
      "updatedAt": "2024-04-18T12:12:23.843Z",
      "hash": "c84d2b44a4a3e24b87f96441b02449fcbe64f3be",
      "source": "ui"
    },
    {
      "id": "66210e278095cca1248956c3",
      "datasetId": "66210e0c0b653c71684ff7a3",
      "itemId": "66210e0e8095cce0f08947d2",
      "url": "https://gate.dataloop.ai/api/v1/annotations/66210e278095cca1248956c3",
      "item": "https://gate.dataloop.ai/api/v1/items/66210e0e8095cce0f08947d2",
      "dataset": "https://gate.dataloop.ai/api/v1/datasets/66210e0c0b653c71684ff7a3",
      "srcAnnotation": "6620db2da237982e7710dac0",
      "type": "box",
      "label": "goal-middle-up",
      "attributes": [],
      "coordinates": [
        {
          "x": 810.1311204331535,
          "y": 233.400564430087,
          "z": 0
        },
        {
          "x": 1109.6152633201598,
          "y": 381.20194809102566,
          "z": 0
        }
      ],
      "metadata": {
        "system": {
          "attributes": {},
          "automated": false,
          "clientId": "04f0b461-942d-44c5-91ec-f0d2f0a7f31f",
          "coordinateVersion": "v2",
          "endFrame": 0,
          "endTime": 0,
          "frame": 0,
          "itemLinks": [],
          "objectId": "42",
          "openAnnotationVersion": "1.75.0-prod.1",
          "plottingParams": {},
          "recipeId": "6620cb3bf7dd129c3fb8e289",
          "snapshots_": [],
          "startTime": 0,
          "system": false
        },
        "user": {}
      },
      "creator": "kim.lichtenberg@wearetriple.com",
      "createdAt": "2024-04-18T12:12:23.981Z",
      "updatedBy": "kim.lichtenberg@wearetriple.com",
      "updatedAt": "2024-04-18T12:12:23.981Z",
      "hash": "1f5e06cd3e7a74962ffb2446fac482cdd6c36013",
      "source": "ui"
    },
    {
      "id": "66210e278095cce6a48956b9",
      "datasetId": "66210e0c0b653c71684ff7a3",
      "itemId": "66210e0e8095cce0f08947d2",
      "url": "https://gate.dataloop.ai/api/v1/annotations/66210e278095cce6a48956b9",
      "item": "https://gate.dataloop.ai/api/v1/items/66210e0e8095cce0f08947d2",
      "dataset": "https://gate.dataloop.ai/api/v1/datasets/66210e0c0b653c71684ff7a3",
      "srcAnnotation": "6620db2da237982e1110dac5",
      "type": "box",
      "label": "goalkeeper",
      "attributes": [],
      "coordinates": [
        {
          "x": 919.6503581030165,
          "y": 300.8980284314936,
          "z": 0
        },
        {
          "x": 1038.0946603627356,
          "y": 532.9693084643361,
          "z": 0
        }
      ],
      "metadata": {
        "system": {
          "attributes": {},
          "automated": false,
          "clientId": "c3f84f54-fee9-44c7-89d2-7fbc4280da24",
          "coordinateVersion": "v2",
          "endFrame": 0,
          "endTime": 0,
          "frame": 0,
          "isOnlyLocal": false,
          "isOpen": false,
          "itemLinks": [],
          "objectId": "5",
          "openAnnotationVersion": "1.75.0-prod.1",
          "plottingParams": {},
          "recipeId": "6620cb3bf7dd129c3fb8e289",
          "snapshots_": [],
          "startTime": 0,
          "system": false
        },
        "user": {}
      },
      "creator": "kim.lichtenberg@wearetriple.com",
      "createdAt": "2024-04-18T12:12:23.913Z",
      "updatedBy": "kim.lichtenberg@wearetriple.com",
      "updatedAt": "2024-04-18T12:12:23.913Z",
      "hash": "82f0282bbd797d8b4f05af5952e53bc9073a1739",
      "source": "ui"
    },
    {
      "id": "66210e288095cc06358956fd",
      "datasetId": "66210e0c0b653c71684ff7a3",
      "itemId": "66210e0e8095cce0f08947d2",
      "url": "https://gate.dataloop.ai/api/v1/annotations/66210e288095cc06358956fd",
      "item": "https://gate.dataloop.ai/api/v1/items/66210e0e8095cce0f08947d2",
      "dataset": "https://gate.dataloop.ai/api/v1/datasets/66210e0c0b653c71684ff7a3",
      "srcAnnotation": "6620db2da2379838d910dac1",
      "type": "box",
      "label": "goal-top-left",
      "attributes": [],
      "coordinates": [
        {
          "x": 509.7484670736494,
          "y": 233.36789275458096,
          "z": 0
        },
        {
          "x": 809.7894265159249,
          "y": 381.16927641551956,
          "z": 0
        }
      ],
      "metadata": {
        "system": {
          "attributes": {},
          "automated": false,
          "clientId": "1f3d3a06-889e-4083-9542-aabfa8cee007",
          "coordinateVersion": "v2",
          "endFrame": 0,
          "endTime": 0,
          "frame": 0,
          "itemLinks": [],
          "objectId": "9",
          "openAnnotationVersion": "1.75.0-prod.1",
          "plottingParams": {},
          "recipeId": "6620cb3bf7dd129c3fb8e289",
          "snapshots_": [],
          "startTime": 0,
          "system": false
        },
        "user": {}
      },
      "creator": "kim.lichtenberg@wearetriple.com",
      "createdAt": "2024-04-18T12:12:24.410Z",
      "updatedBy": "kim.lichtenberg@wearetriple.com",
      "updatedAt": "2024-04-18T12:12:24.410Z",
      "hash": "712f96ff992dab35907c99ad3d40018ac666096f",
      "source": "ui"
    },
    {
      "id": "66210e288095cc20e78956e2",
      "datasetId": "66210e0c0b653c71684ff7a3",
      "itemId": "66210e0e8095cce0f08947d2",
      "url": "https://gate.dataloop.ai/api/v1/annotations/66210e288095cc20e78956e2",
      "item": "https://gate.dataloop.ai/api/v1/items/66210e0e8095cce0f08947d2",
      "dataset": "https://gate.dataloop.ai/api/v1/datasets/66210e0c0b653c71684ff7a3",
      "srcAnnotation": "6620db2da23798330110dac7",
      "type": "box",
      "label": "goal-bottom-left",
      "attributes": [],
      "coordinates": [
        {
          "x": 509.6575499411782,
          "y": 381.4565014530996,
          "z": 0
        },
        {
          "x": 809.6985093834538,
          "y": 529.2578851140381,
          "z": 0
        }
      ],
      "metadata": {
        "system": {
          "attributes": {},
          "automated": false,
          "clientId": "45bcc4f7-9f93-4062-b9a5-a458a7e5f5c3",
          "coordinateVersion": "v2",
          "endFrame": 0,
          "endTime": 0,
          "frame": 0,
          "itemLinks": [],
          "objectId": "44",
          "openAnnotationVersion": "1.75.0-prod.1",
          "plottingParams": {},
          "recipeId": "6620cb3bf7dd129c3fb8e289",
          "snapshots_": [],
          "startTime": 0,
          "system": false
        },
        "user": {}
      },
      "creator": "kim.lichtenberg@wearetriple.com",
      "createdAt": "2024-04-18T12:12:24.247Z",
      "updatedBy": "kim.lichtenberg@wearetriple.com",
      "updatedAt": "2024-04-18T12:12:24.247Z",
      "hash": "d330253dfe92d4ef042a5cc01dd9ba6c2d3deff5",
      "source": "ui"
    },
    {
      "id": "66210e288095cc264a89571c",
      "datasetId": "66210e0c0b653c71684ff7a3",
      "itemId": "66210e0e8095cce0f08947d2",
      "url": "https://gate.dataloop.ai/api/v1/annotations/66210e288095cc264a89571c",
      "item": "https://gate.dataloop.ai/api/v1/items/66210e0e8095cce0f08947d2",
      "dataset": "https://gate.dataloop.ai/api/v1/datasets/66210e0c0b653c71684ff7a3",
      "srcAnnotation": "6620db2da237984b3d10dac4",
      "type": "box",
      "label": "goal-top-right",
      "attributes": [],
      "coordinates": [
        {
          "x": 1109.9232072237482,
          "y": 233.5121050067239,
          "z": 0
        },
        {
          "x": 1410.2287249676674,
          "y": 381.3134886676626,
          "z": 0
        }
      ],
      "metadata": {
        "system": {
          "attributes": {},
          "automated": false,
          "clientId": "dbfc4ffd-4a0f-4804-a3ee-2275aad0335c",
          "coordinateVersion": "v2",
          "endFrame": 0,
          "endTime": 0,
          "frame": 0,
          "itemLinks": [],
          "objectId": "43",
          "openAnnotationVersion": "1.75.0-prod.1",
          "plottingParams": {},
          "recipeId": "6620cb3bf7dd129c3fb8e289",
          "snapshots_": [],
          "startTime": 0,
          "system": false
        },
        "user": {}
      },
      "creator": "kim.lichtenberg@wearetriple.com",
      "createdAt": "2024-04-18T12:12:24.560Z",
      "updatedBy": "kim.lichtenberg@wearetriple.com",
      "updatedAt": "2024-04-18T12:12:24.560Z",
      "hash": "150f91ebde0289a14619bf1226bee6a34af16754",
      "source": "ui"
    },
    {
      "id": "66210e288095cc739c895744",
      "datasetId": "66210e0c0b653c71684ff7a3",
      "itemId": "66210e0e8095cce0f08947d2",
      "url": "https://gate.dataloop.ai/api/v1/annotations/66210e288095cc739c895744",
      "item": "https://gate.dataloop.ai/api/v1/items/66210e0e8095cce0f08947d2",
      "dataset": "https://gate.dataloop.ai/api/v1/datasets/66210e0c0b653c71684ff7a3",
      "srcAnnotation": "6620db2da23798e3db10dac8",
      "type": "box",
      "label": "player",
      "attributes": [],
      "coordinates": [
        {
          "x": 518.87,
          "y": 546.7,
          "z": 0
        },
        {
          "x": 647.1700000000001,
          "y": 947.6400000000001,
          "z": 0
        }
      ],
      "metadata": {
        "system": {
          "attributes": {},
          "automated": false,
          "clientId": "cbf09847-f677-4f1c-b311-7e0a14bdb4ca",
          "coordinateVersion": "v2",
          "endFrame": 0,
          "endTime": 0,
          "frame": 0,
          "itemLinks": [],
          "objectId": "3",
          "openAnnotationVersion": "1.75.0-prod.1",
          "plottingParams": {},
          "recipeId": "6620cb3bf7dd129c3fb8e289",
          "snapshots_": [],
          "startTime": 0,
          "system": false
        },
        "user": {}
      },
      "creator": "kim.lichtenberg@wearetriple.com",
      "createdAt": "2024-04-18T12:12:24.939Z",
      "updatedBy": "kim.lichtenberg@wearetriple.com",
      "updatedAt": "2024-04-18T12:12:24.939Z",
      "hash": "787b9136fec9f31c9510115b71c1462ebefcea4c",
      "source": "ui"
    },
    {
      "id": "66210e288095cc778b8956d5",
      "datasetId": "66210e0c0b653c71684ff7a3",
      "itemId": "66210e0e8095cce0f08947d2",
      "url": "https://gate.dataloop.ai/api/v1/annotations/66210e288095cc778b8956d5",
      "item": "https://gate.dataloop.ai/api/v1/items/66210e0e8095cce0f08947d2",
      "dataset": "https://gate.dataloop.ai/api/v1/datasets/66210e0c0b653c71684ff7a3",
      "srcAnnotation": "6620db2da23798327b10dac6",
      "type": "box",
      "label": "goal-bottom-right",
      "attributes": [],
      "coordinates": [
        {
          "x": 1110.1232125446336,
          "y": 381.7760335497094,
          "z": 0
        },
        {
          "x": 1410.1641719869094,
          "y": 529.577417210648,
          "z": 0
        }
      ],
      "metadata": {
        "system": {
          "attributes": {},
          "automated": false,
          "clientId": "2352997d-54dc-46cf-9193-0c10edfabf23",
          "coordinateVersion": "v2",
          "endFrame": 0,
          "endTime": 0,
          "frame": 0,
          "itemLinks": [],
          "objectId": "51",
          "openAnnotationVersion": "1.75.0-prod.1",
          "plottingParams": {},
          "recipeId": "6620cb3bf7dd129c3fb8e289",
          "snapshots_": [],
          "startTime": 0,
          "system": false
        },
        "user": {}
      },
      "creator": "kim.lichtenberg@wearetriple.com",
      "createdAt": "2024-04-18T12:12:24.076Z",
      "updatedBy": "kim.lichtenberg@wearetriple.com",
      "updatedAt": "2024-04-18T12:12:24.076Z",
      "hash": "00ec183af9fd09640356e60e34c3e359f4481514",
      "source": "ui"
    },
    {
      "id": "66210e288095cc8c02895732",
      "datasetId": "66210e0c0b653c71684ff7a3",
      "itemId": "66210e0e8095cce0f08947d2",
      "url": "https://gate.dataloop.ai/api/v1/annotations/66210e288095cc8c02895732",
      "item": "https://gate.dataloop.ai/api/v1/items/66210e0e8095cce0f08947d2",
      "dataset": "https://gate.dataloop.ai/api/v1/datasets/66210e0c0b653c71684ff7a3",
      "srcAnnotation": "6620db2da2379871f710dabf",
      "type": "box",
      "label": "football",
      "attributes": [],
      "coordinates": [
        {
          "x": 933.1661051944053,
          "y": 727.9851578849152,
          "z": 0
        },
        {
          "x": 988.8261051944053,
          "y": 770.4351578849152,
          "z": 0
        }
      ],
      "metadata": {
        "system": {
          "attributes": {},
          "automated": false,
          "clientId": "98f5441e-1481-45b9-b833-6d80baf3f876",
          "coordinateVersion": "v2",
          "endFrame": 0,
          "endTime": 0,
          "frame": 0,
          "itemLinks": [],
          "objectId": "1",
          "openAnnotationVersion": "1.75.0-prod.1",
          "plottingParams": {},
          "recipeId": "6620cb3bf7dd129c3fb8e289",
          "snapshots_": [],
          "startTime": 0,
          "system": false
        },
        "user": {}
      },
      "creator": "kim.lichtenberg@wearetriple.com",
      "createdAt": "2024-04-18T12:12:24.689Z",
      "updatedBy": "kim.lichtenberg@wearetriple.com",
      "updatedAt": "2024-04-18T12:12:24.689Z",
      "hash": "ab2c04348f5515c6fa03e5a6881be3efe6551def",
      "source": "ui"
    },
    {
      "id": "66210e298095cc772e895765",
      "datasetId": "66210e0c0b653c71684ff7a3",
      "itemId": "66210e0e8095cce0f08947d2",
      "url": "https://gate.dataloop.ai/api/v1/annotations/66210e298095cc772e895765",
      "item": "https://gate.dataloop.ai/api/v1/items/66210e0e8095cce0f08947d2",
      "dataset": "https://gate.dataloop.ai/api/v1/datasets/66210e0c0b653c71684ff7a3",
      "srcAnnotation": "662104dca23798cce9117435",
      "type": "box",
      "label": "circle",
      "attributes": [],
      "coordinates": [
        {
          "x": 767.2,
          "y": 726.6500000000001,
          "z": 0
        },
        {
          "x": 1153.6515007212533,
          "y": 798.7900000000002,
          "z": 0
        }
      ],
      "metadata": {
        "system": {
          "attributes": {},
          "automated": false,
          "clientId": "496e4e10-c8d8-40bd-97fc-d6cf76a69e48",
          "coordinateVersion": "v2",
          "endFrame": 0,
          "endTime": 0,
          "frame": 0,
          "itemLinks": [],
          "objectId": "52",
          "openAnnotationVersion": "1.75.0-prod.1",
          "recipeId": "6620cb3bf7dd129c3fb8e289",
          "snapshots_": [],
          "startTime": 0,
          "system": false
        },
        "user": {}
      },
      "creator": "kim.lichtenberg@wearetriple.com",
      "createdAt": "2024-04-18T12:12:25.117Z",
      "updatedBy": "kim.lichtenberg@wearetriple.com",
      "updatedAt": "2024-04-18T12:12:25.117Z",
      "hash": "de4aedfc8d50d41357364f1fa9d50f293a857c5a",
      "source": "ui"
    }
  ],
  "annotationsCount": 10,
  "annotated": true,
  "srcItem": "6620cb8fa56105b75f0e79c9",
  "srcDataset": "6620cb3b6abc12d47dfc6ce9"
}