{
  "id": "66210e0e8095cc6c7f8947dc",
  "datasetId": "66210e0c0b653c71684ff7a3",
  "url": "https://gate.dataloop.ai/api/v1/items/66210e0e8095cc6c7f8947dc",
  "dataset": "https://gate.dataloop.ai/api/v1/datasets/66210e0c0b653c71684ff7a3",
  "createdAt": "2024-04-18T12:11:56.525Z",
  "dir": "/part0",
  "filename": "/part0/frame7.jpg",
  "type": "file",
  "hidden": false,
  "metadata": {
    "system": {
      "channels": 3,
      "encoding": "7bit",
      "height": 1080,
      "isBinary": true,
      "mimetype": "image/jpeg",
      "modalities": [],
      "originalname": "frame7.jpg",
      "refs": [],
      "size": 93939,
      "taskStatusLog": [],
      "thumbnailId": "66210e118095ccabbc894a29",
      "width": 1920
    }
  },
  "name": "frame7.jpg",
  "creator": "kim.lichtenberg@wearetriple.com",
  "updatedAt": "2024-04-18T12:12:36.855Z",
  "updatedBy": "rubiks@dataloop.ai",
  "stream": "https://gate.dataloop.ai/api/v1/items/66210e0e8095cc6c7f8947dc/stream",
  "thumbnail": "https://gate.dataloop.ai/api/v1/items/66210e0e8095cc6c7f8947dc/thumbnail",
  "annotations": [
    {
      "id": "66210e2e8095cc258a895a13",
      "datasetId": "66210e0c0b653c71684ff7a3",
      "itemId": "66210e0e8095cc6c7f8947dc",
      "url": "https://gate.dataloop.ai/api/v1/annotations/66210e2e8095cc258a895a13",
      "item": "https://gate.dataloop.ai/api/v1/items/66210e0e8095cc6c7f8947dc",
      "dataset": "https://gate.dataloop.ai/api/v1/datasets/66210e0c0b653c71684ff7a3",
      "srcAnnotation": "6620da40f4167efd6372f4de",
      "type": "box",
      "label": "goal-top-right",
      "attributes": [],
      "coordinates": [
        {
          "x": 1109.9232072237482,
          "y": 233.5121050067239,
          "z": 0
        },
        {
          "x": 1410.2287249676674,
          "y": 381.3134886676626,
          "z": 0
        }
      ],
      "metadata": {
        "system": {
          "attributes": {},
          "automated": false,
          "clientId": "e54561e9-9eb7-48c2-a4f8-159c3f8d5869",
          "coordinateVersion": "v2",
          "endFrame": 0,
          "endTime": 0,
          "frame": 0,
          "itemLinks": [],
          "objectId": "43",
          "openAnnotationVersion": "1.75.0-prod.1",
          "plottingParams": {},
          "recipeId": "6620cb3bf7dd129c3fb8e289",
          "snapshots_": [],
          "startTime": 0,
          "system": false
        },
        "user": {}
      },
      "creator": "kim.lichtenberg@wearetriple.com",
      "createdAt": "2024-04-18T12:12:30.918Z",
      "updatedBy": "kim.lichtenberg@wearetriple.com",
      "updatedAt": "2024-04-18T12:12:30.918Z",
      "hash": "fe68ea6c7c10ad8c4f519153223c9981e31af42d",
      "source": "ui"
    },
    {
      "id": "66210e2e8095cc3dd0895a0f",
      "datasetId": "66210e0c0b653c71684ff7a3",
      "itemId": "66210e0e8095cc6c7f8947dc",
      "url": "https://gate.dataloop.ai/api/v1/annotations/66210e2e8095cc3dd0895a0f",
      "item": "https://gate.dataloop.ai/api/v1/items/66210e0e8095cc6c7f8947dc",
      "dataset": "https://gate.dataloop.ai/api/v1/datasets/66210e0c0b653c71684ff7a3",
      "srcAnnotation": "6620da40f4167e5c5072f4e0",
      "type": "box",
      "label": "goal-middle-down",
      "attributes": [],
      "coordinates": [
        {
          "x": 810.0577063884007,
          "y": 381.32435540826503,
          "z": 0
        },
        {
          "x": 1110.0986658306765,
          "y": 529.1257390692036,
          "z": 0
        }
      ],
      "metadata": {
        "system": {
          "attributes": {},
          "automated": false,
          "clientId": "63c43b2b-4394-462f-8cfc-1be7109ace26",
          "coordinateVersion": "v2",
          "endFrame": 0,
          "endTime": 0,
          "frame": 0,
          "itemLinks": [],
          "objectId": "45",
          "openAnnotationVersion": "1.75.0-prod.1",
          "plottingParams": {},
          "recipeId": "6620cb3bf7dd129c3fb8e289",
          "snapshots_": [],
          "startTime": 0,
          "system": false
        },
        "user": {}
      },
      "creator": "kim.lichtenberg@wearetriple.com",
      "createdAt": "2024-04-18T12:12:30.810Z",
      "updatedBy": "kim.lichtenberg@wearetriple.com",
      "updatedAt": "2024-04-18T12:12:30.810Z",
      "hash": "2c285be9948b56ae1890b1d3b92b55148977f7e6",
      "source": "ui"
    },
    {
      "id": "66210e2e8095cc489c895a0d",
      "datasetId": "66210e0c0b653c71684ff7a3",
      "itemId": "66210e0e8095cc6c7f8947dc",
      "url": "https://gate.dataloop.ai/api/v1/annotations/66210e2e8095cc489c895a0d",
      "item": "https://gate.dataloop.ai/api/v1/items/66210e0e8095cc6c7f8947dc",
      "dataset": "https://gate.dataloop.ai/api/v1/datasets/66210e0c0b653c71684ff7a3",
      "srcAnnotation": "6620da40f4167e527b72f4df",
      "type": "box",
      "label": "goal-bottom-left",
      "attributes": [],
      "coordinates": [
        {
          "x": 509.6575499411782,
          "y": 381.4565014530996,
          "z": 0
        },
        {
          "x": 809.6985093834538,
          "y": 529.2578851140381,
          "z": 0
        }
      ],
      "metadata": {
        "system": {
          "attributes": {},
          "automated": false,
          "clientId": "c4e79f86-78ca-4607-ba8e-7eeed9a8d510",
          "coordinateVersion": "v2",
          "endFrame": 0,
          "endTime": 0,
          "frame": 0,
          "itemLinks": [],
          "objectId": "44",
          "openAnnotationVersion": "1.75.0-prod.1",
          "plottingParams": {},
          "recipeId": "6620cb3bf7dd129c3fb8e289",
          "snapshots_": [],
          "startTime": 0,
          "system": false
        },
        "user": {}
      },
      "creator": "kim.lichtenberg@wearetriple.com",
      "createdAt": "2024-04-18T12:12:30.755Z",
      "updatedBy": "kim.lichtenberg@wearetriple.com",
      "updatedAt": "2024-04-18T12:12:30.755Z",
      "hash": "aa69163ef475b6ec0b77d9f2ae519d61d0e8017d",
      "source": "ui"
    },
    {
      "id": "66210e2e8095cc5be7895a09",
      "datasetId": "66210e0c0b653c71684ff7a3",
      "itemId": "66210e0e8095cc6c7f8947dc",
      "url": "https://gate.dataloop.ai/api/v1/annotations/66210e2e8095cc5be7895a09",
      "item": "https://gate.dataloop.ai/api/v1/items/66210e0e8095cc6c7f8947dc",
      "dataset": "https://gate.dataloop.ai/api/v1/datasets/66210e0c0b653c71684ff7a3",
      "srcAnnotation": "6620d08072b11a61a8e061c8",
      "type": "box",
      "label": "goal-top-left",
      "attributes": [],
      "coordinates": [
        {
          "x": 509.7484670736494,
          "y": 233.36789275458096,
          "z": 0
        },
        {
          "x": 809.7894265159249,
          "y": 381.16927641551956,
          "z": 0
        }
      ],
      "metadata": {
        "system": {
          "attributes": {},
          "automated": false,
          "clientId": "14f85ed3-f5f8-486d-bf93-2ca4174bd45f",
          "coordinateVersion": "v2",
          "endFrame": 0,
          "endTime": 0,
          "frame": 0,
          "isOnlyLocal": false,
          "isOpen": false,
          "itemLinks": [],
          "objectId": "9",
          "openAnnotationVersion": "1.75.0-prod.1",
          "recipeId": "6620cb3bf7dd129c3fb8e289",
          "snapshots_": [],
          "startTime": 0,
          "system": false
        },
        "user": {}
      },
      "creator": "kim.lichtenberg@wearetriple.com",
      "createdAt": "2024-04-18T12:12:30.651Z",
      "updatedBy": "kim.lichtenberg@wearetriple.com",
      "updatedAt": "2024-04-18T12:12:30.651Z",
      "hash": "ef23fab8e48a04125f169b5392e72108163482ec",
      "source": "ui"
    },
    {
      "id": "66210e2e8095cc6293895a03",
      "datasetId": "66210e0c0b653c71684ff7a3",
      "itemId": "66210e0e8095cc6c7f8947dc",
      "url": "https://gate.dataloop.ai/api/v1/annotations/66210e2e8095cc6293895a03",
      "item": "https://gate.dataloop.ai/api/v1/items/66210e0e8095cc6c7f8947dc",
      "dataset": "https://gate.dataloop.ai/api/v1/datasets/66210e0c0b653c71684ff7a3",
      "srcAnnotation": "6620cf92914b1640d36c6b50",
      "type": "box",
      "label": "goalkeeper",
      "attributes": [],
      "coordinates": [
        {
          "x": 933.0268476798192,
          "y": 286.9314414052252,
          "z": 0
        },
        {
          "x": 1082.522900397308,
          "y": 534.5213576478343,
          "z": 0
        }
      ],
      "metadata": {
        "system": {
          "attributes": {},
          "automated": false,
          "clientId": "44a8019b-b1c6-4201-8765-b0cca2c7a535",
          "coordinateVersion": "v2",
          "endFrame": 0,
          "endTime": 0,
          "frame": 0,
          "isOnlyLocal": false,
          "isOpen": false,
          "itemLinks": [],
          "objectId": "5",
          "openAnnotationVersion": "1.75.0-prod.1",
          "recipeId": "6620cb3bf7dd129c3fb8e289",
          "snapshots_": [],
          "startTime": 0,
          "system": false
        },
        "user": {}
      },
      "creator": "kim.lichtenberg@wearetriple.com",
      "createdAt": "2024-04-18T12:12:30.492Z",
      "updatedBy": "kim.lichtenberg@wearetriple.com",
      "updatedAt": "2024-04-18T12:12:30.492Z",
      "hash": "5a729023a87812e74be5cd4b21329f3001710d1b",
      "source": "ui"
    },
    {
      "id": "66210e2e8095cc81ec895a07",
      "datasetId": "66210e0c0b653c71684ff7a3",
      "itemId": "66210e0e8095cc6c7f8947dc",
      "url": "https://gate.dataloop.ai/api/v1/annotations/66210e2e8095cc81ec895a07",
      "item": "https://gate.dataloop.ai/api/v1/items/66210e0e8095cc6c7f8947dc",
      "dataset": "https://gate.dataloop.ai/api/v1/datasets/66210e0c0b653c71684ff7a3",
      "srcAnnotation": "6620cf92914b16998e6c6b4f",
      "type": "box",
      "label": "player",
      "attributes": [],
      "coordinates": [
        {
          "x": 518.87,
          "y": 546.7,
          "z": 0
        },
        {
          "x": 647.1700000000001,
          "y": 947.6400000000001,
          "z": 0
        }
      ],
      "metadata": {
        "system": {
          "attributes": {},
          "automated": false,
          "clientId": "1a73606a-6c07-4cdf-a51c-3f12fa02d840",
          "coordinateVersion": "v2",
          "endFrame": 0,
          "endTime": 0,
          "frame": 0,
          "itemLinks": [],
          "objectId": "3",
          "openAnnotationVersion": "1.75.0-prod.1",
          "recipeId": "6620cb3bf7dd129c3fb8e289",
          "snapshots_": [],
          "startTime": 0,
          "system": false
        },
        "user": {}
      },
      "creator": "kim.lichtenberg@wearetriple.com",
      "createdAt": "2024-04-18T12:12:30.600Z",
      "updatedBy": "kim.lichtenberg@wearetriple.com",
      "updatedAt": "2024-04-18T12:12:30.600Z",
      "hash": "de67adbad7f24866da0a8537cc26092d5f9af46e",
      "source": "ui"
    },
    {
      "id": "66210e2e8095ccbdc7895a15",
      "datasetId": "66210e0c0b653c71684ff7a3",
      "itemId": "66210e0e8095cc6c7f8947dc",
      "url": "https://gate.dataloop.ai/api/v1/annotations/66210e2e8095ccbdc7895a15",
      "item": "https://gate.dataloop.ai/api/v1/items/66210e0e8095cc6c7f8947dc",
      "dataset": "https://gate.dataloop.ai/api/v1/datasets/66210e0c0b653c71684ff7a3",
      "srcAnnotation": "662106d0c7f0347e901aaeac",
      "type": "box",
      "label": "circle",
      "attributes": [],
      "coordinates": [
        {
          "x": 797.1732075471698,
          "y": 725.9464150943397,
          "z": 0
        },
        {
          "x": 1122.6432075471698,
          "y": 791.9793714253121,
          "z": 0
        }
      ],
      "metadata": {
        "system": {
          "attributes": {},
          "automated": false,
          "clientId": "afb8cc8d-470d-42a5-98f7-3634e6d15f24",
          "coordinateVersion": "v2",
          "endFrame": 0,
          "endTime": 0,
          "frame": 0,
          "itemLinks": [],
          "objectId": "52",
          "openAnnotationVersion": "1.75.0-prod.1",
          "recipeId": "6620cb3bf7dd129c3fb8e289",
          "snapshots_": [],
          "startTime": 0,
          "system": false
        },
        "user": {}
      },
      "creator": "kim.lichtenberg@wearetriple.com",
      "createdAt": "2024-04-18T12:12:30.971Z",
      "updatedBy": "kim.lichtenberg@wearetriple.com",
      "updatedAt": "2024-04-18T12:12:30.971Z",
      "hash": "60f06d8dd1cb147366294aab6592c98a51d66b61",
      "source": "ui"
    },
    {
      "id": "66210e2e8095ccc054895a11",
      "datasetId": "66210e0c0b653c71684ff7a3",
      "itemId": "66210e0e8095cc6c7f8947dc",
      "url": "https://gate.dataloop.ai/api/v1/annotations/66210e2e8095ccc054895a11",
      "item": "https://gate.dataloop.ai/api/v1/items/66210e0e8095cc6c7f8947dc",
      "dataset": "https://gate.dataloop.ai/api/v1/datasets/66210e0c0b653c71684ff7a3",
      "srcAnnotation": "6620da40f4167e600d72f4dd",
      "type": "box",
      "label": "goal-middle-up",
      "attributes": [],
      "coordinates": [
        {
          "x": 810.1311204331535,
          "y": 233.400564430087,
          "z": 0
        },
        {
          "x": 1109.6152633201598,
          "y": 381.20194809102566,
          "z": 0
        }
      ],
      "metadata": {
        "system": {
          "attributes": {},
          "automated": false,
          "clientId": "d0ebca6a-e54c-4954-9886-48218a51b182",
          "coordinateVersion": "v2",
          "endFrame": 0,
          "endTime": 0,
          "frame": 0,
          "itemLinks": [],
          "objectId": "42",
          "openAnnotationVersion": "1.75.0-prod.1",
          "plottingParams": {},
          "recipeId": "6620cb3bf7dd129c3fb8e289",
          "snapshots_": [],
          "startTime": 0,
          "system": false
        },
        "user": {}
      },
      "creator": "kim.lichtenberg@wearetriple.com",
      "createdAt": "2024-04-18T12:12:30.865Z",
      "updatedBy": "kim.lichtenberg@wearetriple.com",
      "updatedAt": "2024-04-18T12:12:30.865Z",
      "hash": "b1150ed09edee214f3809171c5694df301bf1bc2",
      "source": "ui"
    },
    {
      "id": "66210e2e8095ccc328895a05",
      "datasetId": "66210e0c0b653c71684ff7a3",
      "itemId": "66210e0e8095cc6c7f8947dc",
      "url": "https://gate.dataloop.ai/api/v1/annotations/66210e2e8095ccc328895a05",
      "item": "https://gate.dataloop.ai/api/v1/items/66210e0e8095cc6c7f8947dc",
      "dataset": "https://gate.dataloop.ai/api/v1/datasets/66210e0c0b653c71684ff7a3",
      "srcAnnotation": "6620cf92914b167d816c6b4d",
      "type": "box",
      "label": "football",
      "attributes": [],
      "coordinates": [
        {
          "x": 933.1661051944053,
          "y": 727.9851578849152,
          "z": 0
        },
        {
          "x": 988.8261051944053,
          "y": 770.4351578849152,
          "z": 0
        }
      ],
      "metadata": {
        "system": {
          "attributes": {},
          "automated": false,
          "clientId": "4da198c4-e6d1-4608-bd5c-54b20a1320eb",
          "coordinateVersion": "v2",
          "endFrame": 0,
          "endTime": 0,
          "frame": 0,
          "isOnlyLocal": false,
          "isOpen": false,
          "itemLinks": [],
          "objectId": "1",
          "openAnnotationVersion": "1.75.0-prod.1",
          "recipeId": "6620cb3bf7dd129c3fb8e289",
          "snapshots_": [],
          "startTime": 0,
          "system": false
        },
        "user": {}
      },
      "creator": "kim.lichtenberg@wearetriple.com",
      "createdAt": "2024-04-18T12:12:30.545Z",
      "updatedBy": "kim.lichtenberg@wearetriple.com",
      "updatedAt": "2024-04-18T12:12:30.545Z",
      "hash": "e620d2aa0d9862721cce0519f700f9fbc9a31460",
      "source": "ui"
    },
    {
      "id": "66210e2e8095ccfc9d895a0b",
      "datasetId": "66210e0c0b653c71684ff7a3",
      "itemId": "66210e0e8095cc6c7f8947dc",
      "url": "https://gate.dataloop.ai/api/v1/annotations/66210e2e8095ccfc9d895a0b",
      "item": "https://gate.dataloop.ai/api/v1/items/66210e0e8095cc6c7f8947dc",
      "dataset": "https://gate.dataloop.ai/api/v1/datasets/66210e0c0b653c71684ff7a3",
      "srcAnnotation": "6620da40f4167e51ec72f4e1",
      "type": "box",
      "label": "goal-bottom-right",
      "attributes": [],
      "coordinates": [
        {
          "x": 1110.1232125446336,
          "y": 381.7760335497094,
          "z": 0
        },
        {
          "x": 1410.1641719869094,
          "y": 529.577417210648,
          "z": 0
        }
      ],
      "metadata": {
        "system": {
          "attributes": {},
          "automated": false,
          "clientId": "5c3895f9-37dc-4685-9bf8-b013cac218ea",
          "coordinateVersion": "v2",
          "endFrame": 0,
          "endTime": 0,
          "frame": 0,
          "itemLinks": [],
          "objectId": "51",
          "openAnnotationVersion": "1.75.0-prod.1",
          "plottingParams": {},
          "recipeId": "6620cb3bf7dd129c3fb8e289",
          "snapshots_": [],
          "startTime": 0,
          "system": false
        },
        "user": {}
      },
      "creator": "kim.lichtenberg@wearetriple.com",
      "createdAt": "2024-04-18T12:12:30.702Z",
      "updatedBy": "kim.lichtenberg@wearetriple.com",
      "updatedAt": "2024-04-18T12:12:30.702Z",
      "hash": "e22bdf4f89a1c866355ea246ebfdf5c59f3d60a2",
      "source": "ui"
    }
  ],
  "annotationsCount": 10,
  "annotated": true,
  "srcItem": "6620cb90a56105db3c0e79d0",
  "srcDataset": "6620cb3b6abc12d47dfc6ce9"
}