{"images": [{"file_name": "part0/ezgif-frame-154.jpg", "id": 0, "width": 1920, "height": 1080}, {"file_name": "part0/ezgif-frame-188.jpg", "id": 1, "width": 1920, "height": 1080}, {"file_name": "part0/frame9.jpg", "id": 2, "width": 1920, "height": 1080}, {"file_name": "part0/ezgif-frame-141.jpg", "id": 3, "width": 1920, "height": 1080}, {"file_name": "part0/frame0.jpg", "id": 4, "width": 1920, "height": 1080}, {"file_name": "part0/frame2.jpg", "id": 5, "width": 1920, "height": 1080}, {"file_name": "part0/ezgif-frame-149.jpg", "id": 6, "width": 1920, "height": 1080}, {"file_name": "part0/ezgif-frame-178.jpg", "id": 7, "width": 1920, "height": 1080}, {"file_name": "part0/ezgif-frame-179.jpg", "id": 8, "width": 1920, "height": 1080}, {"file_name": "part0/ezgif-frame-187.jpg", "id": 9, "width": 1920, "height": 1080}, {"file_name": "part0/ezgif-frame-200.jpg", "id": 10, "width": 1920, "height": 1080}, {"file_name": "part0/ezgif-frame-150.jpg", "id": 11, "width": 1920, "height": 1080}, {"file_name": "part0/ezgif-frame-193.jpg", "id": 12, "width": 1920, "height": 1080}, {"file_name": "part0/frame6.jpg", "id": 13, "width": 1920, "height": 1080}, {"file_name": "part0/ezgif-frame-182.jpg", "id": 14, "width": 1920, "height": 1080}, {"file_name": "part0/ezgif-frame-176.jpg", "id": 15, "width": 1920, "height": 1080}, {"file_name": "part0/ezgif-frame-151.jpg", "id": 16, "width": 1920, "height": 1080}, {"file_name": "part0/ezgif-frame-194.jpg", "id": 17, "width": 1920, "height": 1080}, {"file_name": "part0/ezgif-frame-197.jpg", "id": 18, "width": 1920, "height": 1080}, {"file_name": "part0/ezgif-frame-195.jpg", "id": 19, "width": 1920, "height": 1080}, {"file_name": "part0/ezgif-frame-192.jpg", "id": 20, "width": 1920, "height": 1080}, {"file_name": "part0/frame10.jpg", "id": 21, "width": 1920, "height": 1080}, {"file_name": "part0/ezgif-frame-146.jpg", "id": 22, "width": 1920, "height": 1080}, {"file_name": "part0/ezgif-frame-152.jpg", "id": 23, "width": 1920, "height": 1080}, {"file_name": "part0/ezgif-frame-140.jpg", "id": 24, "width": 1920, "height": 1080}, {"file_name": "part0/frame7.jpg", "id": 25, "width": 1920, "height": 1080}, {"file_name": "part0/ezgif-frame-190.jpg", "id": 26, "width": 1920, "height": 1080}, {"file_name": "part0/ezgif-frame-183.jpg", "id": 27, "width": 1920, "height": 1080}, {"file_name": "part0/ezgif-frame-184.jpg", "id": 28, "width": 1920, "height": 1080}, {"file_name": "part0/ezgif-frame-153.jpg", "id": 29, "width": 1920, "height": 1080}, {"file_name": "part0/ezgif-frame-177.jpg", "id": 30, "width": 1920, "height": 1080}, {"file_name": "part0/ezgif-frame-191.jpg", "id": 31, "width": 1920, "height": 1080}, {"file_name": "part0/frame1.jpg", "id": 32, "width": 1920, "height": 1080}, {"file_name": "part0/frame3.jpg", "id": 33, "width": 1920, "height": 1080}, {"file_name": "part0/ezgif-frame-185.jpg", "id": 34, "width": 1920, "height": 1080}, {"file_name": "part0/ezgif-frame-196.jpg", "id": 35, "width": 1920, "height": 1080}, {"file_name": "part0/ezgif-frame-147.jpg", "id": 36, "width": 1920, "height": 1080}, {"file_name": "part0/frame4.jpg", "id": 37, "width": 1920, "height": 1080}, {"file_name": "part0/ezgif-frame-148.jpg", "id": 38, "width": 1920, "height": 1080}, {"file_name": "part0/ezgif-frame-199.jpg", "id": 39, "width": 1920, "height": 1080}, {"file_name": "part0/ezgif-frame-189.jpg", "id": 40, "width": 1920, "height": 1080}, {"file_name": "part0/frame5.jpg", "id": 41, "width": 1920, "height": 1080}, {"file_name": "part0/frame8.jpg", "id": 42, "width": 1920, "height": 1080}, {"file_name": "part0/ezgif-frame-198.jpg", "id": 43, "width": 1920, "height": 1080}, {"file_name": "part0/ezgif-frame-186.jpg", "id": 44, "width": 1920, "height": 1080}, {"file_name": "part0/ezgif-frame-139.jpg", "id": 45, "width": 1920, "height": 1080}, {"file_name": "part0/ezgif-frame-181.jpg", "id": 46, "width": 1920, "height": 1080}, {"file_name": "part0/ezgif-frame-180.jpg", "id": 47, "width": 1920, "height": 1080}, {"file_name": "part0/ezgif-frame-142.jpg", "id": 48, "width": 1920, "height": 1080}, {"file_name": "part0/ezgif-frame-175.jpg", "id": 49, "width": 1920, "height": 1080}], "info": {"description": "penalty0s"}, "annotations": [{"bbox": [1191.6566712321412, 406.28704467736816, 55.66000000000008, 42.449999999999875], "segmentation": [[]], "area": 2362.7669999999966, "iscrowd": 0, "category_id": 2, "image_id": 0, "id": 0}, {"bbox": [438.6870362829334, 378.0447740063353, 343.6529825344827, 151.21311110770273], "segmentation": [[]], "area": 51964.83663048016, "iscrowd": 0, "category_id": 3, "image_id": 0, "id": 1}, {"bbox": [1122.7637256013522, 372.58425441743736, 354.28104650695536, 151.33229465507418], "segmentation": [[]], "area": 53614.163720698605, "iscrowd": 0, "category_id": 4, "image_id": 0, "id": 2}, {"bbox": [783.6051402194696, 377.08849673853274, 338.688695487461, 151.6010303224316], "segmentation": [[]], "area": 51345.55519445938, "iscrowd": 0, "category_id": 5, "image_id": 0, "id": 3}, {"bbox": [787.4638500487001, 186.82962948470248, 334.34788290435927, 188.97800289806975], "segmentation": [[]], "area": 63184.39518446349, "iscrowd": 0, "category_id": 6, "image_id": 0, "id": 4}, {"bbox": [439.62270408758377, 187.10780954908023, 346.5818167679637, 189.3444857343638], "segmentation": [[]], "area": 65623.35586081159, "iscrowd": 0, "category_id": 7, "image_id": 0, "id": 5}, {"bbox": [1123.4073036432083, 186.01702882423848, 355.9921027445894, 185.01085636654813], "segmentation": [[]], "area": 65862.40378850467, "iscrowd": 0, "category_id": 8, "image_id": 0, "id": 6}, {"bbox": [734.2900957721581, 368.42469541426385, 137.28596766264025, 154.9852975144894], "segmentation": [[]], "area": 21277.306542758866, "iscrowd": 0, "category_id": 9, "image_id": 0, "id": 7}, {"bbox": [805.6624528301883, 410.8509433962265, 125.46963270203355, 363.2129917887919], "segmentation": [[]], "area": 45572.200672346444, "iscrowd": 0, "category_id": 10, "image_id": 0, "id": 8}, {"bbox": [873.15, 740.74, 175.37, 38.97000000000003], "segmentation": [[]], "area": 6834.168900000005, "iscrowd": 0, "category_id": 1, "image_id": 1, "id": 9}, {"bbox": [930.3359165151602, 727.9851578849152, 55.66000000000008, 42.44999999999982], "segmentation": [[]], "area": 2362.7669999999935, "iscrowd": 0, "category_id": 2, "image_id": 1, "id": 10}, {"bbox": [509.6575499411782, 381.4565014530996, 300.0409594422756, 147.80138366093854], "segmentation": [[]], "area": 44346.468960523875, "iscrowd": 0, "category_id": 3, "image_id": 1, "id": 11}, {"bbox": [1110.1232125446336, 381.7760335497094, 300.04095944227583, 147.80138366093865], "segmentation": [[]], "area": 44346.46896052395, "iscrowd": 0, "category_id": 4, "image_id": 1, "id": 12}, {"bbox": [810.062128965418, 381.52566120113283, 300.0409594422756, 147.80138366093877], "segmentation": [[]], "area": 44346.46896052395, "iscrowd": 0, "category_id": 5, "image_id": 1, "id": 13}, {"bbox": [810.1311204331535, 233.400564430087, 299.4841428870063, 147.80138366093865], "segmentation": [[]], "area": 44264.17070320979, "iscrowd": 0, "category_id": 6, "image_id": 1, "id": 14}, {"bbox": [509.7484670736494, 233.36789275458096, 300.0409594422755, 147.8013836609386], "segmentation": [[]], "area": 44346.468960523875, "iscrowd": 0, "category_id": 7, "image_id": 1, "id": 15}, {"bbox": [1109.9232072237482, 233.5121050067239, 300.30551774391915, 147.8013836609387], "segmentation": [[]], "area": 44385.57104356583, "iscrowd": 0, "category_id": 8, "image_id": 1, "id": 16}, {"bbox": [901.1411022850482, 292.63172843742564, 123.26514982899539, 241.5788379916862], "segmentation": [[]], "area": 29778.251660559807, "iscrowd": 0, "category_id": 9, "image_id": 1, "id": 17}, {"bbox": [513.2096226415092, 544.8132075471699, 147.1313167968076, 400.94000000000005], "segmentation": [[]], "area": 58990.83015651205, "iscrowd": 0, "category_id": 10, "image_id": 1, "id": 18}, {"bbox": [859.78, 731.52, 190.87000000000012, 49.299999999999955], "segmentation": [[]], "area": 9409.890999999998, "iscrowd": 0, "category_id": 1, "image_id": 2, "id": 19}, {"bbox": [933.1661051944053, 727.9851578849152, 55.65999999999997, 42.44999999999993], "segmentation": [[]], "area": 2362.766999999995, "iscrowd": 0, "category_id": 2, "image_id": 2, "id": 20}, {"bbox": [509.6575499411782, 381.4565014530996, 300.0409594422756, 147.80138366093854], "segmentation": [[]], "area": 44346.468960523875, "iscrowd": 0, "category_id": 3, "image_id": 2, "id": 21}, {"bbox": [1110.1232125446336, 381.7760335497094, 300.04095944227583, 147.80138366093865], "segmentation": [[]], "area": 44346.46896052395, "iscrowd": 0, "category_id": 4, "image_id": 2, "id": 22}, {"bbox": [810.0577063884007, 381.32435540826503, 300.04095944227583, 147.8013836609386], "segmentation": [[]], "area": 44346.468960523925, "iscrowd": 0, "category_id": 5, "image_id": 2, "id": 23}, {"bbox": [810.1311204331535, 233.400564430087, 299.4841428870063, 147.80138366093865], "segmentation": [[]], "area": 44264.17070320979, "iscrowd": 0, "category_id": 6, "image_id": 2, "id": 24}, {"bbox": [509.7484670736494, 233.36789275458096, 300.0409594422755, 147.8013836609386], "segmentation": [[]], "area": 44346.468960523875, "iscrowd": 0, "category_id": 7, "image_id": 2, "id": 25}, {"bbox": [1109.9232072237482, 233.5121050067239, 300.30551774391915, 147.8013836609387], "segmentation": [[]], "area": 44385.57104356583, "iscrowd": 0, "category_id": 8, "image_id": 2, "id": 26}, {"bbox": [917.374023531002, 297.91587940439547, 162.79211015108763, 242.3600069795699], "segmentation": [[]], "area": 39454.29695243651, "iscrowd": 0, "category_id": 9, "image_id": 2, "id": 27}, {"bbox": [518.87, 546.7, 128.30000000000007, 400.94000000000005], "segmentation": [[]], "area": 51440.602000000035, "iscrowd": 0, "category_id": 10, "image_id": 2, "id": 28}, {"bbox": [926.9906631108026, 750.2809578483855, 63.19623140023259, 51.37156106826092], "segmentation": [[]], "area": 3246.4890606609965, "iscrowd": 0, "category_id": 2, "image_id": 3, "id": 29}, {"bbox": [440.8307800336099, 356.6575895759225, 340.6184993809378, 170.7410862605248], "segmentation": [[]], "area": 58157.57258473122, "iscrowd": 0, "category_id": 3, "image_id": 3, "id": 30}, {"bbox": [1122.7534324702533, 355.9630621337077, 341.85937008726614, 170.6841425021371], "segmentation": [[]], "area": 58349.97343966576, "iscrowd": 0, "category_id": 4, "image_id": 3, "id": 31}, {"bbox": [782.6987917487156, 356.43452259216474, 340.0537380295443, 171.15727645071547], "segmentation": [[]], "area": 58202.6716480219, "iscrowd": 0, "category_id": 5, "image_id": 3, "id": 32}, {"bbox": [781.5137018345774, 184.50420963650305, 341.00028753750735, 171.14580314440218], "segmentation": [[]], "area": 58360.76808307877, "iscrowd": 0, "category_id": 6, "image_id": 3, "id": 33}, {"bbox": [439.9736108431633, 185.4959832765519, 341.35171742238686, 170.98063322709731], "segmentation": [[]], "area": 58364.53279803689, "iscrowd": 0, "category_id": 7, "image_id": 3, "id": 34}, {"bbox": [1122.8772162808646, 184.92413847064014, 341.57282663736464, 171.01175745029266], "segmentation": [[]], "area": 58412.96938051987, "iscrowd": 0, "category_id": 8, "image_id": 3, "id": 35}, {"bbox": [881.6018151695396, 268.16736874639696, 162.1679497612215, 261.4234374374563], "segmentation": [[]], "area": 42394.502868763244, "iscrowd": 0, "category_id": 9, "image_id": 3, "id": 36}, {"bbox": [699.9534599886535, 461.95084386399833, 202.8370515321467, 373.39744926479966], "segmentation": [[]], "area": 75738.8376584963, "iscrowd": 0, "category_id": 10, "image_id": 3, "id": 37}, {"bbox": [938.55, 754.69, 43.360000000000014, 13.120000000000005], "segmentation": [[]], "area": 568.8832000000003, "iscrowd": 0, "category_id": 1, "image_id": 4, "id": 38}, {"bbox": [933.6183490471133, 730.0202552221006, 55.65999999999974, 42.449999999999704], "segmentation": [[]], "area": 2362.7669999999725, "iscrowd": 0, "category_id": 2, "image_id": 4, "id": 39}, {"bbox": [509.6575499411782, 381.4565014530996, 300.0409594422756, 147.80138366093854], "segmentation": [[]], "area": 44346.468960523875, "iscrowd": 0, "category_id": 3, "image_id": 4, "id": 40}, {"bbox": [1110.1232125446336, 381.7760335497094, 300.04095944227583, 147.80138366093865], "segmentation": [[]], "area": 44346.46896052395, "iscrowd": 0, "category_id": 4, "image_id": 4, "id": 41}, {"bbox": [810.0621289654181, 381.2261852326326, 300.0409594422757, 147.80138366093877], "segmentation": [[]], "area": 44346.46896052396, "iscrowd": 0, "category_id": 5, "image_id": 4, "id": 42}, {"bbox": [810.1311204331535, 233.400564430087, 299.4841428870063, 147.80138366093865], "segmentation": [[]], "area": 44264.17070320979, "iscrowd": 0, "category_id": 6, "image_id": 4, "id": 43}, {"bbox": [509.7484670736494, 233.36789275458096, 300.0409594422755, 147.8013836609386], "segmentation": [[]], "area": 44346.468960523875, "iscrowd": 0, "category_id": 7, "image_id": 4, "id": 44}, {"bbox": [1109.9232072237482, 233.5121050067239, 300.30551774391915, 147.8013836609387], "segmentation": [[]], "area": 44385.57104356583, "iscrowd": 0, "category_id": 8, "image_id": 4, "id": 45}, {"bbox": [869.2653587420241, 292.3190673559088, 168.82930162071148, 240.2984150009927], "segmentation": [[]], "area": 40569.41358518149, "iscrowd": 0, "category_id": 9, "image_id": 4, "id": 46}, {"bbox": [513.2096226415092, 544.8132075471699, 147.1313167968076, 400.94000000000005], "segmentation": [[]], "area": 58990.83015651205, "iscrowd": 0, "category_id": 10, "image_id": 4, "id": 47}, {"bbox": [936.44, 755.8, 50.389999999999986, 11.559999999999945], "segmentation": [[]], "area": 582.5083999999971, "iscrowd": 0, "category_id": 1, "image_id": 5, "id": 48}, {"bbox": [933.1661051944053, 727.9851578849152, 55.65999999999997, 42.44999999999993], "segmentation": [[]], "area": 2362.766999999995, "iscrowd": 0, "category_id": 2, "image_id": 5, "id": 49}, {"bbox": [509.6575499411782, 381.4565014530996, 300.0409594422756, 147.80138366093854], "segmentation": [[]], "area": 44346.468960523875, "iscrowd": 0, "category_id": 3, "image_id": 5, "id": 50}, {"bbox": [1110.1232125446336, 381.7760335497094, 300.04095944227583, 147.80138366093865], "segmentation": [[]], "area": 44346.46896052395, "iscrowd": 0, "category_id": 4, "image_id": 5, "id": 51}, {"bbox": [810.062128965418, 381.52566120113283, 300.0409594422756, 147.80138366093877], "segmentation": [[]], "area": 44346.46896052395, "iscrowd": 0, "category_id": 5, "image_id": 5, "id": 52}, {"bbox": [810.1311204331535, 233.400564430087, 299.4841428870063, 147.80138366093865], "segmentation": [[]], "area": 44264.17070320979, "iscrowd": 0, "category_id": 6, "image_id": 5, "id": 53}, {"bbox": [509.7484670736494, 233.36789275458096, 300.0409594422755, 147.8013836609386], "segmentation": [[]], "area": 44346.468960523875, "iscrowd": 0, "category_id": 7, "image_id": 5, "id": 54}, {"bbox": [1109.9232072237482, 233.5121050067239, 300.30551774391915, 147.8013836609387], "segmentation": [[]], "area": 44385.57104356583, "iscrowd": 0, "category_id": 8, "image_id": 5, "id": 55}, {"bbox": [894.3734970244861, 295.91040918346675, 131.0822390094163, 236.6877748676776], "segmentation": [[]], "area": 31025.563475811832, "iscrowd": 0, "category_id": 9, "image_id": 5, "id": 56}, {"bbox": [513.2096226415092, 544.8132075471699, 147.1313167968076, 400.94000000000005], "segmentation": [[]], "area": 58990.83015651205, "iscrowd": 0, "category_id": 10, "image_id": 5, "id": 57}, {"bbox": [1149.274819109169, 254.51152263266607, 60.37999999999988, 46.23000000000013], "segmentation": [[]], "area": 2791.3674000000024, "iscrowd": 0, "category_id": 2, "image_id": 6, "id": 58}, {"bbox": [439.98045014195174, 356.8764559754766, 345.8417924846221, 170.74108626052475], "segmentation": [[]], "area": 59049.403323111364, "iscrowd": 0, "category_id": 3, "image_id": 6, "id": 59}, {"bbox": [1132.4840189496022, 356.7277076203303, 345.6103784733684, 170.6841425021372], "segmentation": [[]], "area": 58990.211089565986, "iscrowd": 0, "category_id": 4, "image_id": 6, "id": 60}, {"bbox": [786.3761759478302, 356.88704544601455, 345.5115960715939, 171.15727645071559], "segmentation": [[]], "area": 59136.82376575377, "iscrowd": 0, "category_id": 5, "image_id": 6, "id": 61}, {"bbox": [787.2226429881566, 184.80387501510285, 345.6175061009651, 171.1458031444023], "segmentation": [[]], "area": 59150.985662415034, "iscrowd": 0, "category_id": 6, "image_id": 6, "id": 62}, {"bbox": [439.9736108431632, 185.4959832765519, 346.0755410285042, 170.98063322709737], "segmentation": [[]], "area": 59172.21514946396, "iscrowd": 0, "category_id": 7, "image_id": 6, "id": 63}, {"bbox": [1133.9629815308285, 184.92413847064014, 346.23798069385134, 171.01175745029272], "segmentation": [[]], "area": 59210.765574496036, "iscrowd": 0, "category_id": 8, "image_id": 6, "id": 64}, {"bbox": [716.133941764773, 358.8493307594573, 151.27946845592635, 172.46289364336144], "segmentation": [[]], "area": 26090.094878738677, "iscrowd": 0, "category_id": 9, "image_id": 6, "id": 65}, {"bbox": [806.5993289236926, 437.4225419772058, 205.1223201642, 332.4780113474609], "segmentation": [[]], "area": 68198.66109117039, "iscrowd": 0, "category_id": 10, "image_id": 6, "id": 66}, {"bbox": [895.21, 749.76, 132.07999999999993, 22.309999999999945], "segmentation": [[]], "area": 2946.7047999999913, "iscrowd": 0, "category_id": 1, "image_id": 7, "id": 67}, {"bbox": [930.3359165151602, 727.9851578849152, 55.66000000000008, 42.44999999999982], "segmentation": [[]], "area": 2362.7669999999935, "iscrowd": 0, "category_id": 2, "image_id": 7, "id": 68}, {"bbox": [509.6575499411782, 381.4565014530996, 300.0409594422756, 147.80138366093854], "segmentation": [[]], "area": 44346.468960523875, "iscrowd": 0, "category_id": 3, "image_id": 7, "id": 69}, {"bbox": [1110.1232125446336, 381.7760335497094, 300.04095944227583, 147.80138366093865], "segmentation": [[]], "area": 44346.46896052395, "iscrowd": 0, "category_id": 4, "image_id": 7, "id": 70}, {"bbox": [810.062128965418, 381.52566120113283, 300.0409594422756, 147.80138366093877], "segmentation": [[]], "area": 44346.46896052395, "iscrowd": 0, "category_id": 5, "image_id": 7, "id": 71}, {"bbox": [810.1311204331535, 233.400564430087, 299.4841428870063, 147.80138366093865], "segmentation": [[]], "area": 44264.17070320979, "iscrowd": 0, "category_id": 6, "image_id": 7, "id": 72}, {"bbox": [509.7484670736494, 233.36789275458096, 300.0409594422755, 147.8013836609386], "segmentation": [[]], "area": 44346.468960523875, "iscrowd": 0, "category_id": 7, "image_id": 7, "id": 73}, {"bbox": [1109.9232072237482, 233.5121050067239, 300.30551774391915, 147.8013836609387], "segmentation": [[]], "area": 44385.57104356583, "iscrowd": 0, "category_id": 8, "image_id": 7, "id": 74}, {"bbox": [901.1411022850482, 292.63172843742564, 123.26514982899539, 241.5788379916862], "segmentation": [[]], "area": 29778.251660559807, "iscrowd": 0, "category_id": 9, "image_id": 7, "id": 75}, {"bbox": [513.2096226415092, 544.8132075471699, 147.1313167968076, 400.94000000000005], "segmentation": [[]], "area": 58990.83015651205, "iscrowd": 0, "category_id": 10, "image_id": 7, "id": 76}, {"bbox": [919.42, 751.51, 85.33000000000004, 18.389999999999986], "segmentation": [[]], "area": 1569.2186999999997, "iscrowd": 0, "category_id": 1, "image_id": 8, "id": 77}, {"bbox": [930.3359165151602, 727.9851578849152, 55.66000000000008, 42.44999999999982], "segmentation": [[]], "area": 2362.7669999999935, "iscrowd": 0, "category_id": 2, "image_id": 8, "id": 78}, {"bbox": [509.6575499411782, 381.4565014530996, 300.0409594422756, 147.80138366093854], "segmentation": [[]], "area": 44346.468960523875, "iscrowd": 0, "category_id": 3, "image_id": 8, "id": 79}, {"bbox": [1110.1232125446336, 381.7760335497094, 300.04095944227583, 147.80138366093865], "segmentation": [[]], "area": 44346.46896052395, "iscrowd": 0, "category_id": 4, "image_id": 8, "id": 80}, {"bbox": [810.062128965418, 381.52566120113283, 300.0409594422756, 147.80138366093877], "segmentation": [[]], "area": 44346.46896052395, "iscrowd": 0, "category_id": 5, "image_id": 8, "id": 81}, {"bbox": [810.1311204331535, 233.400564430087, 299.4841428870063, 147.80138366093865], "segmentation": [[]], "area": 44264.17070320979, "iscrowd": 0, "category_id": 6, "image_id": 8, "id": 82}, {"bbox": [509.7484670736494, 233.36789275458096, 300.0409594422755, 147.8013836609386], "segmentation": [[]], "area": 44346.468960523875, "iscrowd": 0, "category_id": 7, "image_id": 8, "id": 83}, {"bbox": [1109.9232072237482, 233.5121050067239, 300.30551774391915, 147.8013836609387], "segmentation": [[]], "area": 44385.57104356583, "iscrowd": 0, "category_id": 8, "image_id": 8, "id": 84}, {"bbox": [914.3486494548595, 296.40531334308605, 123.26514982899539, 241.5788379916862], "segmentation": [[]], "area": 29778.251660559807, "iscrowd": 0, "category_id": 9, "image_id": 8, "id": 85}, {"bbox": [513.2096226415092, 544.8132075471699, 147.1313167968076, 400.94000000000005], "segmentation": [[]], "area": 58990.83015651205, "iscrowd": 0, "category_id": 10, "image_id": 8, "id": 86}, {"bbox": [829.54, 728.27, 256.94000000000005, 56.82000000000005], "segmentation": [[]], "area": 14599.330800000016, "iscrowd": 0, "category_id": 1, "image_id": 9, "id": 87}, {"bbox": [930.3359165151602, 727.9851578849152, 55.66000000000008, 42.44999999999982], "segmentation": [[]], "area": 2362.7669999999935, "iscrowd": 0, "category_id": 2, "image_id": 9, "id": 88}, {"bbox": [509.6575499411782, 381.4565014530996, 300.0409594422756, 147.80138366093854], "segmentation": [[]], "area": 44346.468960523875, "iscrowd": 0, "category_id": 3, "image_id": 9, "id": 89}, {"bbox": [1110.1232125446336, 381.7760335497094, 300.04095944227583, 147.80138366093865], "segmentation": [[]], "area": 44346.46896052395, "iscrowd": 0, "category_id": 4, "image_id": 9, "id": 90}, {"bbox": [810.062128965418, 381.52566120113283, 300.0409594422756, 147.80138366093877], "segmentation": [[]], "area": 44346.46896052395, "iscrowd": 0, "category_id": 5, "image_id": 9, "id": 91}, {"bbox": [810.1311204331535, 233.400564430087, 299.4841428870063, 147.80138366093865], "segmentation": [[]], "area": 44264.17070320979, "iscrowd": 0, "category_id": 6, "image_id": 9, "id": 92}, {"bbox": [509.7484670736494, 233.36789275458096, 300.0409594422755, 147.8013836609386], "segmentation": [[]], "area": 44346.468960523875, "iscrowd": 0, "category_id": 7, "image_id": 9, "id": 93}, {"bbox": [1109.9232072237482, 233.5121050067239, 300.30551774391915, 147.8013836609387], "segmentation": [[]], "area": 44385.57104356583, "iscrowd": 0, "category_id": 8, "image_id": 9, "id": 94}, {"bbox": [901.1411022850482, 292.63172843742564, 123.26514982899539, 241.5788379916862], "segmentation": [[]], "area": 29778.251660559807, "iscrowd": 0, "category_id": 9, "image_id": 9, "id": 95}, {"bbox": [513.2096226415092, 544.8132075471699, 147.1313167968076, 400.94000000000005], "segmentation": [[]], "area": 58990.83015651205, "iscrowd": 0, "category_id": 10, "image_id": 9, "id": 96}, {"bbox": [933.1661051944053, 727.9851578849152, 55.65999999999997, 42.44999999999993], "segmentation": [[]], "area": 2362.766999999995, "iscrowd": 0, "category_id": 2, "image_id": 10, "id": 97}, {"bbox": [509.6575499411782, 381.4565014530996, 300.0409594422756, 147.80138366093854], "segmentation": [[]], "area": 44346.468960523875, "iscrowd": 0, "category_id": 3, "image_id": 10, "id": 98}, {"bbox": [1110.1232125446336, 381.7760335497094, 300.04095944227583, 147.80138366093865], "segmentation": [[]], "area": 44346.46896052395, "iscrowd": 0, "category_id": 4, "image_id": 10, "id": 99}, {"bbox": [810.0577063884007, 381.32435540826503, 300.04095944227583, 147.8013836609386], "segmentation": [[]], "area": 44346.468960523925, "iscrowd": 0, "category_id": 5, "image_id": 10, "id": 100}, {"bbox": [810.1311204331535, 233.400564430087, 299.4841428870063, 147.80138366093865], "segmentation": [[]], "area": 44264.17070320979, "iscrowd": 0, "category_id": 6, "image_id": 10, "id": 101}, {"bbox": [509.7484670736494, 233.36789275458096, 300.0409594422755, 147.8013836609386], "segmentation": [[]], "area": 44346.468960523875, "iscrowd": 0, "category_id": 7, "image_id": 10, "id": 102}, {"bbox": [1109.9232072237482, 233.5121050067239, 300.30551774391915, 147.8013836609387], "segmentation": [[]], "area": 44385.57104356583, "iscrowd": 0, "category_id": 8, "image_id": 10, "id": 103}, {"bbox": [919.6503581030165, 292.3190673559088, 118.44430225971882, 242.6281683436065], "segmentation": [[]], "area": 28737.92410801207, "iscrowd": 0, "category_id": 9, "image_id": 10, "id": 104}, {"bbox": [542.4549056603771, 545.756603773585, 147.1313167968076, 400.94000000000005], "segmentation": [[]], "area": 58990.83015651205, "iscrowd": 0, "category_id": 10, "image_id": 10, "id": 105}, {"bbox": [1158.837586125777, 246.3976597094836, 60.37999999999988, 46.23000000000013], "segmentation": [[]], "area": 2791.3674000000024, "iscrowd": 0, "category_id": 2, "image_id": 11, "id": 106}, {"bbox": [439.98045014195174, 356.8764559754766, 345.8417924846221, 170.74108626052475], "segmentation": [[]], "area": 59049.403323111364, "iscrowd": 0, "category_id": 3, "image_id": 11, "id": 107}, {"bbox": [1132.4840189496022, 356.7277076203303, 345.6103784733684, 170.6841425021372], "segmentation": [[]], "area": 58990.211089565986, "iscrowd": 0, "category_id": 4, "image_id": 11, "id": 108}, {"bbox": [786.3761759478302, 356.88704544601455, 345.5115960715939, 171.15727645071559], "segmentation": [[]], "area": 59136.82376575377, "iscrowd": 0, "category_id": 5, "image_id": 11, "id": 109}, {"bbox": [787.2226429881566, 184.80387501510285, 345.6175061009651, 171.1458031444023], "segmentation": [[]], "area": 59150.985662415034, "iscrowd": 0, "category_id": 6, "image_id": 11, "id": 110}, {"bbox": [439.9736108431632, 185.4959832765519, 346.0755410285042, 170.98063322709737], "segmentation": [[]], "area": 59172.21514946396, "iscrowd": 0, "category_id": 7, "image_id": 11, "id": 111}, {"bbox": [1133.9629815308285, 184.92413847064014, 346.23798069385134, 171.01175745029272], "segmentation": [[]], "area": 59210.765574496036, "iscrowd": 0, "category_id": 8, "image_id": 11, "id": 112}, {"bbox": [716.133941764773, 358.8493307594573, 151.27946845592635, 172.46289364336144], "segmentation": [[]], "area": 26090.094878738677, "iscrowd": 0, "category_id": 9, "image_id": 11, "id": 113}, {"bbox": [806.5993289236926, 437.4225419772058, 205.1223201642, 332.4780113474609], "segmentation": [[]], "area": 68198.66109117039, "iscrowd": 0, "category_id": 10, "image_id": 11, "id": 114}, {"bbox": [926.9, 754.76, 67.48000000000002, 13.350000000000023], "segmentation": [[]], "area": 900.8580000000018, "iscrowd": 0, "category_id": 1, "image_id": 12, "id": 115}, {"bbox": [933.1661051944053, 727.9851578849152, 55.65999999999997, 42.44999999999993], "segmentation": [[]], "area": 2362.766999999995, "iscrowd": 0, "category_id": 2, "image_id": 12, "id": 116}, {"bbox": [509.6575499411782, 381.4565014530996, 300.0409594422756, 147.80138366093854], "segmentation": [[]], "area": 44346.468960523875, "iscrowd": 0, "category_id": 3, "image_id": 12, "id": 117}, {"bbox": [1110.1232125446336, 381.7760335497094, 300.04095944227583, 147.80138366093865], "segmentation": [[]], "area": 44346.46896052395, "iscrowd": 0, "category_id": 4, "image_id": 12, "id": 118}, {"bbox": [810.062128965418, 381.52566120113283, 300.0409594422756, 147.80138366093877], "segmentation": [[]], "area": 44346.46896052395, "iscrowd": 0, "category_id": 5, "image_id": 12, "id": 119}, {"bbox": [810.1311204331535, 233.400564430087, 299.4841428870063, 147.80138366093865], "segmentation": [[]], "area": 44264.17070320979, "iscrowd": 0, "category_id": 6, "image_id": 12, "id": 120}, {"bbox": [509.7484670736494, 233.36789275458096, 300.0409594422755, 147.8013836609386], "segmentation": [[]], "area": 44346.468960523875, "iscrowd": 0, "category_id": 7, "image_id": 12, "id": 121}, {"bbox": [1109.9232072237482, 233.5121050067239, 300.30551774391915, 147.8013836609387], "segmentation": [[]], "area": 44385.57104356583, "iscrowd": 0, "category_id": 8, "image_id": 12, "id": 122}, {"bbox": [923.6838905443217, 293.1602973695601, 113.84759531783925, 241.5788379916862], "segmentation": [[]], "area": 27503.169785031343, "iscrowd": 0, "category_id": 9, "image_id": 12, "id": 123}, {"bbox": [513.2096226415092, 544.8132075471699, 147.1313167968076, 400.94000000000005], "segmentation": [[]], "area": 58990.83015651205, "iscrowd": 0, "category_id": 10, "image_id": 12, "id": 124}, {"bbox": [776.42, 720.28, 371.69999999999993, 83.01999999999998], "segmentation": [[]], "area": 30858.53399999999, "iscrowd": 0, "category_id": 1, "image_id": 13, "id": 125}, {"bbox": [933.1661051944053, 727.9851578849152, 55.65999999999997, 42.44999999999993], "segmentation": [[]], "area": 2362.766999999995, "iscrowd": 0, "category_id": 2, "image_id": 13, "id": 126}, {"bbox": [509.6575499411782, 381.4565014530996, 300.0409594422756, 147.80138366093854], "segmentation": [[]], "area": 44346.468960523875, "iscrowd": 0, "category_id": 3, "image_id": 13, "id": 127}, {"bbox": [1110.1232125446336, 381.7760335497094, 300.04095944227583, 147.80138366093865], "segmentation": [[]], "area": 44346.46896052395, "iscrowd": 0, "category_id": 4, "image_id": 13, "id": 128}, {"bbox": [810.0577063884007, 381.32435540826503, 300.04095944227583, 147.8013836609386], "segmentation": [[]], "area": 44346.468960523925, "iscrowd": 0, "category_id": 5, "image_id": 13, "id": 129}, {"bbox": [810.1311204331535, 233.400564430087, 299.4841428870063, 147.80138366093865], "segmentation": [[]], "area": 44264.17070320979, "iscrowd": 0, "category_id": 6, "image_id": 13, "id": 130}, {"bbox": [509.7484670736494, 233.36789275458096, 300.0409594422755, 147.8013836609386], "segmentation": [[]], "area": 44346.468960523875, "iscrowd": 0, "category_id": 7, "image_id": 13, "id": 131}, {"bbox": [1109.9232072237482, 233.5121050067239, 300.30551774391915, 147.8013836609387], "segmentation": [[]], "area": 44385.57104356583, "iscrowd": 0, "category_id": 8, "image_id": 13, "id": 132}, {"bbox": [933.0268476798192, 286.9314414052252, 149.49605271748874, 248.21569451310586], "segmentation": [[]], "area": 37107.26655223935, "iscrowd": 0, "category_id": 9, "image_id": 13, "id": 133}, {"bbox": [518.87, 546.7, 128.30000000000007, 400.94000000000005], "segmentation": [[]], "area": 51440.602000000035, "iscrowd": 0, "category_id": 10, "image_id": 13, "id": 134}, {"bbox": [930.3359165151602, 727.9851578849152, 55.66000000000008, 42.44999999999982], "segmentation": [[]], "area": 2362.7669999999935, "iscrowd": 0, "category_id": 2, "image_id": 14, "id": 135}, {"bbox": [509.6575499411782, 381.4565014530996, 300.0409594422756, 147.80138366093854], "segmentation": [[]], "area": 44346.468960523875, "iscrowd": 0, "category_id": 3, "image_id": 14, "id": 136}, {"bbox": [1110.1232125446336, 381.7760335497094, 300.04095944227583, 147.80138366093865], "segmentation": [[]], "area": 44346.46896052395, "iscrowd": 0, "category_id": 4, "image_id": 14, "id": 137}, {"bbox": [810.062128965418, 381.52566120113283, 300.0409594422756, 147.80138366093877], "segmentation": [[]], "area": 44346.46896052395, "iscrowd": 0, "category_id": 5, "image_id": 14, "id": 138}, {"bbox": [810.1311204331535, 233.400564430087, 299.4841428870063, 147.80138366093865], "segmentation": [[]], "area": 44264.17070320979, "iscrowd": 0, "category_id": 6, "image_id": 14, "id": 139}, {"bbox": [509.7484670736494, 233.36789275458096, 300.0409594422755, 147.8013836609386], "segmentation": [[]], "area": 44346.468960523875, "iscrowd": 0, "category_id": 7, "image_id": 14, "id": 140}, {"bbox": [1109.9232072237482, 233.5121050067239, 300.30551774391915, 147.8013836609387], "segmentation": [[]], "area": 44385.57104356583, "iscrowd": 0, "category_id": 8, "image_id": 14, "id": 141}, {"bbox": [901.1411022850482, 292.63172843742564, 123.26514982899539, 241.5788379916862], "segmentation": [[]], "area": 29778.251660559807, "iscrowd": 0, "category_id": 9, "image_id": 14, "id": 142}, {"bbox": [513.2096226415092, 544.8132075471699, 147.1313167968076, 400.94000000000005], "segmentation": [[]], "area": 58990.83015651205, "iscrowd": 0, "category_id": 10, "image_id": 14, "id": 143}, {"bbox": [820.75, 723.11, 276.4200000000001, 65.09000000000003], "segmentation": [[]], "area": 17992.177800000012, "iscrowd": 0, "category_id": 1, "image_id": 15, "id": 144}, {"bbox": [932.08, 725.0, 60.379999999999995, 46.23000000000002], "segmentation": [[]], "area": 2791.367400000001, "iscrowd": 0, "category_id": 2, "image_id": 15, "id": 145}, {"bbox": [509.6575499411782, 381.4565014530996, 300.0409594422756, 147.80138366093854], "segmentation": [[]], "area": 44346.468960523875, "iscrowd": 0, "category_id": 3, "image_id": 15, "id": 146}, {"bbox": [1110.1232125446336, 381.7760335497094, 300.04095944227583, 147.80138366093865], "segmentation": [[]], "area": 44346.46896052395, "iscrowd": 0, "category_id": 4, "image_id": 15, "id": 147}, {"bbox": [810.062128965418, 381.52566120113283, 300.0409594422756, 147.80138366093877], "segmentation": [[]], "area": 44346.46896052395, "iscrowd": 0, "category_id": 5, "image_id": 15, "id": 148}, {"bbox": [810.1311204331535, 233.400564430087, 299.4841428870063, 147.80138366093865], "segmentation": [[]], "area": 44264.17070320979, "iscrowd": 0, "category_id": 6, "image_id": 15, "id": 149}, {"bbox": [509.7484670736494, 233.36789275458096, 300.0409594422755, 147.8013836609386], "segmentation": [[]], "area": 44346.468960523875, "iscrowd": 0, "category_id": 7, "image_id": 15, "id": 150}, {"bbox": [1109.9232072237482, 233.5121050067239, 300.30551774391915, 147.8013836609387], "segmentation": [[]], "area": 44385.57104356583, "iscrowd": 0, "category_id": 8, "image_id": 15, "id": 151}, {"bbox": [903.77, 294.81, 125.47000000000003, 239.62000000000006], "segmentation": [[]], "area": 30065.121400000015, "iscrowd": 0, "category_id": 9, "image_id": 15, "id": 152}, {"bbox": [512.26, 555.19, 127.36000000000001, 389.62], "segmentation": [[]], "area": 49622.00320000001, "iscrowd": 0, "category_id": 10, "image_id": 15, "id": 153}, {"bbox": [1172.6039878977067, 259.3149854634601, 40.39547637392616, 39.190760601347165], "segmentation": [[]], "area": 1583.1294439479154, "iscrowd": 0, "category_id": 2, "image_id": 16, "id": 154}, {"bbox": [439.98045014195174, 356.8764559754766, 345.8417924846221, 170.74108626052475], "segmentation": [[]], "area": 59049.403323111364, "iscrowd": 0, "category_id": 3, "image_id": 16, "id": 155}, {"bbox": [1132.4840189496022, 356.7277076203303, 345.6103784733684, 170.6841425021372], "segmentation": [[]], "area": 58990.211089565986, "iscrowd": 0, "category_id": 4, "image_id": 16, "id": 156}, {"bbox": [786.3761759478302, 356.88704544601455, 345.5115960715939, 171.15727645071559], "segmentation": [[]], "area": 59136.82376575377, "iscrowd": 0, "category_id": 5, "image_id": 16, "id": 157}, {"bbox": [787.2226429881566, 184.80387501510285, 345.6175061009651, 171.1458031444023], "segmentation": [[]], "area": 59150.985662415034, "iscrowd": 0, "category_id": 6, "image_id": 16, "id": 158}, {"bbox": [439.9736108431632, 185.4959832765519, 346.0755410285042, 170.98063322709737], "segmentation": [[]], "area": 59172.21514946396, "iscrowd": 0, "category_id": 7, "image_id": 16, "id": 159}, {"bbox": [1133.9629815308285, 184.92413847064014, 346.23798069385134, 171.01175745029272], "segmentation": [[]], "area": 59210.765574496036, "iscrowd": 0, "category_id": 8, "image_id": 16, "id": 160}, {"bbox": [716.133941764773, 358.8493307594573, 151.27946845592635, 172.46289364336144], "segmentation": [[]], "area": 26090.094878738677, "iscrowd": 0, "category_id": 9, "image_id": 16, "id": 161}, {"bbox": [806.5993289236926, 437.4225419772058, 205.1223201642, 332.4780113474609], "segmentation": [[]], "area": 68198.66109117039, "iscrowd": 0, "category_id": 10, "image_id": 16, "id": 162}, {"bbox": [931.3, 757.44, 58.870000000000005, 8.029999999999973], "segmentation": [[]], "area": 472.72609999999844, "iscrowd": 0, "category_id": 1, "image_id": 17, "id": 163}, {"bbox": [933.1661051944053, 727.9851578849152, 55.65999999999997, 42.44999999999993], "segmentation": [[]], "area": 2362.766999999995, "iscrowd": 0, "category_id": 2, "image_id": 17, "id": 164}, {"bbox": [509.6575499411782, 381.4565014530996, 300.0409594422756, 147.80138366093854], "segmentation": [[]], "area": 44346.468960523875, "iscrowd": 0, "category_id": 3, "image_id": 17, "id": 165}, {"bbox": [1110.1232125446336, 381.7760335497094, 300.04095944227583, 147.80138366093865], "segmentation": [[]], "area": 44346.46896052395, "iscrowd": 0, "category_id": 4, "image_id": 17, "id": 166}, {"bbox": [810.062128965418, 381.52566120113283, 300.0409594422756, 147.80138366093877], "segmentation": [[]], "area": 44346.46896052395, "iscrowd": 0, "category_id": 5, "image_id": 17, "id": 167}, {"bbox": [810.1311204331535, 233.400564430087, 299.4841428870063, 147.80138366093865], "segmentation": [[]], "area": 44264.17070320979, "iscrowd": 0, "category_id": 6, "image_id": 17, "id": 168}, {"bbox": [509.7484670736494, 233.36789275458096, 300.0409594422755, 147.8013836609386], "segmentation": [[]], "area": 44346.468960523875, "iscrowd": 0, "category_id": 7, "image_id": 17, "id": 169}, {"bbox": [1109.9232072237482, 233.5121050067239, 300.30551774391915, 147.8013836609387], "segmentation": [[]], "area": 44385.57104356583, "iscrowd": 0, "category_id": 8, "image_id": 17, "id": 170}, {"bbox": [894.3734970244861, 295.91040918346675, 131.0822390094163, 236.6877748676776], "segmentation": [[]], "area": 31025.563475811832, "iscrowd": 0, "category_id": 9, "image_id": 17, "id": 171}, {"bbox": [513.2096226415092, 544.8132075471699, 147.1313167968076, 400.94000000000005], "segmentation": [[]], "area": 58990.83015651205, "iscrowd": 0, "category_id": 10, "image_id": 17, "id": 172}, {"bbox": [926.04, 756.33, 64.16999999999996, 10.610000000000014], "segmentation": [[]], "area": 680.8437000000005, "iscrowd": 0, "category_id": 1, "image_id": 18, "id": 173}, {"bbox": [930.5881562793409, 728.1761170638089, 55.659999999999854, 42.44999999999982], "segmentation": [[]], "area": 2362.766999999984, "iscrowd": 0, "category_id": 2, "image_id": 18, "id": 174}, {"bbox": [509.6575499411782, 381.4565014530996, 300.0409594422756, 147.80138366093854], "segmentation": [[]], "area": 44346.468960523875, "iscrowd": 0, "category_id": 3, "image_id": 18, "id": 175}, {"bbox": [1110.1232125446336, 381.7760335497094, 300.04095944227583, 147.80138366093865], "segmentation": [[]], "area": 44346.46896052395, "iscrowd": 0, "category_id": 4, "image_id": 18, "id": 176}, {"bbox": [810.062128965418, 381.52566120113283, 300.0409594422756, 147.80138366093877], "segmentation": [[]], "area": 44346.46896052395, "iscrowd": 0, "category_id": 5, "image_id": 18, "id": 177}, {"bbox": [810.1311204331535, 233.400564430087, 299.4841428870063, 147.80138366093865], "segmentation": [[]], "area": 44264.17070320979, "iscrowd": 0, "category_id": 6, "image_id": 18, "id": 178}, {"bbox": [509.7484670736494, 233.36789275458096, 300.0409594422755, 147.8013836609386], "segmentation": [[]], "area": 44346.468960523875, "iscrowd": 0, "category_id": 7, "image_id": 18, "id": 179}, {"bbox": [1109.9232072237482, 233.5121050067239, 300.30551774391915, 147.8013836609387], "segmentation": [[]], "area": 44385.57104356583, "iscrowd": 0, "category_id": 8, "image_id": 18, "id": 180}, {"bbox": [940.7497025427218, 275.97803918643126, 131.0822390094164, 258.2193243653421], "segmentation": [[]], "area": 33847.9671933078, "iscrowd": 0, "category_id": 9, "image_id": 18, "id": 181}, {"bbox": [513.2096226415092, 544.8132075471699, 147.1313167968076, 400.94000000000005], "segmentation": [[]], "area": 58990.83015651205, "iscrowd": 0, "category_id": 10, "image_id": 18, "id": 182}, {"bbox": [930.91, 754.93, 62.60000000000002, 12.990000000000009], "segmentation": [[]], "area": 813.1740000000009, "iscrowd": 0, "category_id": 1, "image_id": 19, "id": 183}, {"bbox": [933.1661051944053, 727.9851578849152, 55.65999999999997, 42.44999999999993], "segmentation": [[]], "area": 2362.766999999995, "iscrowd": 0, "category_id": 2, "image_id": 19, "id": 184}, {"bbox": [509.6575499411782, 381.4565014530996, 300.0409594422756, 147.80138366093854], "segmentation": [[]], "area": 44346.468960523875, "iscrowd": 0, "category_id": 3, "image_id": 19, "id": 185}, {"bbox": [1110.1232125446336, 381.7760335497094, 300.04095944227583, 147.80138366093865], "segmentation": [[]], "area": 44346.46896052395, "iscrowd": 0, "category_id": 4, "image_id": 19, "id": 186}, {"bbox": [810.062128965418, 381.52566120113283, 300.0409594422756, 147.80138366093877], "segmentation": [[]], "area": 44346.46896052395, "iscrowd": 0, "category_id": 5, "image_id": 19, "id": 187}, {"bbox": [810.1311204331535, 233.400564430087, 299.4841428870063, 147.80138366093865], "segmentation": [[]], "area": 44264.17070320979, "iscrowd": 0, "category_id": 6, "image_id": 19, "id": 188}, {"bbox": [509.7484670736494, 233.36789275458096, 300.0409594422755, 147.8013836609386], "segmentation": [[]], "area": 44346.468960523875, "iscrowd": 0, "category_id": 7, "image_id": 19, "id": 189}, {"bbox": [1109.9232072237482, 233.5121050067239, 300.30551774391915, 147.8013836609387], "segmentation": [[]], "area": 44385.57104356583, "iscrowd": 0, "category_id": 8, "image_id": 19, "id": 190}, {"bbox": [894.3734970244861, 295.91040918346675, 131.0822390094163, 236.6877748676776], "segmentation": [[]], "area": 31025.563475811832, "iscrowd": 0, "category_id": 9, "image_id": 19, "id": 191}, {"bbox": [513.2096226415092, 544.8132075471699, 147.1313167968076, 400.94000000000005], "segmentation": [[]], "area": 58990.83015651205, "iscrowd": 0, "category_id": 10, "image_id": 19, "id": 192}, {"bbox": [930.25, 756.81, 59.74000000000001, 10.940000000000055], "segmentation": [[]], "area": 653.5556000000033, "iscrowd": 0, "category_id": 1, "image_id": 20, "id": 193}, {"bbox": [933.1661051944053, 727.9851578849152, 55.65999999999997, 42.44999999999993], "segmentation": [[]], "area": 2362.766999999995, "iscrowd": 0, "category_id": 2, "image_id": 20, "id": 194}, {"bbox": [509.6575499411782, 381.4565014530996, 300.0409594422756, 147.80138366093854], "segmentation": [[]], "area": 44346.468960523875, "iscrowd": 0, "category_id": 3, "image_id": 20, "id": 195}, {"bbox": [1110.1232125446336, 381.7760335497094, 300.04095944227583, 147.80138366093865], "segmentation": [[]], "area": 44346.46896052395, "iscrowd": 0, "category_id": 4, "image_id": 20, "id": 196}, {"bbox": [810.062128965418, 381.52566120113283, 300.0409594422756, 147.80138366093877], "segmentation": [[]], "area": 44346.46896052395, "iscrowd": 0, "category_id": 5, "image_id": 20, "id": 197}, {"bbox": [810.1311204331535, 233.400564430087, 299.4841428870063, 147.80138366093865], "segmentation": [[]], "area": 44264.17070320979, "iscrowd": 0, "category_id": 6, "image_id": 20, "id": 198}, {"bbox": [509.7484670736494, 233.36789275458096, 300.0409594422755, 147.8013836609386], "segmentation": [[]], "area": 44346.468960523875, "iscrowd": 0, "category_id": 7, "image_id": 20, "id": 199}, {"bbox": [1109.9232072237482, 233.5121050067239, 300.30551774391915, 147.8013836609387], "segmentation": [[]], "area": 44385.57104356583, "iscrowd": 0, "category_id": 8, "image_id": 20, "id": 200}, {"bbox": [923.6838905443217, 293.1602973695601, 173.48590062700464, 241.5788379916862], "segmentation": [[]], "area": 41910.52228141293, "iscrowd": 0, "category_id": 9, "image_id": 20, "id": 201}, {"bbox": [513.2096226415092, 544.8132075471699, 147.1313167968076, 400.94000000000005], "segmentation": [[]], "area": 58990.83015651205, "iscrowd": 0, "category_id": 10, "image_id": 20, "id": 202}, {"bbox": [904.06, 747.45, 111.25, 24.360000000000014], "segmentation": [[]], "area": 2710.0500000000015, "iscrowd": 0, "category_id": 1, "image_id": 21, "id": 203}, {"bbox": [933.1661051944053, 727.9851578849152, 55.65999999999997, 42.44999999999993], "segmentation": [[]], "area": 2362.766999999995, "iscrowd": 0, "category_id": 2, "image_id": 21, "id": 204}, {"bbox": [509.6575499411782, 381.4565014530996, 300.0409594422756, 147.80138366093854], "segmentation": [[]], "area": 44346.468960523875, "iscrowd": 0, "category_id": 3, "image_id": 21, "id": 205}, {"bbox": [1110.1232125446336, 381.7760335497094, 300.04095944227583, 147.80138366093865], "segmentation": [[]], "area": 44346.46896052395, "iscrowd": 0, "category_id": 4, "image_id": 21, "id": 206}, {"bbox": [810.062128965418, 381.52566120113283, 300.0409594422756, 147.80138366093877], "segmentation": [[]], "area": 44346.46896052395, "iscrowd": 0, "category_id": 5, "image_id": 21, "id": 207}, {"bbox": [810.1311204331535, 233.400564430087, 299.4841428870063, 147.80138366093865], "segmentation": [[]], "area": 44264.17070320979, "iscrowd": 0, "category_id": 6, "image_id": 21, "id": 208}, {"bbox": [509.7484670736494, 233.36789275458096, 300.0409594422755, 147.8013836609386], "segmentation": [[]], "area": 44346.468960523875, "iscrowd": 0, "category_id": 7, "image_id": 21, "id": 209}, {"bbox": [1109.9232072237482, 233.5121050067239, 300.30551774391915, 147.8013836609387], "segmentation": [[]], "area": 44385.57104356583, "iscrowd": 0, "category_id": 8, "image_id": 21, "id": 210}, {"bbox": [910.1873973091608, 295.91040918346675, 135.57289524287057, 236.68777486767772], "segmentation": [[]], "area": 32088.446907403806, "iscrowd": 0, "category_id": 9, "image_id": 21, "id": 211}, {"bbox": [513.2096226415092, 544.8132075471699, 147.1313167968076, 400.94000000000005], "segmentation": [[]], "area": 58990.83015651205, "iscrowd": 0, "category_id": 10, "image_id": 21, "id": 212}, {"bbox": [1068.8404232154253, 414.55968921129625, 60.38000000000011, 46.23000000000013], "segmentation": [[]], "area": 2791.367400000013, "iscrowd": 0, "category_id": 2, "image_id": 22, "id": 213}, {"bbox": [439.98045014195174, 356.8764559754766, 345.8417924846221, 170.74108626052475], "segmentation": [[]], "area": 59049.403323111364, "iscrowd": 0, "category_id": 3, "image_id": 22, "id": 214}, {"bbox": [1132.4840189496022, 356.7277076203303, 345.6103784733684, 170.6841425021372], "segmentation": [[]], "area": 58990.211089565986, "iscrowd": 0, "category_id": 4, "image_id": 22, "id": 215}, {"bbox": [786.3761759478302, 356.88704544601455, 345.5115960715939, 171.15727645071559], "segmentation": [[]], "area": 59136.82376575377, "iscrowd": 0, "category_id": 5, "image_id": 22, "id": 216}, {"bbox": [787.2226429881566, 184.80387501510285, 345.6175061009651, 171.1458031444023], "segmentation": [[]], "area": 59150.985662415034, "iscrowd": 0, "category_id": 6, "image_id": 22, "id": 217}, {"bbox": [439.9736108431632, 185.4959832765519, 346.0755410285042, 170.98063322709737], "segmentation": [[]], "area": 59172.21514946396, "iscrowd": 0, "category_id": 7, "image_id": 22, "id": 218}, {"bbox": [1133.9629815308285, 184.92413847064014, 346.23798069385134, 171.01175745029272], "segmentation": [[]], "area": 59210.765574496036, "iscrowd": 0, "category_id": 8, "image_id": 22, "id": 219}, {"bbox": [732.0718867924527, 378.771762044057, 151.27946845592612, 165.0922002200938], "segmentation": [[]], "area": 24975.06029551512, "iscrowd": 0, "category_id": 9, "image_id": 22, "id": 220}, {"bbox": [819.6248897693799, 471.9857835980099, 145.2768643208925, 316.9225304359328], "segmentation": [[]], "area": 46041.51145437494, "iscrowd": 0, "category_id": 10, "image_id": 22, "id": 221}, {"bbox": [1173.6326964672103, 280.08186918981545, 40.39547637392593, 39.19076060134722], "segmentation": [[]], "area": 1583.1294439479088, "iscrowd": 0, "category_id": 2, "image_id": 23, "id": 222}, {"bbox": [439.98045014195174, 356.8764559754766, 345.8417924846221, 170.74108626052475], "segmentation": [[]], "area": 59049.403323111364, "iscrowd": 0, "category_id": 3, "image_id": 23, "id": 223}, {"bbox": [1132.4840189496022, 356.7277076203303, 345.6103784733684, 170.6841425021372], "segmentation": [[]], "area": 58990.211089565986, "iscrowd": 0, "category_id": 4, "image_id": 23, "id": 224}, {"bbox": [786.3761759478302, 356.88704544601455, 345.5115960715939, 171.15727645071559], "segmentation": [[]], "area": 59136.82376575377, "iscrowd": 0, "category_id": 5, "image_id": 23, "id": 225}, {"bbox": [787.2226429881566, 184.80387501510285, 345.6175061009651, 171.1458031444023], "segmentation": [[]], "area": 59150.985662415034, "iscrowd": 0, "category_id": 6, "image_id": 23, "id": 226}, {"bbox": [439.9736108431632, 185.4959832765519, 346.0755410285042, 170.98063322709737], "segmentation": [[]], "area": 59172.21514946396, "iscrowd": 0, "category_id": 7, "image_id": 23, "id": 227}, {"bbox": [1133.9629815308285, 184.92413847064014, 346.23798069385134, 171.01175745029272], "segmentation": [[]], "area": 59210.765574496036, "iscrowd": 0, "category_id": 8, "image_id": 23, "id": 228}, {"bbox": [716.133941764773, 358.8493307594573, 151.27946845592635, 172.46289364336144], "segmentation": [[]], "area": 26090.094878738677, "iscrowd": 0, "category_id": 9, "image_id": 23, "id": 229}, {"bbox": [783.0144232633153, 426.1017872602246, 205.1223201641999, 341.3353768089417], "segmentation": [[]], "area": 70015.50444517155, "iscrowd": 0, "category_id": 10, "image_id": 23, "id": 230}, {"bbox": [926.9906631108026, 750.2809578483855, 63.19623140023259, 51.37156106826092], "segmentation": [[]], "area": 3246.4890606609965, "iscrowd": 0, "category_id": 2, "image_id": 24, "id": 231}, {"bbox": [440.8307800336099, 356.6575895759225, 340.6184993809378, 170.7410862605248], "segmentation": [[]], "area": 58157.57258473122, "iscrowd": 0, "category_id": 3, "image_id": 24, "id": 232}, {"bbox": [1122.7534324702533, 355.9630621337077, 341.85937008726614, 170.6841425021371], "segmentation": [[]], "area": 58349.97343966576, "iscrowd": 0, "category_id": 4, "image_id": 24, "id": 233}, {"bbox": [782.6987917487156, 356.43452259216474, 340.0537380295443, 171.15727645071547], "segmentation": [[]], "area": 58202.6716480219, "iscrowd": 0, "category_id": 5, "image_id": 24, "id": 234}, {"bbox": [781.5137018345774, 184.50420963650305, 341.00028753750735, 171.14580314440218], "segmentation": [[]], "area": 58360.76808307877, "iscrowd": 0, "category_id": 6, "image_id": 24, "id": 235}, {"bbox": [439.9736108431633, 185.4959832765519, 341.35171742238686, 170.98063322709731], "segmentation": [[]], "area": 58364.53279803689, "iscrowd": 0, "category_id": 7, "image_id": 24, "id": 236}, {"bbox": [1122.8772162808646, 184.92413847064014, 341.57282663736464, 171.01175745029266], "segmentation": [[]], "area": 58412.96938051987, "iscrowd": 0, "category_id": 8, "image_id": 24, "id": 237}, {"bbox": [881.6018151695396, 268.16736874639696, 162.1679497612215, 261.4234374374563], "segmentation": [[]], "area": 42394.502868763244, "iscrowd": 0, "category_id": 9, "image_id": 24, "id": 238}, {"bbox": [685.8025165924272, 498.74329669418705, 202.8370515321467, 373.39744926479966], "segmentation": [[]], "area": 75738.8376584963, "iscrowd": 0, "category_id": 10, "image_id": 24, "id": 239}, {"bbox": [797.1732075471698, 725.9464150943397, 325.47, 66.03295633097241], "segmentation": [[]], "area": 21491.74629704159, "iscrowd": 0, "category_id": 1, "image_id": 25, "id": 240}, {"bbox": [933.1661051944053, 727.9851578849152, 55.65999999999997, 42.44999999999993], "segmentation": [[]], "area": 2362.766999999995, "iscrowd": 0, "category_id": 2, "image_id": 25, "id": 241}, {"bbox": [509.6575499411782, 381.4565014530996, 300.0409594422756, 147.80138366093854], "segmentation": [[]], "area": 44346.468960523875, "iscrowd": 0, "category_id": 3, "image_id": 25, "id": 242}, {"bbox": [1110.1232125446336, 381.7760335497094, 300.04095944227583, 147.80138366093865], "segmentation": [[]], "area": 44346.46896052395, "iscrowd": 0, "category_id": 4, "image_id": 25, "id": 243}, {"bbox": [810.0577063884007, 381.32435540826503, 300.04095944227583, 147.8013836609386], "segmentation": [[]], "area": 44346.468960523925, "iscrowd": 0, "category_id": 5, "image_id": 25, "id": 244}, {"bbox": [810.1311204331535, 233.400564430087, 299.4841428870063, 147.80138366093865], "segmentation": [[]], "area": 44264.17070320979, "iscrowd": 0, "category_id": 6, "image_id": 25, "id": 245}, {"bbox": [509.7484670736494, 233.36789275458096, 300.0409594422755, 147.8013836609386], "segmentation": [[]], "area": 44346.468960523875, "iscrowd": 0, "category_id": 7, "image_id": 25, "id": 246}, {"bbox": [1109.9232072237482, 233.5121050067239, 300.30551774391915, 147.8013836609387], "segmentation": [[]], "area": 44385.57104356583, "iscrowd": 0, "category_id": 8, "image_id": 25, "id": 247}, {"bbox": [933.0268476798192, 286.9314414052252, 149.49605271748874, 247.5899162426091], "segmentation": [[]], "area": 37013.71517092371, "iscrowd": 0, "category_id": 9, "image_id": 25, "id": 248}, {"bbox": [518.87, 546.7, 128.30000000000007, 400.94000000000005], "segmentation": [[]], "area": 51440.602000000035, "iscrowd": 0, "category_id": 10, "image_id": 25, "id": 249}, {"bbox": [927.1, 754.84, 68.95000000000005, 14.460000000000036], "segmentation": [[]], "area": 997.0170000000031, "iscrowd": 0, "category_id": 1, "image_id": 26, "id": 250}, {"bbox": [933.1661051944053, 727.9851578849152, 55.65999999999997, 42.44999999999993], "segmentation": [[]], "area": 2362.766999999995, "iscrowd": 0, "category_id": 2, "image_id": 26, "id": 251}, {"bbox": [509.6575499411782, 381.4565014530996, 300.0409594422756, 147.80138366093854], "segmentation": [[]], "area": 44346.468960523875, "iscrowd": 0, "category_id": 3, "image_id": 26, "id": 252}, {"bbox": [1110.1232125446336, 381.7760335497094, 300.04095944227583, 147.80138366093865], "segmentation": [[]], "area": 44346.46896052395, "iscrowd": 0, "category_id": 4, "image_id": 26, "id": 253}, {"bbox": [810.062128965418, 381.52566120113283, 300.0409594422756, 147.80138366093877], "segmentation": [[]], "area": 44346.46896052395, "iscrowd": 0, "category_id": 5, "image_id": 26, "id": 254}, {"bbox": [810.1311204331535, 233.400564430087, 299.4841428870063, 147.80138366093865], "segmentation": [[]], "area": 44264.17070320979, "iscrowd": 0, "category_id": 6, "image_id": 26, "id": 255}, {"bbox": [509.7484670736494, 233.36789275458096, 300.0409594422755, 147.8013836609386], "segmentation": [[]], "area": 44346.468960523875, "iscrowd": 0, "category_id": 7, "image_id": 26, "id": 256}, {"bbox": [1109.9232072237482, 233.5121050067239, 300.30551774391915, 147.8013836609387], "segmentation": [[]], "area": 44385.57104356583, "iscrowd": 0, "category_id": 8, "image_id": 26, "id": 257}, {"bbox": [923.6838905443217, 293.1602973695601, 173.48590062700464, 241.5788379916862], "segmentation": [[]], "area": 41910.52228141293, "iscrowd": 0, "category_id": 9, "image_id": 26, "id": 258}, {"bbox": [513.2096226415092, 544.8132075471699, 147.1313167968076, 400.94000000000005], "segmentation": [[]], "area": 58990.83015651205, "iscrowd": 0, "category_id": 10, "image_id": 26, "id": 259}, {"bbox": [762.26, 716.4790038943512, 406.60000000000014, 86.84791829602432], "segmentation": [[]], "area": 35312.3635791635, "iscrowd": 0, "category_id": 1, "image_id": 27, "id": 260}, {"bbox": [930.3359165151602, 727.9851578849152, 55.66000000000008, 42.44999999999982], "segmentation": [[]], "area": 2362.7669999999935, "iscrowd": 0, "category_id": 2, "image_id": 27, "id": 261}, {"bbox": [509.6575499411782, 381.4565014530996, 300.0409594422756, 147.80138366093854], "segmentation": [[]], "area": 44346.468960523875, "iscrowd": 0, "category_id": 3, "image_id": 27, "id": 262}, {"bbox": [1110.1232125446336, 381.7760335497094, 300.04095944227583, 147.80138366093865], "segmentation": [[]], "area": 44346.46896052395, "iscrowd": 0, "category_id": 4, "image_id": 27, "id": 263}, {"bbox": [810.062128965418, 381.52566120113283, 300.0409594422756, 147.80138366093877], "segmentation": [[]], "area": 44346.46896052395, "iscrowd": 0, "category_id": 5, "image_id": 27, "id": 264}, {"bbox": [810.1311204331535, 233.400564430087, 299.4841428870063, 147.80138366093865], "segmentation": [[]], "area": 44264.17070320979, "iscrowd": 0, "category_id": 6, "image_id": 27, "id": 265}, {"bbox": [509.7484670736494, 233.36789275458096, 300.0409594422755, 147.8013836609386], "segmentation": [[]], "area": 44346.468960523875, "iscrowd": 0, "category_id": 7, "image_id": 27, "id": 266}, {"bbox": [1109.9232072237482, 233.5121050067239, 300.30551774391915, 147.8013836609387], "segmentation": [[]], "area": 44385.57104356583, "iscrowd": 0, "category_id": 8, "image_id": 27, "id": 267}, {"bbox": [914.3486494548595, 296.40531334308605, 123.26514982899539, 241.5788379916862], "segmentation": [[]], "area": 29778.251660559807, "iscrowd": 0, "category_id": 9, "image_id": 27, "id": 268}, {"bbox": [513.2096226415092, 544.8132075471699, 147.1313167968076, 400.94000000000005], "segmentation": [[]], "area": 58990.83015651205, "iscrowd": 0, "category_id": 10, "image_id": 27, "id": 269}, {"bbox": [775.16, 719.78, 365.72000000000014, 79.40999999999997], "segmentation": [[]], "area": 29041.8252, "iscrowd": 0, "category_id": 1, "image_id": 28, "id": 270}, {"bbox": [930.3359165151602, 727.9851578849152, 55.66000000000008, 42.44999999999982], "segmentation": [[]], "area": 2362.7669999999935, "iscrowd": 0, "category_id": 2, "image_id": 28, "id": 271}, {"bbox": [509.6575499411782, 381.4565014530996, 300.0409594422756, 147.80138366093854], "segmentation": [[]], "area": 44346.468960523875, "iscrowd": 0, "category_id": 3, "image_id": 28, "id": 272}, {"bbox": [1110.1232125446336, 381.7760335497094, 300.04095944227583, 147.80138366093865], "segmentation": [[]], "area": 44346.46896052395, "iscrowd": 0, "category_id": 4, "image_id": 28, "id": 273}, {"bbox": [810.062128965418, 381.52566120113283, 300.0409594422756, 147.80138366093877], "segmentation": [[]], "area": 44346.46896052395, "iscrowd": 0, "category_id": 5, "image_id": 28, "id": 274}, {"bbox": [810.1311204331535, 233.400564430087, 299.4841428870063, 147.80138366093865], "segmentation": [[]], "area": 44264.17070320979, "iscrowd": 0, "category_id": 6, "image_id": 28, "id": 275}, {"bbox": [509.7484670736494, 233.36789275458096, 300.0409594422755, 147.8013836609386], "segmentation": [[]], "area": 44346.468960523875, "iscrowd": 0, "category_id": 7, "image_id": 28, "id": 276}, {"bbox": [1109.9232072237482, 233.5121050067239, 300.30551774391915, 147.8013836609387], "segmentation": [[]], "area": 44385.57104356583, "iscrowd": 0, "category_id": 8, "image_id": 28, "id": 277}, {"bbox": [901.1411022850482, 292.63172843742564, 123.26514982899539, 241.5788379916862], "segmentation": [[]], "area": 29778.251660559807, "iscrowd": 0, "category_id": 9, "image_id": 28, "id": 278}, {"bbox": [513.2096226415092, 544.8132075471699, 147.1313167968076, 400.94000000000005], "segmentation": [[]], "area": 58990.83015651205, "iscrowd": 0, "category_id": 10, "image_id": 28, "id": 279}, {"bbox": [1170.7592452830188, 318.39622641509436, 60.37999999999988, 46.230000000000075], "segmentation": [[]], "area": 2791.367399999999, "iscrowd": 0, "category_id": 2, "image_id": 29, "id": 280}, {"bbox": [439.98045014195174, 356.8764559754766, 345.8417924846221, 170.74108626052475], "segmentation": [[]], "area": 59049.403323111364, "iscrowd": 0, "category_id": 3, "image_id": 29, "id": 281}, {"bbox": [1132.4840189496022, 356.7277076203303, 345.6103784733684, 170.6841425021372], "segmentation": [[]], "area": 58990.211089565986, "iscrowd": 0, "category_id": 4, "image_id": 29, "id": 282}, {"bbox": [786.3761759478302, 356.88704544601455, 345.5115960715939, 171.15727645071559], "segmentation": [[]], "area": 59136.82376575377, "iscrowd": 0, "category_id": 5, "image_id": 29, "id": 283}, {"bbox": [787.2226429881566, 184.80387501510285, 345.6175061009651, 171.1458031444023], "segmentation": [[]], "area": 59150.985662415034, "iscrowd": 0, "category_id": 6, "image_id": 29, "id": 284}, {"bbox": [439.9736108431632, 185.4959832765519, 346.0755410285042, 170.98063322709737], "segmentation": [[]], "area": 59172.21514946396, "iscrowd": 0, "category_id": 7, "image_id": 29, "id": 285}, {"bbox": [1133.9629815308285, 184.92413847064014, 346.23798069385134, 171.01175745029272], "segmentation": [[]], "area": 59210.765574496036, "iscrowd": 0, "category_id": 8, "image_id": 29, "id": 286}, {"bbox": [729.9656633766072, 356.95515524615485, 149.77218340085062, 164.80959186104133], "segmentation": [[]], "area": 24683.89241843122, "iscrowd": 0, "category_id": 9, "image_id": 29, "id": 287}, {"bbox": [804.7128301886792, 400.4730188679247, 158.46059846990556, 389.6199999999999], "segmentation": [[]], "area": 61739.41837584459, "iscrowd": 0, "category_id": 10, "image_id": 29, "id": 288}, {"bbox": [863.2026415094339, 727.8332075471699, 187.7399999999999, 50.0], "segmentation": [[]], "area": 9386.999999999995, "iscrowd": 0, "category_id": 1, "image_id": 30, "id": 289}, {"bbox": [930.3359165151602, 727.9851578849152, 55.66000000000008, 42.44999999999982], "segmentation": [[]], "area": 2362.7669999999935, "iscrowd": 0, "category_id": 2, "image_id": 30, "id": 290}, {"bbox": [509.6575499411782, 381.4565014530996, 300.0409594422756, 147.80138366093854], "segmentation": [[]], "area": 44346.468960523875, "iscrowd": 0, "category_id": 3, "image_id": 30, "id": 291}, {"bbox": [1110.1232125446336, 381.7760335497094, 300.04095944227583, 147.80138366093865], "segmentation": [[]], "area": 44346.46896052395, "iscrowd": 0, "category_id": 4, "image_id": 30, "id": 292}, {"bbox": [810.062128965418, 381.52566120113283, 300.0409594422756, 147.80138366093877], "segmentation": [[]], "area": 44346.46896052395, "iscrowd": 0, "category_id": 5, "image_id": 30, "id": 293}, {"bbox": [810.1311204331535, 233.400564430087, 299.4841428870063, 147.80138366093865], "segmentation": [[]], "area": 44264.17070320979, "iscrowd": 0, "category_id": 6, "image_id": 30, "id": 294}, {"bbox": [509.7484670736494, 233.36789275458096, 300.0409594422755, 147.8013836609386], "segmentation": [[]], "area": 44346.468960523875, "iscrowd": 0, "category_id": 7, "image_id": 30, "id": 295}, {"bbox": [1109.9232072237482, 233.5121050067239, 300.30551774391915, 147.8013836609387], "segmentation": [[]], "area": 44385.57104356583, "iscrowd": 0, "category_id": 8, "image_id": 30, "id": 296}, {"bbox": [914.3486494548595, 296.40531334308605, 123.26514982899539, 241.5788379916862], "segmentation": [[]], "area": 29778.251660559807, "iscrowd": 0, "category_id": 9, "image_id": 30, "id": 297}, {"bbox": [513.2096226415092, 544.8132075471699, 147.1313167968076, 400.94000000000005], "segmentation": [[]], "area": 58990.83015651205, "iscrowd": 0, "category_id": 10, "image_id": 30, "id": 298}, {"bbox": [931.18, 755.84, 61.389999999999986, 11.649999999999977], "segmentation": [[]], "area": 715.1934999999985, "iscrowd": 0, "category_id": 1, "image_id": 31, "id": 299}, {"bbox": [932.6414352561449, 727.6703559219591, 55.65999999999974, 42.44999999999993], "segmentation": [[]], "area": 2362.7669999999853, "iscrowd": 0, "category_id": 2, "image_id": 31, "id": 300}, {"bbox": [509.6575499411782, 381.4565014530996, 300.0409594422756, 147.80138366093854], "segmentation": [[]], "area": 44346.468960523875, "iscrowd": 0, "category_id": 3, "image_id": 31, "id": 301}, {"bbox": [1110.1232125446336, 381.7760335497094, 300.04095944227583, 147.80138366093865], "segmentation": [[]], "area": 44346.46896052395, "iscrowd": 0, "category_id": 4, "image_id": 31, "id": 302}, {"bbox": [810.062128965418, 381.52566120113283, 300.0409594422756, 147.80138366093877], "segmentation": [[]], "area": 44346.46896052395, "iscrowd": 0, "category_id": 5, "image_id": 31, "id": 303}, {"bbox": [810.1311204331535, 233.400564430087, 299.4841428870063, 147.80138366093865], "segmentation": [[]], "area": 44264.17070320979, "iscrowd": 0, "category_id": 6, "image_id": 31, "id": 304}, {"bbox": [509.7484670736494, 233.36789275458096, 300.0409594422755, 147.8013836609386], "segmentation": [[]], "area": 44346.468960523875, "iscrowd": 0, "category_id": 7, "image_id": 31, "id": 305}, {"bbox": [1109.9232072237482, 233.5121050067239, 300.30551774391915, 147.8013836609387], "segmentation": [[]], "area": 44385.57104356583, "iscrowd": 0, "category_id": 8, "image_id": 31, "id": 306}, {"bbox": [853.0524750463594, 291.2577676591774, 173.48590062700464, 241.5788379916862], "segmentation": [[]], "area": 41910.52228141293, "iscrowd": 0, "category_id": 9, "image_id": 31, "id": 307}, {"bbox": [513.2096226415092, 544.8132075471699, 147.1313167968076, 400.94000000000005], "segmentation": [[]], "area": 58990.83015651205, "iscrowd": 0, "category_id": 10, "image_id": 31, "id": 308}, {"bbox": [936.3616449777429, 756.1116449777429, 47.51999999999998, 7.876773270100102], "segmentation": [[]], "area": 374.3042657951567, "iscrowd": 0, "category_id": 1, "image_id": 32, "id": 309}, {"bbox": [932.502972061059, 727.3957062108295, 55.659999999999854, 42.44999999999982], "segmentation": [[]], "area": 2362.766999999984, "iscrowd": 0, "category_id": 2, "image_id": 32, "id": 310}, {"bbox": [509.6575499411782, 381.4565014530996, 300.0409594422756, 147.80138366093854], "segmentation": [[]], "area": 44346.468960523875, "iscrowd": 0, "category_id": 3, "image_id": 32, "id": 311}, {"bbox": [1110.1232125446336, 381.7760335497094, 300.04095944227583, 147.80138366093865], "segmentation": [[]], "area": 44346.46896052395, "iscrowd": 0, "category_id": 4, "image_id": 32, "id": 312}, {"bbox": [810.062128965418, 381.52566120113283, 300.0409594422756, 147.80138366093877], "segmentation": [[]], "area": 44346.46896052395, "iscrowd": 0, "category_id": 5, "image_id": 32, "id": 313}, {"bbox": [810.1311204331535, 233.400564430087, 299.4841428870063, 147.80138366093865], "segmentation": [[]], "area": 44264.17070320979, "iscrowd": 0, "category_id": 6, "image_id": 32, "id": 314}, {"bbox": [509.7484670736494, 233.36789275458096, 300.0409594422755, 147.8013836609386], "segmentation": [[]], "area": 44346.468960523875, "iscrowd": 0, "category_id": 7, "image_id": 32, "id": 315}, {"bbox": [1109.9232072237482, 233.5121050067239, 300.30551774391915, 147.8013836609387], "segmentation": [[]], "area": 44385.57104356583, "iscrowd": 0, "category_id": 8, "image_id": 32, "id": 316}, {"bbox": [869.3392208873802, 295.91040918346675, 156.11651514652226, 236.6877748676776], "segmentation": [[]], "area": 36950.87059012644, "iscrowd": 0, "category_id": 9, "image_id": 32, "id": 317}, {"bbox": [513.2096226415092, 544.8132075471699, 147.1313167968076, 400.94000000000005], "segmentation": [[]], "area": 58990.83015651205, "iscrowd": 0, "category_id": 10, "image_id": 32, "id": 318}, {"bbox": [933.1661051944053, 727.9851578849152, 55.65999999999997, 42.44999999999993], "segmentation": [[]], "area": 2362.766999999995, "iscrowd": 0, "category_id": 2, "image_id": 33, "id": 319}, {"bbox": [509.6575499411782, 381.4565014530996, 300.0409594422756, 147.80138366093854], "segmentation": [[]], "area": 44346.468960523875, "iscrowd": 0, "category_id": 3, "image_id": 33, "id": 320}, {"bbox": [1110.1232125446336, 381.7760335497094, 300.04095944227583, 147.80138366093865], "segmentation": [[]], "area": 44346.46896052395, "iscrowd": 0, "category_id": 4, "image_id": 33, "id": 321}, {"bbox": [810.0577063884007, 381.32435540826503, 300.04095944227583, 147.8013836609386], "segmentation": [[]], "area": 44346.468960523925, "iscrowd": 0, "category_id": 5, "image_id": 33, "id": 322}, {"bbox": [810.1311204331535, 233.400564430087, 299.4841428870063, 147.80138366093865], "segmentation": [[]], "area": 44264.17070320979, "iscrowd": 0, "category_id": 6, "image_id": 33, "id": 323}, {"bbox": [509.7484670736494, 233.36789275458096, 300.0409594422755, 147.8013836609386], "segmentation": [[]], "area": 44346.468960523875, "iscrowd": 0, "category_id": 7, "image_id": 33, "id": 324}, {"bbox": [1109.9232072237482, 233.5121050067239, 300.30551774391915, 147.8013836609387], "segmentation": [[]], "area": 44385.57104356583, "iscrowd": 0, "category_id": 8, "image_id": 33, "id": 325}, {"bbox": [920.1325459766504, 300.8980284314936, 118.44430225971882, 231.41243375486135], "segmentation": [[]], "area": 27409.484250317957, "iscrowd": 0, "category_id": 9, "image_id": 33, "id": 326}, {"bbox": [518.87, 546.7, 128.30000000000007, 400.94000000000005], "segmentation": [[]], "area": 51440.602000000035, "iscrowd": 0, "category_id": 10, "image_id": 33, "id": 327}, {"bbox": [778.3018867924529, 712.7396226415095, 355.6600000000001, 85.84999999999991], "segmentation": [[]], "area": 30533.410999999975, "iscrowd": 0, "category_id": 1, "image_id": 34, "id": 328}, {"bbox": [930.3359165151602, 727.9851578849152, 55.66000000000008, 42.44999999999982], "segmentation": [[]], "area": 2362.7669999999935, "iscrowd": 0, "category_id": 2, "image_id": 34, "id": 329}, {"bbox": [509.6575499411782, 381.4565014530996, 300.0409594422756, 147.80138366093854], "segmentation": [[]], "area": 44346.468960523875, "iscrowd": 0, "category_id": 3, "image_id": 34, "id": 330}, {"bbox": [1110.1232125446336, 381.7760335497094, 300.04095944227583, 147.80138366093865], "segmentation": [[]], "area": 44346.46896052395, "iscrowd": 0, "category_id": 4, "image_id": 34, "id": 331}, {"bbox": [810.062128965418, 381.52566120113283, 300.0409594422756, 147.80138366093877], "segmentation": [[]], "area": 44346.46896052395, "iscrowd": 0, "category_id": 5, "image_id": 34, "id": 332}, {"bbox": [810.1311204331535, 233.400564430087, 299.4841428870063, 147.80138366093865], "segmentation": [[]], "area": 44264.17070320979, "iscrowd": 0, "category_id": 6, "image_id": 34, "id": 333}, {"bbox": [509.7484670736494, 233.36789275458096, 300.0409594422755, 147.8013836609386], "segmentation": [[]], "area": 44346.468960523875, "iscrowd": 0, "category_id": 7, "image_id": 34, "id": 334}, {"bbox": [1109.9232072237482, 233.5121050067239, 300.30551774391915, 147.8013836609387], "segmentation": [[]], "area": 44385.57104356583, "iscrowd": 0, "category_id": 8, "image_id": 34, "id": 335}, {"bbox": [901.1411022850482, 292.63172843742564, 123.26514982899539, 241.5788379916862], "segmentation": [[]], "area": 29778.251660559807, "iscrowd": 0, "category_id": 9, "image_id": 34, "id": 336}, {"bbox": [513.2096226415092, 544.8132075471699, 147.1313167968076, 400.94000000000005], "segmentation": [[]], "area": 58990.83015651205, "iscrowd": 0, "category_id": 10, "image_id": 34, "id": 337}, {"bbox": [933.1661051944053, 727.9851578849152, 55.65999999999997, 42.44999999999993], "segmentation": [[]], "area": 2362.766999999995, "iscrowd": 0, "category_id": 2, "image_id": 35, "id": 338}, {"bbox": [509.6575499411782, 381.4565014530996, 300.0409594422756, 147.80138366093854], "segmentation": [[]], "area": 44346.468960523875, "iscrowd": 0, "category_id": 3, "image_id": 35, "id": 339}, {"bbox": [1110.1232125446336, 381.7760335497094, 300.04095944227583, 147.80138366093865], "segmentation": [[]], "area": 44346.46896052395, "iscrowd": 0, "category_id": 4, "image_id": 35, "id": 340}, {"bbox": [810.062128965418, 381.52566120113283, 300.0409594422756, 147.80138366093877], "segmentation": [[]], "area": 44346.46896052395, "iscrowd": 0, "category_id": 5, "image_id": 35, "id": 341}, {"bbox": [810.1311204331535, 233.400564430087, 299.4841428870063, 147.80138366093865], "segmentation": [[]], "area": 44264.17070320979, "iscrowd": 0, "category_id": 6, "image_id": 35, "id": 342}, {"bbox": [509.7484670736494, 233.36789275458096, 300.0409594422755, 147.8013836609386], "segmentation": [[]], "area": 44346.468960523875, "iscrowd": 0, "category_id": 7, "image_id": 35, "id": 343}, {"bbox": [1109.9232072237482, 233.5121050067239, 300.30551774391915, 147.8013836609387], "segmentation": [[]], "area": 44385.57104356583, "iscrowd": 0, "category_id": 8, "image_id": 35, "id": 344}, {"bbox": [940.7497025427219, 275.97803918643126, 109.11077038918552, 258.2193243653421], "segmentation": [[]], "area": 28174.50941087746, "iscrowd": 0, "category_id": 9, "image_id": 35, "id": 345}, {"bbox": [513.2096226415092, 544.8132075471699, 147.1313167968076, 400.94000000000005], "segmentation": [[]], "area": 58990.83015651205, "iscrowd": 0, "category_id": 10, "image_id": 35, "id": 346}, {"bbox": [1101.2971324542616, 332.74913886831837, 60.37999999999988, 46.230000000000075], "segmentation": [[]], "area": 2791.367399999999, "iscrowd": 0, "category_id": 2, "image_id": 36, "id": 347}, {"bbox": [439.98045014195174, 356.8764559754766, 345.8417924846221, 170.74108626052475], "segmentation": [[]], "area": 59049.403323111364, "iscrowd": 0, "category_id": 3, "image_id": 36, "id": 348}, {"bbox": [1132.4840189496022, 356.7277076203303, 345.6103784733684, 170.6841425021372], "segmentation": [[]], "area": 58990.211089565986, "iscrowd": 0, "category_id": 4, "image_id": 36, "id": 349}, {"bbox": [786.3761759478302, 356.88704544601455, 345.5115960715939, 171.15727645071559], "segmentation": [[]], "area": 59136.82376575377, "iscrowd": 0, "category_id": 5, "image_id": 36, "id": 350}, {"bbox": [787.2226429881566, 184.80387501510285, 345.6175061009651, 171.1458031444023], "segmentation": [[]], "area": 59150.985662415034, "iscrowd": 0, "category_id": 6, "image_id": 36, "id": 351}, {"bbox": [439.9736108431632, 185.4959832765519, 346.0755410285042, 170.98063322709737], "segmentation": [[]], "area": 59172.21514946396, "iscrowd": 0, "category_id": 7, "image_id": 36, "id": 352}, {"bbox": [1133.9629815308285, 184.92413847064014, 346.23798069385134, 171.01175745029272], "segmentation": [[]], "area": 59210.765574496036, "iscrowd": 0, "category_id": 8, "image_id": 36, "id": 353}, {"bbox": [732.0718867924527, 378.771762044057, 151.27946845592612, 165.0922002200938], "segmentation": [[]], "area": 24975.06029551512, "iscrowd": 0, "category_id": 9, "image_id": 36, "id": 354}, {"bbox": [819.6248897693799, 471.9857835980099, 145.2768643208925, 316.9225304359328], "segmentation": [[]], "area": 46041.51145437494, "iscrowd": 0, "category_id": 10, "image_id": 36, "id": 355}, {"bbox": [770.75, 716.51, 383.96000000000004, 83.01999999999998], "segmentation": [[]], "area": 31876.359199999995, "iscrowd": 0, "category_id": 1, "image_id": 37, "id": 356}, {"bbox": [933.1661051944053, 727.9851578849152, 55.65999999999997, 42.44999999999993], "segmentation": [[]], "area": 2362.766999999995, "iscrowd": 0, "category_id": 2, "image_id": 37, "id": 357}, {"bbox": [509.6575499411782, 381.4565014530996, 300.0409594422756, 147.80138366093854], "segmentation": [[]], "area": 44346.468960523875, "iscrowd": 0, "category_id": 3, "image_id": 37, "id": 358}, {"bbox": [1110.1232125446336, 381.7760335497094, 300.04095944227583, 147.80138366093865], "segmentation": [[]], "area": 44346.46896052395, "iscrowd": 0, "category_id": 4, "image_id": 37, "id": 359}, {"bbox": [810.0577063884007, 381.32435540826503, 300.04095944227583, 147.8013836609386], "segmentation": [[]], "area": 44346.468960523925, "iscrowd": 0, "category_id": 5, "image_id": 37, "id": 360}, {"bbox": [810.1311204331535, 233.400564430087, 299.4841428870063, 147.80138366093865], "segmentation": [[]], "area": 44264.17070320979, "iscrowd": 0, "category_id": 6, "image_id": 37, "id": 361}, {"bbox": [509.7484670736494, 233.36789275458096, 300.0409594422755, 147.8013836609386], "segmentation": [[]], "area": 44346.468960523875, "iscrowd": 0, "category_id": 7, "image_id": 37, "id": 362}, {"bbox": [1109.9232072237482, 233.5121050067239, 300.30551774391915, 147.8013836609387], "segmentation": [[]], "area": 44385.57104356583, "iscrowd": 0, "category_id": 8, "image_id": 37, "id": 363}, {"bbox": [919.8761894113461, 301.3496910481525, 118.44430225971905, 233.2283038952944], "segmentation": [[]], "area": 27624.56372209586, "iscrowd": 0, "category_id": 9, "image_id": 37, "id": 364}, {"bbox": [518.87, 546.7, 128.30000000000007, 400.94000000000005], "segmentation": [[]], "area": 51440.602000000035, "iscrowd": 0, "category_id": 10, "image_id": 37, "id": 365}, {"bbox": [1140.8609905842447, 288.2092522487909, 40.39547637392616, 39.19076060134722], "segmentation": [[]], "area": 1583.1294439479177, "iscrowd": 0, "category_id": 2, "image_id": 38, "id": 366}, {"bbox": [439.98045014195174, 356.8764559754766, 345.8417924846221, 170.74108626052475], "segmentation": [[]], "area": 59049.403323111364, "iscrowd": 0, "category_id": 3, "image_id": 38, "id": 367}, {"bbox": [1132.4840189496022, 356.7277076203303, 345.6103784733684, 170.6841425021372], "segmentation": [[]], "area": 58990.211089565986, "iscrowd": 0, "category_id": 4, "image_id": 38, "id": 368}, {"bbox": [786.3761759478302, 356.88704544601455, 345.5115960715939, 171.15727645071559], "segmentation": [[]], "area": 59136.82376575377, "iscrowd": 0, "category_id": 5, "image_id": 38, "id": 369}, {"bbox": [787.2226429881566, 184.80387501510285, 345.6175061009651, 171.1458031444023], "segmentation": [[]], "area": 59150.985662415034, "iscrowd": 0, "category_id": 6, "image_id": 38, "id": 370}, {"bbox": [439.9736108431632, 185.4959832765519, 346.0755410285042, 170.98063322709737], "segmentation": [[]], "area": 59172.21514946396, "iscrowd": 0, "category_id": 7, "image_id": 38, "id": 371}, {"bbox": [1133.9629815308285, 184.92413847064014, 346.23798069385134, 171.01175745029272], "segmentation": [[]], "area": 59210.765574496036, "iscrowd": 0, "category_id": 8, "image_id": 38, "id": 372}, {"bbox": [716.133941764773, 358.8493307594573, 151.27946845592635, 172.46289364336144], "segmentation": [[]], "area": 26090.094878738677, "iscrowd": 0, "category_id": 9, "image_id": 38, "id": 373}, {"bbox": [806.5993289236926, 437.4225419772058, 205.1223201642, 332.4780113474609], "segmentation": [[]], "area": 68198.66109117039, "iscrowd": 0, "category_id": 10, "image_id": 38, "id": 374}, {"bbox": [931.8009479949492, 760.7833489028965, 60.62532069173301, 8.67155752708834], "segmentation": [[]], "area": 525.7159559765419, "iscrowd": 0, "category_id": 1, "image_id": 39, "id": 375}, {"bbox": [933.1661051944053, 727.9851578849152, 55.65999999999997, 42.44999999999993], "segmentation": [[]], "area": 2362.766999999995, "iscrowd": 0, "category_id": 2, "image_id": 39, "id": 376}, {"bbox": [509.6575499411782, 381.4565014530996, 300.0409594422756, 147.80138366093854], "segmentation": [[]], "area": 44346.468960523875, "iscrowd": 0, "category_id": 3, "image_id": 39, "id": 377}, {"bbox": [1110.1232125446336, 381.7760335497094, 300.04095944227583, 147.80138366093865], "segmentation": [[]], "area": 44346.46896052395, "iscrowd": 0, "category_id": 4, "image_id": 39, "id": 378}, {"bbox": [810.062128965418, 381.52566120113283, 300.0409594422756, 147.80138366093877], "segmentation": [[]], "area": 44346.46896052395, "iscrowd": 0, "category_id": 5, "image_id": 39, "id": 379}, {"bbox": [810.1311204331535, 233.400564430087, 299.4841428870063, 147.80138366093865], "segmentation": [[]], "area": 44264.17070320979, "iscrowd": 0, "category_id": 6, "image_id": 39, "id": 380}, {"bbox": [509.7484670736494, 233.36789275458096, 300.0409594422755, 147.8013836609386], "segmentation": [[]], "area": 44346.468960523875, "iscrowd": 0, "category_id": 7, "image_id": 39, "id": 381}, {"bbox": [1109.9232072237482, 233.5121050067239, 300.30551774391915, 147.8013836609387], "segmentation": [[]], "area": 44385.57104356583, "iscrowd": 0, "category_id": 8, "image_id": 39, "id": 382}, {"bbox": [894.3734970244861, 295.91040918346675, 131.0822390094163, 236.6877748676776], "segmentation": [[]], "area": 31025.563475811832, "iscrowd": 0, "category_id": 9, "image_id": 39, "id": 383}, {"bbox": [513.2096226415092, 544.8132075471699, 147.1313167968076, 400.94000000000005], "segmentation": [[]], "area": 58990.83015651205, "iscrowd": 0, "category_id": 10, "image_id": 39, "id": 384}, {"bbox": [899.47, 749.2, 119.58000000000004, 23.019999999999982], "segmentation": [[]], "area": 2752.7315999999987, "iscrowd": 0, "category_id": 1, "image_id": 40, "id": 385}, {"bbox": [930.3359165151602, 727.9851578849152, 55.66000000000008, 42.44999999999982], "segmentation": [[]], "area": 2362.7669999999935, "iscrowd": 0, "category_id": 2, "image_id": 40, "id": 386}, {"bbox": [509.6575499411782, 381.4565014530996, 300.0409594422756, 147.80138366093854], "segmentation": [[]], "area": 44346.468960523875, "iscrowd": 0, "category_id": 3, "image_id": 40, "id": 387}, {"bbox": [1110.1232125446336, 381.7760335497094, 300.04095944227583, 147.80138366093865], "segmentation": [[]], "area": 44346.46896052395, "iscrowd": 0, "category_id": 4, "image_id": 40, "id": 388}, {"bbox": [810.062128965418, 381.52566120113283, 300.0409594422756, 147.80138366093877], "segmentation": [[]], "area": 44346.46896052395, "iscrowd": 0, "category_id": 5, "image_id": 40, "id": 389}, {"bbox": [810.1311204331535, 233.400564430087, 299.4841428870063, 147.80138366093865], "segmentation": [[]], "area": 44264.17070320979, "iscrowd": 0, "category_id": 6, "image_id": 40, "id": 390}, {"bbox": [509.7484670736494, 233.36789275458096, 300.0409594422755, 147.8013836609386], "segmentation": [[]], "area": 44346.468960523875, "iscrowd": 0, "category_id": 7, "image_id": 40, "id": 391}, {"bbox": [1109.9232072237482, 233.5121050067239, 300.30551774391915, 147.8013836609387], "segmentation": [[]], "area": 44385.57104356583, "iscrowd": 0, "category_id": 8, "image_id": 40, "id": 392}, {"bbox": [901.1411022850482, 292.63172843742564, 123.26514982899539, 241.5788379916862], "segmentation": [[]], "area": 29778.251660559807, "iscrowd": 0, "category_id": 9, "image_id": 40, "id": 393}, {"bbox": [513.2096226415092, 544.8132075471699, 147.1313167968076, 400.94000000000005], "segmentation": [[]], "area": 58990.83015651205, "iscrowd": 0, "category_id": 10, "image_id": 40, "id": 394}, {"bbox": [767.2, 726.6500000000001, 386.4515007212533, 72.1400000000001], "segmentation": [[]], "area": 27878.611262031252, "iscrowd": 0, "category_id": 1, "image_id": 41, "id": 395}, {"bbox": [933.1661051944053, 727.9851578849152, 55.65999999999997, 42.44999999999993], "segmentation": [[]], "area": 2362.766999999995, "iscrowd": 0, "category_id": 2, "image_id": 41, "id": 396}, {"bbox": [509.6575499411782, 381.4565014530996, 300.0409594422756, 147.80138366093854], "segmentation": [[]], "area": 44346.468960523875, "iscrowd": 0, "category_id": 3, "image_id": 41, "id": 397}, {"bbox": [1110.1232125446336, 381.7760335497094, 300.04095944227583, 147.80138366093865], "segmentation": [[]], "area": 44346.46896052395, "iscrowd": 0, "category_id": 4, "image_id": 41, "id": 398}, {"bbox": [810.0577063884007, 381.32435540826503, 300.04095944227583, 147.8013836609386], "segmentation": [[]], "area": 44346.468960523925, "iscrowd": 0, "category_id": 5, "image_id": 41, "id": 399}, {"bbox": [810.1311204331535, 233.400564430087, 299.4841428870063, 147.80138366093865], "segmentation": [[]], "area": 44264.17070320979, "iscrowd": 0, "category_id": 6, "image_id": 41, "id": 400}, {"bbox": [509.7484670736494, 233.36789275458096, 300.0409594422755, 147.8013836609386], "segmentation": [[]], "area": 44346.468960523875, "iscrowd": 0, "category_id": 7, "image_id": 41, "id": 401}, {"bbox": [1109.9232072237482, 233.5121050067239, 300.30551774391915, 147.8013836609387], "segmentation": [[]], "area": 44385.57104356583, "iscrowd": 0, "category_id": 8, "image_id": 41, "id": 402}, {"bbox": [919.6503581030165, 300.8980284314936, 118.44430225971905, 232.07128003284254], "segmentation": [[]], "area": 27487.520838009903, "iscrowd": 0, "category_id": 9, "image_id": 41, "id": 403}, {"bbox": [518.87, 546.7, 128.30000000000007, 400.94000000000005], "segmentation": [[]], "area": 51440.602000000035, "iscrowd": 0, "category_id": 10, "image_id": 41, "id": 404}, {"bbox": [831.47, 735.78, 260.8599999999999, 49.08000000000004], "segmentation": [[]], "area": 12803.008800000005, "iscrowd": 0, "category_id": 1, "image_id": 42, "id": 405}, {"bbox": [933.1661051944053, 727.9851578849152, 55.65999999999997, 42.44999999999993], "segmentation": [[]], "area": 2362.766999999995, "iscrowd": 0, "category_id": 2, "image_id": 42, "id": 406}, {"bbox": [509.6575499411782, 381.4565014530996, 300.0409594422756, 147.80138366093854], "segmentation": [[]], "area": 44346.468960523875, "iscrowd": 0, "category_id": 3, "image_id": 42, "id": 407}, {"bbox": [1110.1232125446336, 381.7760335497094, 300.04095944227583, 147.80138366093865], "segmentation": [[]], "area": 44346.46896052395, "iscrowd": 0, "category_id": 4, "image_id": 42, "id": 408}, {"bbox": [810.0577063884007, 381.32435540826503, 300.04095944227583, 147.8013836609386], "segmentation": [[]], "area": 44346.468960523925, "iscrowd": 0, "category_id": 5, "image_id": 42, "id": 409}, {"bbox": [810.1311204331535, 233.400564430087, 299.4841428870063, 147.80138366093865], "segmentation": [[]], "area": 44264.17070320979, "iscrowd": 0, "category_id": 6, "image_id": 42, "id": 410}, {"bbox": [509.7484670736494, 233.36789275458096, 300.0409594422755, 147.8013836609386], "segmentation": [[]], "area": 44346.468960523875, "iscrowd": 0, "category_id": 7, "image_id": 42, "id": 411}, {"bbox": [1109.9232072237482, 233.5121050067239, 300.30551774391915, 147.8013836609387], "segmentation": [[]], "area": 44385.57104356583, "iscrowd": 0, "category_id": 8, "image_id": 42, "id": 412}, {"bbox": [933.0268476798192, 286.9314414052252, 149.49605271748874, 247.7334760061616], "segmentation": [[]], "area": 37035.17678890387, "iscrowd": 0, "category_id": 9, "image_id": 42, "id": 413}, {"bbox": [518.87, 546.7, 128.30000000000007, 400.94000000000005], "segmentation": [[]], "area": 51440.602000000035, "iscrowd": 0, "category_id": 10, "image_id": 42, "id": 414}, {"bbox": [930.5595603076914, 759.7002374789082, 61.47000000000003, 11.800907369180322], "segmentation": [[]], "area": 725.4017759835148, "iscrowd": 0, "category_id": 1, "image_id": 43, "id": 415}, {"bbox": [934.2444839050034, 732.3167560065416, 55.659999999999854, 42.44999999999982], "segmentation": [[]], "area": 2362.766999999984, "iscrowd": 0, "category_id": 2, "image_id": 43, "id": 416}, {"bbox": [509.6575499411782, 381.4565014530996, 300.0409594422756, 147.80138366093854], "segmentation": [[]], "area": 44346.468960523875, "iscrowd": 0, "category_id": 3, "image_id": 43, "id": 417}, {"bbox": [1110.1232125446336, 381.7760335497094, 300.04095944227583, 147.80138366093865], "segmentation": [[]], "area": 44346.46896052395, "iscrowd": 0, "category_id": 4, "image_id": 43, "id": 418}, {"bbox": [810.062128965418, 381.52566120113283, 300.0409594422756, 147.80138366093877], "segmentation": [[]], "area": 44346.46896052395, "iscrowd": 0, "category_id": 5, "image_id": 43, "id": 419}, {"bbox": [810.1311204331535, 233.400564430087, 299.4841428870063, 147.80138366093865], "segmentation": [[]], "area": 44264.17070320979, "iscrowd": 0, "category_id": 6, "image_id": 43, "id": 420}, {"bbox": [509.7484670736494, 233.36789275458096, 300.0409594422755, 147.8013836609386], "segmentation": [[]], "area": 44346.468960523875, "iscrowd": 0, "category_id": 7, "image_id": 43, "id": 421}, {"bbox": [1109.9232072237482, 233.5121050067239, 300.30551774391915, 147.8013836609387], "segmentation": [[]], "area": 44385.57104356583, "iscrowd": 0, "category_id": 8, "image_id": 43, "id": 422}, {"bbox": [923.6838905443217, 293.1602973695601, 173.48590062700464, 241.5788379916862], "segmentation": [[]], "area": 41910.52228141293, "iscrowd": 0, "category_id": 9, "image_id": 43, "id": 423}, {"bbox": [513.2096226415092, 544.8132075471699, 147.1313167968076, 400.94000000000005], "segmentation": [[]], "area": 58990.83015651205, "iscrowd": 0, "category_id": 10, "image_id": 43, "id": 424}, {"bbox": [799.4805707936027, 727.1410086419085, 318.59422987074345, 68.89899135809151], "segmentation": [[]], "area": 21950.82109060217, "iscrowd": 0, "category_id": 1, "image_id": 44, "id": 425}, {"bbox": [930.3359165151602, 727.9851578849152, 55.66000000000008, 42.44999999999982], "segmentation": [[]], "area": 2362.7669999999935, "iscrowd": 0, "category_id": 2, "image_id": 44, "id": 426}, {"bbox": [509.6575499411782, 381.4565014530996, 300.0409594422756, 147.80138366093854], "segmentation": [[]], "area": 44346.468960523875, "iscrowd": 0, "category_id": 3, "image_id": 44, "id": 427}, {"bbox": [1110.1232125446336, 381.7760335497094, 300.04095944227583, 147.80138366093865], "segmentation": [[]], "area": 44346.46896052395, "iscrowd": 0, "category_id": 4, "image_id": 44, "id": 428}, {"bbox": [810.062128965418, 381.52566120113283, 300.0409594422756, 147.80138366093877], "segmentation": [[]], "area": 44346.46896052395, "iscrowd": 0, "category_id": 5, "image_id": 44, "id": 429}, {"bbox": [810.1311204331535, 233.400564430087, 299.4841428870063, 147.80138366093865], "segmentation": [[]], "area": 44264.17070320979, "iscrowd": 0, "category_id": 6, "image_id": 44, "id": 430}, {"bbox": [509.7484670736494, 233.36789275458096, 300.0409594422755, 147.8013836609386], "segmentation": [[]], "area": 44346.468960523875, "iscrowd": 0, "category_id": 7, "image_id": 44, "id": 431}, {"bbox": [1109.9232072237482, 233.5121050067239, 300.30551774391915, 147.8013836609387], "segmentation": [[]], "area": 44385.57104356583, "iscrowd": 0, "category_id": 8, "image_id": 44, "id": 432}, {"bbox": [901.1411022850482, 292.63172843742564, 123.26514982899539, 241.5788379916862], "segmentation": [[]], "area": 29778.251660559807, "iscrowd": 0, "category_id": 9, "image_id": 44, "id": 433}, {"bbox": [513.2096226415092, 544.8132075471699, 147.1313167968076, 400.94000000000005], "segmentation": [[]], "area": 58990.83015651205, "iscrowd": 0, "category_id": 10, "image_id": 44, "id": 434}, {"bbox": [926.9906631108026, 748.3941653955554, 63.196231400232705, 51.37156106826103], "segmentation": [[]], "area": 3246.4890606610097, "iscrowd": 0, "category_id": 2, "image_id": 45, "id": 435}, {"bbox": [440.8307800336099, 356.6575895759225, 340.6184993809378, 170.7410862605248], "segmentation": [[]], "area": 58157.57258473122, "iscrowd": 0, "category_id": 3, "image_id": 45, "id": 436}, {"bbox": [1122.7534324702533, 355.9630621337077, 341.85937008726614, 170.6841425021371], "segmentation": [[]], "area": 58349.97343966576, "iscrowd": 0, "category_id": 4, "image_id": 45, "id": 437}, {"bbox": [781.7387919418622, 355.8963254878306, 340.0537380295441, 171.15727645071559], "segmentation": [[]], "area": 58202.6716480219, "iscrowd": 0, "category_id": 5, "image_id": 45, "id": 438}, {"bbox": [781.5137018345774, 184.50420963650305, 341.00028753750735, 171.14580314440218], "segmentation": [[]], "area": 58360.76808307877, "iscrowd": 0, "category_id": 6, "image_id": 45, "id": 439}, {"bbox": [439.9736108431633, 185.4959832765519, 341.35171742238686, 170.98063322709731], "segmentation": [[]], "area": 58364.53279803689, "iscrowd": 0, "category_id": 7, "image_id": 45, "id": 440}, {"bbox": [1122.8772162808646, 184.92413847064014, 341.57282663736464, 171.01175745029266], "segmentation": [[]], "area": 58412.96938051987, "iscrowd": 0, "category_id": 8, "image_id": 45, "id": 441}, {"bbox": [897.266017236471, 266.396500570778, 162.1679497612215, 261.4234374374565], "segmentation": [[]], "area": 42394.50286876329, "iscrowd": 0, "category_id": 9, "image_id": 45, "id": 442}, {"bbox": [676.3685543282763, 504.4036740526775, 167.4285664577294, 373.39744926479966], "segmentation": [[]], "area": 62517.39964937815, "iscrowd": 0, "category_id": 10, "image_id": 45, "id": 443}, {"bbox": [938.95, 757.39, 48.690000000000055, 11.549999999999955], "segmentation": [[]], "area": 562.3694999999984, "iscrowd": 0, "category_id": 1, "image_id": 46, "id": 444}, {"bbox": [930.3359165151602, 727.9851578849152, 55.66000000000008, 42.44999999999982], "segmentation": [[]], "area": 2362.7669999999935, "iscrowd": 0, "category_id": 2, "image_id": 46, "id": 445}, {"bbox": [509.6575499411782, 381.4565014530996, 300.0409594422756, 147.80138366093854], "segmentation": [[]], "area": 44346.468960523875, "iscrowd": 0, "category_id": 3, "image_id": 46, "id": 446}, {"bbox": [1110.1232125446336, 381.7760335497094, 300.04095944227583, 147.80138366093865], "segmentation": [[]], "area": 44346.46896052395, "iscrowd": 0, "category_id": 4, "image_id": 46, "id": 447}, {"bbox": [810.062128965418, 381.52566120113283, 300.0409594422756, 147.80138366093877], "segmentation": [[]], "area": 44346.46896052395, "iscrowd": 0, "category_id": 5, "image_id": 46, "id": 448}, {"bbox": [810.1311204331535, 233.400564430087, 299.4841428870063, 147.80138366093865], "segmentation": [[]], "area": 44264.17070320979, "iscrowd": 0, "category_id": 6, "image_id": 46, "id": 449}, {"bbox": [509.7484670736494, 233.36789275458096, 300.0409594422755, 147.8013836609386], "segmentation": [[]], "area": 44346.468960523875, "iscrowd": 0, "category_id": 7, "image_id": 46, "id": 450}, {"bbox": [1109.9232072237482, 233.5121050067239, 300.30551774391915, 147.8013836609387], "segmentation": [[]], "area": 44385.57104356583, "iscrowd": 0, "category_id": 8, "image_id": 46, "id": 451}, {"bbox": [914.3486494548595, 296.40531334308605, 123.26514982899539, 241.5788379916862], "segmentation": [[]], "area": 29778.251660559807, "iscrowd": 0, "category_id": 9, "image_id": 46, "id": 452}, {"bbox": [513.2096226415092, 544.8132075471699, 147.1313167968076, 400.94000000000005], "segmentation": [[]], "area": 58990.83015651205, "iscrowd": 0, "category_id": 10, "image_id": 46, "id": 453}, {"bbox": [934.25, 754.44, 54.67999999999995, 11.649999999999977], "segmentation": [[]], "area": 637.0219999999982, "iscrowd": 0, "category_id": 1, "image_id": 47, "id": 454}, {"bbox": [930.3359165151602, 727.9851578849152, 55.66000000000008, 42.44999999999982], "segmentation": [[]], "area": 2362.7669999999935, "iscrowd": 0, "category_id": 2, "image_id": 47, "id": 455}, {"bbox": [509.6575499411782, 381.4565014530996, 300.0409594422756, 147.80138366093854], "segmentation": [[]], "area": 44346.468960523875, "iscrowd": 0, "category_id": 3, "image_id": 47, "id": 456}, {"bbox": [1110.1232125446336, 381.7760335497094, 300.04095944227583, 147.80138366093865], "segmentation": [[]], "area": 44346.46896052395, "iscrowd": 0, "category_id": 4, "image_id": 47, "id": 457}, {"bbox": [810.062128965418, 381.52566120113283, 300.0409594422756, 147.80138366093877], "segmentation": [[]], "area": 44346.46896052395, "iscrowd": 0, "category_id": 5, "image_id": 47, "id": 458}, {"bbox": [810.1311204331535, 233.400564430087, 299.4841428870063, 147.80138366093865], "segmentation": [[]], "area": 44264.17070320979, "iscrowd": 0, "category_id": 6, "image_id": 47, "id": 459}, {"bbox": [509.7484670736494, 233.36789275458096, 300.0409594422755, 147.8013836609386], "segmentation": [[]], "area": 44346.468960523875, "iscrowd": 0, "category_id": 7, "image_id": 47, "id": 460}, {"bbox": [1109.9232072237482, 233.5121050067239, 300.30551774391915, 147.8013836609387], "segmentation": [[]], "area": 44385.57104356583, "iscrowd": 0, "category_id": 8, "image_id": 47, "id": 461}, {"bbox": [914.3486494548595, 296.40531334308605, 123.26514982899539, 241.5788379916862], "segmentation": [[]], "area": 29778.251660559807, "iscrowd": 0, "category_id": 9, "image_id": 47, "id": 462}, {"bbox": [513.2096226415092, 544.8132075471699, 147.1313167968076, 400.94000000000005], "segmentation": [[]], "area": 58990.83015651205, "iscrowd": 0, "category_id": 10, "image_id": 47, "id": 463}, {"bbox": [926.9906631108026, 750.2809578483855, 63.19623140023259, 51.37156106826092], "segmentation": [[]], "area": 3246.4890606609965, "iscrowd": 0, "category_id": 2, "image_id": 48, "id": 464}, {"bbox": [440.8307800336099, 356.6575895759225, 340.6184993809378, 170.7410862605248], "segmentation": [[]], "area": 58157.57258473122, "iscrowd": 0, "category_id": 3, "image_id": 48, "id": 465}, {"bbox": [1122.7534324702533, 355.9630621337077, 341.85937008726614, 170.6841425021371], "segmentation": [[]], "area": 58349.97343966576, "iscrowd": 0, "category_id": 4, "image_id": 48, "id": 466}, {"bbox": [782.6987917487156, 356.43452259216474, 340.0537380295443, 171.15727645071547], "segmentation": [[]], "area": 58202.6716480219, "iscrowd": 0, "category_id": 5, "image_id": 48, "id": 467}, {"bbox": [781.5137018345774, 184.50420963650305, 341.00028753750735, 171.14580314440218], "segmentation": [[]], "area": 58360.76808307877, "iscrowd": 0, "category_id": 6, "image_id": 48, "id": 468}, {"bbox": [439.9736108431633, 185.4959832765519, 341.35171742238686, 170.98063322709731], "segmentation": [[]], "area": 58364.53279803689, "iscrowd": 0, "category_id": 7, "image_id": 48, "id": 469}, {"bbox": [1122.8772162808646, 184.92413847064014, 341.57282663736464, 171.01175745029266], "segmentation": [[]], "area": 58412.96938051987, "iscrowd": 0, "category_id": 8, "image_id": 48, "id": 470}, {"bbox": [853.8697908213767, 276.77385906134407, 162.1679497612215, 261.4234374374564], "segmentation": [[]], "area": 42394.502868763266, "iscrowd": 0, "category_id": 9, "image_id": 48, "id": 471}, {"bbox": [699.9534599886535, 461.95084386399833, 202.8370515321467, 373.39744926479966], "segmentation": [[]], "area": 75738.8376584963, "iscrowd": 0, "category_id": 10, "image_id": 48, "id": 472}, {"bbox": [790.5749103199455, 721.2232075471697, 329.2120097516006, 66.9455688293317], "segmentation": [[]], "area": 22039.2852582684, "iscrowd": 0, "category_id": 1, "image_id": 49, "id": 473}, {"bbox": [932.08, 725.0, 60.379999999999995, 46.23000000000002], "segmentation": [[]], "area": 2791.367400000001, "iscrowd": 0, "category_id": 2, "image_id": 49, "id": 474}, {"bbox": [509.6575499411782, 381.4565014530996, 300.0409594422756, 147.80138366093854], "segmentation": [[]], "area": 44346.468960523875, "iscrowd": 0, "category_id": 3, "image_id": 49, "id": 475}, {"bbox": [1110.1232125446336, 381.7760335497094, 300.04095944227583, 147.80138366093865], "segmentation": [[]], "area": 44346.46896052395, "iscrowd": 0, "category_id": 4, "image_id": 49, "id": 476}, {"bbox": [810.062128965418, 381.52566120113283, 300.0409594422756, 147.80138366093877], "segmentation": [[]], "area": 44346.46896052395, "iscrowd": 0, "category_id": 5, "image_id": 49, "id": 477}, {"bbox": [810.1311204331535, 233.400564430087, 299.4841428870063, 147.80138366093865], "segmentation": [[]], "area": 44264.17070320979, "iscrowd": 0, "category_id": 6, "image_id": 49, "id": 478}, {"bbox": [509.7484670736494, 233.36789275458096, 300.0409594422755, 147.8013836609386], "segmentation": [[]], "area": 44346.468960523875, "iscrowd": 0, "category_id": 7, "image_id": 49, "id": 479}, {"bbox": [1109.9232072237482, 233.5121050067239, 300.30551774391915, 147.8013836609387], "segmentation": [[]], "area": 44385.57104356583, "iscrowd": 0, "category_id": 8, "image_id": 49, "id": 480}, {"bbox": [903.77, 294.81, 125.47000000000003, 239.62000000000006], "segmentation": [[]], "area": 30065.121400000015, "iscrowd": 0, "category_id": 9, "image_id": 49, "id": 481}, {"bbox": [512.26, 555.19, 127.36000000000001, 389.62], "segmentation": [[]], "area": 49622.00320000001, "iscrowd": 0, "category_id": 10, "image_id": 49, "id": 482}], "categories": [{"id": 1, "name": "circle"}, {"id": 2, "name": "football"}, {"id": 3, "name": "goal-bottom-left"}, {"id": 4, "name": "goal-bottom-right"}, {"id": 5, "name": "goal-middle-down"}, {"id": 6, "name": "goal-middle-up"}, {"id": 7, "name": "goal-top-left"}, {"id": 8, "name": "goal-top-right"}, {"id": 9, "name": "goalkeeper"}, {"id": 10, "name": "player"}]}